User_ID,Session_ID,Event,Timestamp,Device,Region,Channel,Product_Category,Revenue,Bounce_Flag
USR09880,SES09880,Browse,2025-10-21 11:32:37,Desktop,,Social Media,Fashion,0.0,Yes
USR01960,SES01960,CHECKOUT,2025-10-30 12:33:21,Desktop,North,Organic,Electronics,0.0,Yes
USR02833,SES02833,browse,2025-10-20 15:44:58,,South,Social Media,Electronics,0.0,Yes
USR09650,SES09650,purchase,2025-10-22 07:46:03,,North,Google Ads,Fashion,727.17,No
USR02376,SES02376,add to cart,2025-10-23 22:20:59,Tablet,North,Google Ads,Sports,,No
USR02018,SES02018,Browse,2025-10-18 22:12:40,Tablet,East,Organic,Beauty,0.0,Yes
USR06739,SES06739,Add to Cart,2025-10-03 02:15:41,Desktop,West,Email,Home,0.0,Yes
USR03501,SES03501,Browse,2025-10-19 21:57:19,Desktop,,Social Media,Fashion,,Yes
USR08073,SES08073,add to cart,2025-10-16 10:06:11,Desktop,East,Google Ads,Sports,0.0,Yes
USR06262,SES06262,Add to Cart,2025-10-21 07:47:37,Desktop,South,Organic,Home,0.0,Yes
USR05319,SES05319,Browse,10/20/2025,,North,Social Media,Sports,0.0,Yes
USR02003,SES02003,ADD TO CART,2025-10-10 19:08:21,Tablet,West,Email,Fashion,0.0,Yes
USR04444,SES04444,Browse,2025-10-15 03:18:32,,,Google Ads,Electronics,0.0,Yes
USR04699,SES04699,checkout,2025-10-24 20:27:39,Mobile,South,Social Media,Home,0.0,No
USR08601,SES08601,Add to Cart,2025-10-18 06:56:33,,East,Email,Fashion,0.0,Yes
USR07362,SES07362,CHECKOUT,2025-10-11 19:51:39,Mobile,East,Organic,Home,0.0,Yes
USR08192,SES08192,Purchase,2025-10-31 17:54:41,Desktop,West,Social Media,Beauty,270.21,No
USR08894,SES08894,Browse,2025-10-12 23:51:42,Tablet,West,Google Ads,Fashion,0.0,Yes
USR03781,SES03781,Purchase,2025-10-15 01:58:30,Desktop,,Google Ads,Beauty,517.98,No
USR08959,SES08959,checkout,2025-10-27 04:21:31,Tablet,South,Social Media,Beauty,0.0,Yes
USR03100,SES03100,Browse,2025-10-30 22:30:12,Mobile,,Social Media  ,Home,,No
USR07804,SES07804,PURCHASE,2025-10-25 20:04:50,Tablet,South,Google Ads,Fashion,,No
USR02485,SES02485,Checkout,10/20/2025,Desktop,North,Email,Sports,0.0,Yes
USR02889,SES02889,Add to Cart,2025-10-18 12:45:08,Tablet,South,Organic,Home,0.0,Yes
USR09416,SES09416,BROWSE,2025-10-25 20:28:37,Mobile,West,Organic,Fashion,0.0,Yes
USR03923,SES03923,Browse,2025-10-26 14:39:50,Tablet,,Google Ads,Sports,0.0,Yes
USR05557,SES05557,Browse,2025-10-08 18:37:24,Desktop,East,Organic,Home,,No
USR01977,SES01977,Browse,2025-10-18 21:49:33,Desktop,West,Email,Home,0.0,Yes
USR06527,SES06527,Browse,2025-10-16 20:43:48,Tablet,East,Organic,Fashion,0.0,Yes
USR08633,SES08633,Checkout,2025-10-12 01:02:06,Mobile,West,Social Media,Sports,0.0,Yes
USR06912,SES06912,Checkout,2025-10-08 09:57:38,Tablet,West,Google Ads,Fashion,0.0,Yes
USR06776,SES06776,Browse,2025-10-29 07:12:26,Desktop,South,Email,Fashion,0.0,Yes
USR01586,SES01586,Browse,2025-10-19 05:56:03,Desktop,North,Social Media,Fashion,0.0,Yes
USR02836,SES02836,browse,2025-10-30 03:32:52,Desktop,West,Google Ads,Electronics,0.0,Yes
USR03862,SES03862,CHECKOUT,2025-10-21 07:50:03,Desktop,East,Email,Home,0.0,Yes
USR07143,SES07143,Browse,2025-10-05 10:49:57,,East,Organic,Sports,0.0,Yes
USR00693,SES00693,Browse,2025-10-13 01:50:50,Tablet,,Social Media,Sports,0.0,Yes
USR06059,SES06059,Add to Cart,2025-10-25 14:02:10,Tablet,,Social Media,Fashion,0.0,Yes
USR06580,SES06580,add to cart,2025-10-21 01:46:53,,East,Email,Electronics,0.0,Yes
USR03977,SES03977,Checkout,2025-10-22 23:55:59,,,Organic,Electronics,0.0,Yes
USR05193,SES05193,Purchase,2025-10-03 22:04:22,Mobile,North,Email,Electronics,1487.84,No
USR06041,SES06041,Browse,2025-10-22 11:12:48,Mobile,South,Social Media,Fashion,0.0,Yes
USR06255,SES06255,ADD TO CART,2025-10-21 08:19:31,Mobile,West,Email,Sports,0.0,Yes
USR08984,SES08984,checkout,2025-10-12 01:00:02,Mobile,,Organic,Sports,0.0,No
USR05093,SES05093,BROWSE,2025-10-18 20:00:25,Mobile,,Google Ads,Sports,,No
USR04364,SES04364,Add to Cart,2025-10-20 22:32:26,Tablet,West,Organic,Beauty,0.0,Yes
USR00911,SES00911,ADD TO CART,2025-10-18 11:55:53,Tablet,South,Email,Sports,,Yes
USR06633,SES06633,Browse,10/20/2025,Desktop,South,Social Media,Beauty,0.0,Yes
USR01506,SES01506,Browse,2025-10-11 23:38:26,Desktop,West,Google Ads,Fashion,0.0,Yes
USR02529,SES02529,browse,2025-10-29 09:13:41,Tablet,North,Google Ads,Home,0.0,Yes
USR04978,SES04978,Browse,2025-10-28 14:20:16,Mobile,West,Google Ads,Fashion,,Yes
USR00125,SES00125,Add to Cart,2025-10-22 02:46:55,Mobile,East,Google Ads,Sports,999999.0,Yes
USR05451,SES05451,Browse,2025-10-06 00:22:53,Tablet,North,Email,Fashion,0.0,Yes
USR04464,SES04464,CHECKOUT,2025-10-13 10:40:28,,East,Google Ads  ,Fashion,0.0,Yes
USR07072,SES07072,Add to Cart,2025-10-29 00:49:31,Mobile,East,Email,Fashion,0.0,Yes
USR03578,SES03578,Add to Cart,2025-10-03 12:07:05,Desktop,East,Social Media,Electronics,0.0,No
USR07169,SES07169,Checkout,2025-10-08 05:26:18,Desktop,East,Google Ads,Fashion,0.0,Yes
USR06921,SES06921,ADD TO CART,2025-10-23 23:31:58,Tablet,West,Email  ,Electronics,0.0,Yes
USR01460,SES01460,Purchase,10/20/2025,Tablet,East,Google Ads  ,Electronics,,No
USR03757,SES03757,Purchase,2025-10-03 01:47:22,,East,Organic,Fashion,1278.3,No
USR08299,SES08299,Browse,2025-10-15 18:13:07,Desktop,,Social Media,Beauty,0.0,Yes
USR04378,SES04378,BROWSE,2025-10-25 12:25:49,Mobile,West,Social Media,Sports,0.0,Yes
USR00552,SES00552,Checkout,2025-10-16 06:47:58,Desktop,North,Google Ads,Beauty,0.0,Yes
USR00933,SES00933,Add to Cart,2025-10-03 18:37:48,Desktop,East,Organic,Electronics,0.0,Yes
USR07796,SES07796,Checkout,2025-10-19 03:09:03,Mobile,North,Organic,Beauty,999999.0,No
USR03916,SES03916,Add to Cart,2025-10-18 01:46:24,Desktop,West,Google Ads,Electronics,0.0,Yes
USR06959,SES06959,Add to Cart,2025-10-14 05:22:42,,East,Social Media,Sports,0.0,Yes
USR06784,SES06784,Browse,2025-10-25 12:44:43,Mobile,West,Google Ads,Electronics,0.0,Yes
USR07232,SES07232,Add to Cart,2025-10-22 12:18:48,Desktop,North,Email,Sports,0.0,Yes
USR05547,SES05547,Browse,2025-10-04 11:22:53,Desktop,South,Google Ads,Fashion,0.0,Yes
USR00778,SES00778,checkout,2025-10-26 19:00:19,Mobile,West,Email,Electronics,0.0,No
USR03357,SES03357,ADD TO CART,2025-10-19 12:21:04,Desktop,East,Social Media,Beauty,0.0,Yes
USR06264,SES06264,browse,2025-10-10 15:33:25,Mobile,South,Organic,Electronics,0.0,Yes
USR03787,SES03787,Checkout,2025-10-04 10:34:31,Mobile,North,Google Ads,Electronics,0.0,No
USR02384,SES02384,CHECKOUT,2025-10-05 06:15:25,Tablet,West,Google Ads,Electronics,0.0,No
USR01333,SES01333,PURCHASE,10/20/2025,Desktop,South,Email,Fashion,586.89,No
USR05884,SES05884,Add to Cart,2025-10-14 07:10:32,Tablet,North,Social Media,Electronics,0.0,Yes
USR04553,SES04553,BROWSE,2025-10-19 07:36:29,Tablet,West,Email,Sports,0.0,Yes
USR03707,SES03707,Checkout,2025-10-28 19:12:09,Mobile,East,Organic,Home,0.0,Yes
USR03943,SES03943,PURCHASE,2025-10-24 18:35:29,Desktop,North,Google Ads,Home,1623.3,No
USR03901,SES03901,add to cart,2025-10-25 05:16:11,,South,Social Media,Beauty,,Yes
USR06408,SES06408,add to cart,2025-10-23 08:16:11,Mobile,,Organic  ,Electronics,0.0,Yes
USR00479,SES00479,Add to Cart,2025-10-24 01:03:07,,East,Google Ads,Fashion,0.0,Yes
USR07926,SES07926,Purchase,2025-10-04 00:07:56,Tablet,East,Social Media,Beauty,988.76,No
USR09627,SES09627,checkout,2025-10-10 06:35:33,Tablet,West,Social Media,Beauty,0.0,Yes
USR05431,SES05431,BROWSE,10/20/2025,Desktop,,Google Ads,Beauty,0.0,Yes
USR00865,SES00865,Add to Cart,2025-10-22 06:41:53,Mobile,North,Google Ads,Beauty,,Yes
USR02395,SES02395,BROWSE,2025-10-02 07:40:13,Tablet,South,Organic,Beauty,0.0,Yes
USR02976,SES02976,add to cart,2025-10-09 12:50:08,Mobile,,Google Ads,Fashion,0.0,No
USR07448,SES07448,ADD TO CART,2025-10-23 02:11:47,Tablet,South,Organic,Beauty,0.0,Yes
USR01185,SES01185,Browse,2025-10-13 16:33:40,Tablet,South,Social Media,Beauty,0.0,Yes
USR02074,SES02074,Browse,2025-10-05 01:33:04,Tablet,East,Email,Fashion,0.0,Yes
USR06321,SES06321,checkout,2025-10-06 08:09:38,Mobile,South,Organic,Beauty,0.0,No
USR02243,SES02243,Add to Cart,2025-10-20 10:19:28,Mobile,East,Google Ads,Fashion,0.0,Yes
USR09872,SES09872,Browse,2025-10-02 11:11:44,Desktop,East,Google Ads,Electronics,0.0,Yes
USR05255,SES05255,browse,2025-10-08 03:33:41,Desktop,North,Email,Sports,0.0,No
USR05011,SES05011,Add to Cart,2025-10-13 14:08:33,Tablet,North,Google Ads,Sports,0.0,Yes
USR04140,SES04140,Browse,2025-10-12 00:07:46,Desktop,South,Email,Sports,0.0,Yes
USR01598,SES01598,add to cart,2025-10-24 20:33:49,,South,Email,Sports,0.0,Yes
USR01814,SES01814,BROWSE,2025-10-24 16:56:44,Tablet,South,Organic,Electronics,0.0,Yes
USR09148,SES09148,BROWSE,2025-10-23 17:00:15,Tablet,East,Google Ads,Sports,0.0,Yes
USR01334,SES01334,BROWSE,2025-10-09 10:22:44,Tablet,South,Email  ,Sports,0.0,Yes
USR03012,SES03012,add to cart,2025-10-10 19:36:39,Mobile,South,Social Media,Beauty,0.0,Yes
USR05920,SES05920,Purchase,2025-10-02 08:37:36,Mobile,South,Organic  ,Fashion,687.67,No
USR03634,SES03634,checkout,2025-10-21 11:38:22,Desktop,North,Social Media,Fashion,0.0,No
USR07730,SES07730,ADD TO CART,2025-10-06 13:43:13,Tablet,West,Email,Home,0.0,Yes
USR05618,SES05618,Add to Cart,2025-10-08 20:17:16,Tablet,West,Social Media,Sports,0.0,Yes
USR04156,SES04156,Browse,2025-10-22 07:26:58,Mobile,East,Email,Fashion,,Yes
USR05391,SES05391,Browse,2025-10-18 13:27:24,Mobile,West,Social Media,Beauty,0.0,Yes
USR01093,SES01093,Checkout,2025-10-18 12:44:47,Mobile,South,Organic,Fashion,0.0,Yes
USR02181,SES02181,Checkout,2025-10-23 08:00:07,Mobile,West,Social Media,Fashion,0.0,Yes
USR09766,SES09766,BROWSE,2025-10-12 16:22:22,Mobile,West,Email,Sports,0.0,No
USR05779,SES05779,BROWSE,2025-10-15 14:29:13,Desktop,East,Social Media,Beauty,0.0,Yes
USR01901,SES01901,Add to Cart,2025-10-09 21:25:23,Desktop,East,Organic,Electronics,0.0,Yes
USR09038,SES09038,BROWSE,2025-10-20 07:55:18,Desktop,East,Google Ads,Beauty,0.0,No
USR02126,SES02126,Add to Cart,2025-10-17 21:38:16,Tablet,South,Email,Sports,0.0,Yes
USR02484,SES02484,checkout,10/20/2025,Mobile,South,Organic,Electronics,0.0,No
USR08520,SES08520,BROWSE,2025-10-20 21:29:39,Mobile,West,Google Ads,Electronics,0.0,Yes
USR09541,SES09541,Add to Cart,2025-10-04 09:47:05,Desktop,North,Google Ads,Electronics,,Yes
USR06491,SES06491,BROWSE,2025-10-15 23:05:42,,East,Google Ads,Home,0.0,Yes
USR00660,SES00660,Browse,2025-10-19 23:37:28,Tablet,North,Social Media  ,Fashion,,Yes
USR02602,SES02602,browse,2025-10-06 13:13:03,Mobile,North,Email,Fashion,,Yes
USR09799,SES09799,Add to Cart,2025-10-03 08:28:40,Desktop,South,Google Ads,Beauty,0.0,Yes
USR07028,SES07028,ADD TO CART,2025-10-19 09:18:55,,South,Social Media,Electronics,,Yes
USR09253,SES09253,Browse,2025-10-04 09:23:41,Desktop,North,Social Media,Beauty,0.0,Yes
USR09224,SES09224,Add to Cart,2025-10-02 04:43:48,Tablet,,Google Ads,Electronics,0.0,Yes
USR04797,SES04797,Browse,2025-10-27 23:53:30,Mobile,South,Organic,Home,0.0,Yes
USR02621,SES02621,browse,2025-10-16 12:48:03,Mobile,East,Organic,Home,0.0,Yes
USR07336,SES07336,Browse,2025-10-28 07:41:57,Desktop,,Organic,Fashion,0.0,Yes
USR07625,SES07625,BROWSE,2025-10-17 22:08:55,,East,Google Ads,Electronics,0.0,No
USR08357,SES08357,Add to Cart,2025-10-08 18:12:42,Desktop,East,Google Ads,Sports,-99.99,Yes
USR01836,SES01836,ADD TO CART,2025-10-17 23:24:47,,North,Email,Sports,0.0,Yes
USR03336,SES03336,BROWSE,2025-10-28 21:28:37,Tablet,North,Google Ads,Home,0.0,Yes
USR08861,SES08861,Browse,2025-10-22 14:41:45,,South,Email,Home,0.0,Yes
USR06946,SES06946,Browse,2025-10-03 16:26:19,Mobile,North,Social Media,Fashion,0.0,Yes
USR06011,SES06011,BROWSE,2025-10-20 05:39:50,Desktop,East,Organic,Sports,0.0,Yes
USR03268,SES03268,Browse,2025-10-17 11:20:16,Tablet,West,Organic,Beauty,0.0,Yes
USR06486,SES06486,Add to Cart,2025-10-05 15:27:50,,West,Social Media,Electronics,0.0,Yes
USR07758,SES07758,Browse,2025-10-04 07:23:56,,East,Google Ads,Fashion,,Yes
USR02941,SES02941,Browse,2025-10-23 21:26:17,Mobile,West,Google Ads,Fashion,0.0,No
USR05276,SES05276,Browse,2025-10-03 10:45:28,Tablet,North,Social Media,Sports,0.0,Yes
USR02686,SES02686,Checkout,2025-10-13 09:14:57,Desktop,South,Email,Beauty,,No
USR09710,SES09710,Add to Cart,2025-10-21 05:05:47,Desktop,West,Email  ,Fashion,0.0,Yes
USR02896,SES02896,Browse,2025-10-13 11:53:48,Mobile,North,Organic,Home,0.0,Yes
USR06623,SES06623,BROWSE,2025-10-06 21:19:03,Desktop,West,Social Media,Beauty,0.0,Yes
USR06824,SES06824,Add to Cart,2025-10-07 14:51:06,Desktop,South,Google Ads,Sports,0.0,Yes
USR07377,SES07377,Add to Cart,2025-10-17 14:02:15,Tablet,South,Email,Fashion,,No
USR03066,SES03066,ADD TO CART,2025-10-16 01:45:30,Tablet,North,Google Ads,Sports,0.0,No
USR03031,SES03031,ADD TO CART,2025-10-23 04:40:36,Desktop,South,Organic,Electronics,0.0,Yes
USR09956,SES09956,Purchase,2025-10-13 13:32:48,Mobile,East,Email,Home,1617.55,No
USR02086,SES02086,Browse,2025-10-16 12:18:44,Mobile,West,Social Media,Fashion,,Yes
USR01100,SES01100,browse,2025-10-24 12:59:35,Tablet,North,Email  ,Electronics,0.0,Yes
USR02163,SES02163,browse,2025-10-12 19:51:15,Tablet,West,Google Ads,Home,0.0,No
USR02402,SES02402,Add to Cart,2025-10-14 02:27:14,Mobile,West,Email,Sports,0.0,Yes
USR03943,SES03943,CHECKOUT,2025-10-24 18:30:29,Tablet,East,Organic  ,Beauty,,No
USR02189,SES02189,browse,2025-10-23 01:41:31,Mobile,,Email  ,Electronics,0.0,Yes
USR03375,SES03375,browse,2025-10-27 18:02:22,Tablet,West,Organic,Electronics,0.0,Yes
USR00299,SES00299,purchase,2025-10-06 18:04:23,Mobile,West,Organic,Beauty,405.19,No
USR08463,SES08463,Add to Cart,2025-10-14 13:05:47,Tablet,East,Google Ads,Electronics,0.0,Yes
USR07688,SES07688,browse,2025-10-31 14:40:50,Tablet,East,Organic,Sports,0.0,Yes
USR08893,SES08893,purchase,2025-10-11 08:09:35,Tablet,West,Google Ads,Home,1640.06,No
USR09735,SES09735,Add to Cart,2025-10-18 12:55:26,Mobile,West,Google Ads  ,Electronics,,Yes
USR01982,SES01982,browse,2025-10-05 14:53:12,Desktop,West,Social Media,Home,0.0,No
USR06347,SES06347,BROWSE,2025-10-07 02:30:40,Desktop,West,Email,Electronics,0.0,Yes
USR09373,SES09373,Browse,2025-10-02 00:42:27,Tablet,,Social Media,Fashion,0.0,Yes
USR02838,SES02838,Add to Cart,2025-10-13 01:57:41,Tablet,South,Google Ads,Electronics,0.0,Yes
USR02158,SES02158,Checkout,2025-10-11 08:03:28,Mobile,East,Email,Fashion,0.0,Yes
USR06475,SES06475,Browse,2025-10-05 20:25:53,Desktop,South,Social Media,Sports,999999.0,Yes
USR07196,SES07196,Checkout,2025-10-22 00:40:48,Desktop,,Google Ads,Fashion,0.0,No
USR04735,SES04735,Add to Cart,2025-10-15 14:09:45,Mobile,,Social Media,Home,0.0,Yes
USR01928,SES01928,Add to Cart,2025-10-18 06:13:46,,West,Organic,Fashion,0.0,Yes
USR01635,SES01635,ADD TO CART,2025-10-18 17:12:35,Mobile,West,Email,Beauty,,No
USR03028,SES03028,Browse,2025-10-18 15:46:19,Tablet,East,Social Media,Electronics,0.0,Yes
USR05900,SES05900,Browse,2025-10-23 00:19:28,Mobile,South,Organic,Home,0.0,Yes
USR04749,SES04749,Add to Cart,2025-10-10 10:40:40,Tablet,,Organic  ,Beauty,0.0,Yes
USR01151,SES01151,CHECKOUT,2025-10-17 06:16:19,Tablet,South,Google Ads,Home,0.0,Yes
USR02217,SES02217,Checkout,2025-10-31 10:25:37,,West,Google Ads,Sports,0.0,No
USR02607,SES02607,browse,2025-10-13 08:05:33,,South,Google Ads,Beauty,,No
USR07959,SES07959,Browse,2025-10-24 06:30:34,,East,Social Media,Home,0.0,Yes
USR00389,SES00389,Add to Cart,2025-10-13 08:20:37,Desktop,East,Social Media,Beauty,0.0,Yes
USR01769,SES01769,Browse,2025-10-20 01:16:56,,South,Google Ads,Home,0.0,Yes
USR07084,SES07084,Checkout,2025-10-16 03:01:20,Mobile,East,Google Ads,Home,0.0,No
USR07103,SES07103,checkout,2025-10-02 20:07:49,,North,Social Media  ,Home,,Yes
USR09807,SES09807,BROWSE,2025-10-31 06:19:17,Desktop,West,Email,Sports,0.0,Yes
USR05486,SES05486,Browse,2025-10-12 17:53:57,Tablet,North,Social Media,Electronics,0.0,No
USR08932,SES08932,Checkout,2025-10-08 14:52:08,Desktop,South,Organic,Electronics,0.0,Yes
USR00745,SES00745,Browse,2025-10-25 05:27:39,Mobile,North,Google Ads,Beauty,0.0,Yes
USR08462,SES08462,Checkout,2025-10-17 11:19:31,Mobile,North,Organic,Sports,0.0,Yes
USR01319,SES01319,Add to Cart,2025-10-29 07:27:44,Mobile,South,Organic,Electronics,0.0,Yes
USR05245,SES05245,Checkout,2025-10-23 01:07:21,Mobile,West,Organic,Home,0.0,Yes
USR08233,SES08233,Add to Cart,10/20/2025,Desktop,East,Email,Sports,0.0,Yes
USR08870,SES08870,Checkout,2025-10-29 23:18:21,Mobile,East,Social Media,Home,0.0,No
USR06200,SES06200,Checkout,2025-10-12 18:26:30,Desktop,East,Social Media,Home,0.0,No
USR09560,SES09560,Browse,2025-10-22 02:54:22,Tablet,South,Social Media,Home,0.0,No
USR08956,SES08956,Browse,2025-10-18 21:04:01,Mobile,East,Organic,Home,0.0,Yes
USR00655,SES00655,browse,2025-10-30 00:28:58,Tablet,East,Google Ads,Sports,,Yes
USR04190,SES04190,Checkout,2025-10-30 15:38:34,Tablet,North,Email  ,Sports,,Yes
USR09734,SES09734,ADD TO CART,2025-10-23 00:30:03,Desktop,South,Organic,Electronics,0.0,Yes
USR06646,SES06646,Add to Cart,2025-10-15 03:59:54,Mobile,West,Social Media,Beauty,0.0,Yes
USR07499,SES07499,Browse,2025-10-11 14:38:58,Desktop,North,Social Media,Fashion,,Yes
USR07448,SES07448,BROWSE,2025-10-23 02:08:47,Mobile,South,Email,Home,0.0,Yes
USR00893,SES00893,Add to Cart,2025-10-06 10:54:25,Tablet,South,Email,Electronics,0.0,Yes
USR02247,SES02247,Purchase,2025-10-12 17:49:14,Desktop,West,Google Ads,Home,1097.32,No
USR09958,SES09958,Browse,2025-10-23 05:07:13,Tablet,South,Google Ads,Fashion,0.0,Yes
USR08786,SES08786,Browse,2025-10-10 21:14:54,Desktop,East,Organic,Fashion,,Yes
USR07829,SES07829,Purchase,2025-10-04 22:58:29,Tablet,East,Organic,Beauty,326.94,No
USR04200,SES04200,Browse,2025-10-24 17:24:48,Tablet,South,Google Ads,Beauty,0.0,Yes
USR06050,SES06050,Checkout,2025-10-25 23:12:00,Mobile,North,Google Ads,Electronics,0.0,Yes
USR08780,SES08780,Add to Cart,2025-10-24 00:13:46,Mobile,North,Organic,Sports,0.0,Yes
USR07563,SES07563,Browse,10/20/2025,Tablet,West,Social Media,Beauty,0.0,Yes
USR06599,SES06599,browse,2025-10-20 08:26:22,,North,Google Ads,Beauty,0.0,Yes
USR03700,SES03700,Browse,2025-10-05 14:37:37,,West,Social Media,Fashion,0.0,No
USR07586,SES07586,PURCHASE,2025-10-07 13:41:33,,,Google Ads,Electronics,1585.51,No
USR06421,SES06421,Checkout,2025-10-29 11:35:08,Tablet,North,Social Media,Beauty,0.0,Yes
USR07380,SES07380,add to cart,2025-10-07 19:02:01,Desktop,North,Organic,Beauty,0.0,Yes
USR00428,SES00428,browse,2025-10-02 08:34:58,Mobile,West,Organic  ,Beauty,0.0,Yes
USR03255,SES03255,Add to Cart,2025-10-03 14:19:01,Mobile,North,Organic,Electronics,0.0,Yes
USR06706,SES06706,Browse,2025-10-28 01:44:16,Desktop,West,Google Ads,Sports,0.0,Yes
USR07326,SES07326,browse,2025-10-15 09:01:37,Mobile,South,Organic,Home,0.0,Yes
USR09979,SES09979,BROWSE,2025-10-11 04:02:57,Tablet,East,Social Media,Home,0.0,No
USR04456,SES04456,browse,2025-10-09 07:57:02,,West,Organic,Fashion,0.0,Yes
USR01885,SES01885,PURCHASE,2025-10-08 15:40:12,Mobile,East,Organic,Fashion,595.35,No
USR07609,SES07609,Browse,10/20/2025,,North,Email,Beauty,0.0,Yes
USR01923,SES01923,BROWSE,2025-10-22 22:47:02,,East,Email,Sports,0.0,Yes
USR09675,SES09675,Browse,2025-10-18 11:04:43,Tablet,North,Social Media,Beauty,-99.99,Yes
USR04923,SES04923,add to cart,2025-10-31 08:41:45,Mobile,South,Organic,Home,0.0,Yes
USR05587,SES05587,Browse,2025-10-17 10:36:41,Desktop,West,Organic,Home,0.0,Yes
USR00443,SES00443,Browse,2025-10-22 19:23:44,Tablet,,Google Ads,Electronics,0.0,Yes
USR02840,SES02840,ADD TO CART,2025-10-09 15:05:27,Tablet,North,Social Media,Electronics,0.0,Yes
USR09047,SES09047,Browse,2025-10-21 17:39:56,Mobile,West,Social Media,Electronics,,Yes
USR08171,SES08171,Browse,2025-10-14 23:51:14,Desktop,West,Social Media,Sports,-99.99,No
USR01468,SES01468,Browse,2025-10-10 16:41:31,Tablet,,Social Media,Home,0.0,Yes
USR01233,SES01233,checkout,2025-10-03 00:42:09,Tablet,East,Social Media,Beauty,,Yes
USR09635,SES09635,BROWSE,2025-10-09 06:05:32,Mobile,South,Google Ads,Fashion,0.0,Yes
USR03782,SES03782,Browse,2025-10-04 13:30:08,Tablet,East,Social Media,Home,0.0,Yes
USR06178,SES06178,Browse,2025-10-14 11:03:55,Desktop,North,Google Ads,Electronics,0.0,Yes
USR00894,SES00894,Browse,2025-10-23 00:05:41,Desktop,South,Email,Fashion,0.0,Yes
USR01542,SES01542,CHECKOUT,2025-10-22 15:54:16,Mobile,North,Organic,Beauty,0.0,Yes
USR08180,SES08180,Browse,2025-10-13 12:10:12,Mobile,North,Google Ads  ,Fashion,0.0,Yes
USR05683,SES05683,Add to Cart,2025-10-08 02:46:26,Tablet,East,Email,Beauty,0.0,Yes
USR03825,SES03825,Browse,2025-10-29 09:05:31,Tablet,West,Email,Sports,0.0,Yes
USR03594,SES03594,Browse,2025-10-24 22:11:40,Tablet,North,Organic,Beauty,0.0,Yes
USR02095,SES02095,Purchase,2025-10-14 09:04:17,Tablet,,Organic,Beauty,230.41,No
USR00189,SES00189,Browse,2025-10-07 10:08:51,Desktop,East,Organic,Sports,0.0,Yes
USR08080,SES08080,Purchase,2025-10-30 01:14:09,Mobile,,Google Ads,Home,1171.12,No
USR05973,SES05973,Browse,2025-10-03 02:38:45,Tablet,West,Social Media,Electronics,0.0,Yes
USR04311,SES04311,Add to Cart,2025-10-15 08:19:52,,East,Email,Home,0.0,Yes
USR09390,SES09390,Add to Cart,2025-10-29 03:29:40,Mobile,North,Organic,Sports,0.0,Yes
USR02782,SES02782,Checkout,2025-10-13 05:27:05,Desktop,South,Google Ads,Fashion,0.0,Yes
USR05577,SES05577,Add to Cart,2025-10-06 23:19:34,Desktop,East,Organic,Home,0.0,Yes
USR05797,SES05797,purchase,2025-10-09 17:10:05,Desktop,North,Social Media,Fashion,928.11,No
USR09010,SES09010,Add to Cart,2025-10-21 16:24:05,Mobile,West,Organic,Beauty,0.0,Yes
USR05544,SES05544,add to cart,2025-10-14 12:36:44,Tablet,North,Social Media,Fashion,0.0,Yes
USR04028,SES04028,BROWSE,2025-10-17 05:40:37,Mobile,North,Email,Sports,0.0,Yes
USR07031,SES07031,BROWSE,2025-10-25 23:00:18,Tablet,East,Organic,Beauty,,Yes
USR00351,SES00351,BROWSE,2025-10-19 16:33:20,Tablet,,Organic,Beauty,,Yes
USR03083,SES03083,browse,2025-10-09 22:30:19,Tablet,,Social Media,Sports,0.0,Yes
USR03810,SES03810,Browse,2025-10-25 14:52:34,Desktop,North,Social Media,Sports,0.0,Yes
USR02893,SES02893,CHECKOUT,2025-10-22 14:28:07,Mobile,South,Social Media  ,Home,0.0,Yes
USR08932,SES08932,browse,10/20/2025,Tablet,West,Organic,Beauty,0.0,Yes
USR07418,SES07418,browse,2025-10-12 14:17:21,Mobile,South,Email,Electronics,0.0,Yes
USR08791,SES08791,Add to Cart,2025-10-13 19:45:33,Desktop,West,Organic,Fashion,0.0,Yes
USR07764,SES07764,Add to Cart,2025-10-12 17:18:41,Tablet,West,Social Media,Fashion,0.0,Yes
USR05760,SES05760,CHECKOUT,2025-10-12 12:01:12,Tablet,East,Email  ,Home,0.0,Yes
USR04513,SES04513,Add to Cart,2025-10-25 11:28:06,Desktop,South,Social Media  ,Fashion,0.0,Yes
USR00493,SES00493,Add to Cart,2025-10-23 17:09:14,Tablet,West,Google Ads,Sports,0.0,Yes
USR00596,SES00596,Browse,2025-10-02 07:33:46,Desktop,West,Google Ads,Sports,0.0,Yes
USR04634,SES04634,Browse,2025-10-10 14:39:51,Tablet,East,Social Media,Electronics,0.0,Yes
USR06279,SES06279,ADD TO CART,2025-10-11 09:26:19,,South,Email,Sports,0.0,Yes
USR06170,SES06170,Browse,2025-10-21 22:22:57,Desktop,North,Email  ,Home,,Yes
USR03618,SES03618,Checkout,2025-10-08 23:05:30,Tablet,North,Social Media,Beauty,0.0,Yes
USR05056,SES05056,BROWSE,2025-10-03 01:45:30,Mobile,East,Social Media  ,Beauty,0.0,Yes
USR05141,SES05141,add to cart,2025-10-03 01:50:39,Desktop,North,Organic,Beauty,,No
USR01484,SES01484,Browse,2025-10-05 10:52:32,Mobile,South,Google Ads,Fashion,0.0,Yes
USR08782,SES08782,browse,2025-10-22 18:49:01,Tablet,South,Google Ads,Fashion,0.0,Yes
USR02356,SES02356,Checkout,2025-10-31 10:30:49,Desktop,North,Email,Home,0.0,Yes
USR08322,SES08322,BROWSE,2025-10-26 23:17:49,Mobile,North,Social Media,Beauty,,Yes
USR00705,SES00705,browse,2025-10-14 08:52:22,Desktop,North,Google Ads,Home,,Yes
USR08844,SES08844,Add to Cart,2025-10-13 16:17:03,Desktop,East,Google Ads,Electronics,0.0,No
USR04682,SES04682,add to cart,10/20/2025,,West,Social Media,Electronics,0.0,Yes
USR08553,SES08553,Browse,2025-10-15 14:15:12,Tablet,West,Google Ads,Sports,0.0,Yes
USR06723,SES06723,Add to Cart,2025-10-12 11:10:33,,North,Email,Sports,0.0,No
USR02309,SES02309,BROWSE,2025-10-13 11:19:06,,,Email,Electronics,0.0,Yes
USR03418,SES03418,Checkout,2025-10-29 12:29:15,Mobile,North,Social Media,Beauty,,Yes
USR06984,SES06984,Browse,2025-10-03 05:16:44,Desktop,West,Organic,Electronics,0.0,Yes
USR03397,SES03397,CHECKOUT,2025-10-16 07:56:22,Tablet,West,Social Media,Home,0.0,Yes
USR08578,SES08578,Browse,2025-10-29 16:49:56,Desktop,East,Organic,Fashion,0.0,Yes
USR09516,SES09516,ADD TO CART,2025-10-14 17:19:28,Tablet,South,Social Media,Electronics,0.0,Yes
USR00115,SES00115,ADD TO CART,2025-10-09 18:00:46,Desktop,,Google Ads  ,Sports,0.0,Yes
USR04573,SES04573,Browse,2025-10-31 00:59:00,Tablet,East,Organic,Sports,0.0,Yes
USR03300,SES03300,Add to Cart,2025-10-08 22:37:53,Mobile,West,Google Ads,Sports,0.0,Yes
USR06283,SES06283,Browse,2025-10-21 19:46:40,Tablet,West,Organic,Sports,,Yes
USR09870,SES09870,BROWSE,2025-10-26 22:58:57,Mobile,South,Email,Home,,Yes
USR04216,SES04216,Browse,2025-10-24 10:25:21,Tablet,,Google Ads  ,Sports,0.0,Yes
USR08452,SES08452,Browse,2025-10-28 01:11:47,Mobile,South,Social Media,Sports,999999.0,Yes
USR00083,SES00083,browse,2025-10-16 23:48:29,Mobile,East,Social Media,Electronics,0.0,Yes
USR04887,SES04887,Purchase,2025-10-16 13:24:53,Mobile,,Social Media  ,Fashion,1573.97,No
USR02401,SES02401,Add to Cart,2025-10-16 17:59:53,Tablet,,Social Media,Home,0.0,Yes
USR09356,SES09356,Browse,2025-10-23 22:02:26,Tablet,South,Social Media,Sports,0.0,Yes
USR06141,SES06141,Add to Cart,2025-10-29 21:33:00,Desktop,South,Social Media,Beauty,0.0,Yes
USR04382,SES04382,browse,2025-10-09 23:45:36,Mobile,East,Social Media,Electronics,0.0,Yes
USR06167,SES06167,Browse,2025-10-27 05:04:30,Desktop,South,Organic,Home,0.0,No
USR00611,SES00611,browse,2025-10-12 09:10:58,Mobile,North,Organic,Electronics,,Yes
USR09925,SES09925,CHECKOUT,2025-10-03 23:35:14,Mobile,North,Social Media,Beauty,0.0,Yes
USR01989,SES01989,Checkout,2025-10-22 11:15:07,Desktop,West,Google Ads,Beauty,0.0,Yes
USR07650,SES07650,Browse,2025-10-27 21:58:55,Desktop,North,Google Ads  ,Electronics,0.0,Yes
USR05263,SES05263,Browse,10/20/2025,Tablet,West,Email,Home,0.0,Yes
USR05021,SES05021,Add to Cart,2025-10-27 01:02:31,Desktop,South,Email,Fashion,0.0,Yes
USR07078,SES07078,Browse,2025-10-19 20:45:52,Tablet,East,Email  ,Electronics,0.0,Yes
USR03819,SES03819,Browse,2025-10-15 20:14:06,Desktop,North,Social Media,Sports,0.0,Yes
USR01569,SES01569,Add to Cart,2025-10-14 11:44:14,Tablet,West,Social Media,Fashion,0.0,Yes
USR06300,SES06300,Checkout,2025-10-17 00:21:31,Mobile,North,Social Media,Home,-99.99,Yes
USR00197,SES00197,Browse,2025-10-14 10:19:08,Desktop,East,Google Ads,Fashion,0.0,No
USR05784,SES05784,Add to Cart,2025-10-13 21:30:19,,South,Google Ads,Electronics,0.0,Yes
USR08629,SES08629,Browse,2025-10-23 05:19:10,Mobile,South,Google Ads,Home,0.0,Yes
USR07041,SES07041,browse,10/20/2025,Desktop,North,Organic,Electronics,0.0,Yes
USR06552,SES06552,Browse,2025-10-31 12:53:22,Desktop,,Social Media,Electronics,0.0,Yes
USR04532,SES04532,BROWSE,2025-10-10 21:40:31,,West,Email,Electronics,,Yes
USR08123,SES08123,ADD TO CART,2025-10-28 21:34:03,Desktop,East,Email,Sports,0.0,Yes
USR04196,SES04196,Add to Cart,10/20/2025,Tablet,East,Google Ads,Sports,0.0,Yes
USR05258,SES05258,Browse,2025-10-06 17:22:03,Desktop,South,Social Media,Home,0.0,Yes
USR07118,SES07118,checkout,2025-10-11 20:18:30,,South,Email,Beauty,0.0,Yes
USR08344,SES08344,BROWSE,2025-10-06 17:04:07,Desktop,West,Google Ads,Fashion,0.0,Yes
USR02942,SES02942,Browse,2025-10-19 03:42:39,Desktop,,Social Media,Sports,0.0,Yes
USR09780,SES09780,BROWSE,2025-10-27 02:37:28,,West,Social Media,Beauty,0.0,Yes
USR01548,SES01548,add to cart,2025-10-07 00:05:09,Tablet,North,Google Ads,Beauty,0.0,No
USR03970,SES03970,Browse,2025-10-08 20:06:24,Mobile,West,Email,Sports,0.0,Yes
USR03215,SES03215,BROWSE,2025-10-23 14:41:21,Tablet,South,Email,Electronics,0.0,Yes
USR00253,SES00253,Browse,2025-10-16 23:56:59,Desktop,West,Google Ads,Beauty,,Yes
USR00296,SES00296,Browse,2025-10-11 15:57:07,Tablet,East,Social Media,Electronics,0.0,Yes
USR03790,SES03790,Checkout,2025-10-27 09:36:05,Mobile,West,Google Ads,Home,0.0,No
USR04616,SES04616,Add to Cart,2025-10-26 03:26:20,Mobile,East,Google Ads,Home,0.0,No
USR03518,SES03518,add to cart,2025-10-06 04:02:37,Desktop,North,Email,Beauty,0.0,Yes
USR00008,SES00008,Purchase,2025-10-13 13:10:29,Desktop,East,Social Media,Home,304.3,No
USR07390,SES07390,Add to Cart,2025-10-08 16:57:18,Desktop,North,Google Ads,Electronics,0.0,Yes
USR07670,SES07670,BROWSE,2025-10-04 17:12:25,Mobile,,Social Media,Electronics,0.0,Yes
USR04116,SES04116,Add to Cart,2025-10-09 06:35:49,Mobile,East,Google Ads,Electronics,0.0,Yes
USR08151,SES08151,CHECKOUT,2025-10-24 10:42:53,,South,Email,Electronics,,Yes
USR05202,SES05202,Checkout,2025-10-23 02:08:29,Mobile,South,Organic,Electronics,0.0,Yes
USR00526,SES00526,Browse,2025-10-30 22:31:41,Mobile,North,Organic,Sports,0.0,Yes
USR03374,SES03374,Browse,2025-10-12 01:19:51,Tablet,North,Email,Home,0.0,Yes
USR05549,SES05549,Add to Cart,2025-10-22 01:06:44,Tablet,,Google Ads,Sports,0.0,Yes
USR08405,SES08405,browse,2025-10-30 07:26:46,Tablet,North,Email,Electronics,0.0,No
USR03059,SES03059,browse,2025-10-25 14:47:14,Mobile,,Google Ads,Fashion,0.0,Yes
USR09444,SES09444,browse,2025-10-27 00:55:29,Desktop,North,Organic,Fashion,0.0,Yes
USR08431,SES08431,Browse,2025-10-07 07:48:57,Tablet,South,Organic,Electronics,0.0,Yes
USR06701,SES06701,Checkout,2025-10-31 14:30:00,Mobile,East,Social Media,Sports,0.0,Yes
USR06203,SES06203,Add to Cart,2025-10-16 14:58:46,Tablet,East,Organic,Fashion,0.0,Yes
USR00062,SES00062,CHECKOUT,2025-10-28 19:12:39,Tablet,East,Email,Electronics,0.0,No
USR00221,SES00221,checkout,2025-10-31 17:10:27,Desktop,,Organic,Beauty,0.0,Yes
USR07569,SES07569,browse,2025-10-11 12:46:26,Tablet,West,Social Media,Electronics,0.0,Yes
USR08313,SES08313,ADD TO CART,2025-10-11 07:16:53,Mobile,East,Google Ads,Fashion,0.0,Yes
USR03924,SES03924,BROWSE,2025-10-11 18:03:35,Mobile,East,Email,Beauty,0.0,Yes
USR04470,SES04470,PURCHASE,2025-10-19 23:26:44,Desktop,West,Google Ads,Electronics,1835.89,No
USR04023,SES04023,Browse,2025-10-21 10:12:01,Tablet,East,Social Media,Home,0.0,Yes
USR05877,SES05877,ADD TO CART,2025-10-13 16:36:04,,North,Social Media,Electronics,0.0,Yes
USR01397,SES01397,Browse,2025-10-05 06:10:28,Desktop,West,Google Ads,Home,0.0,No
USR05595,SES05595,Browse,2025-10-13 14:53:45,Tablet,North,Email,Sports,,Yes
USR07179,SES07179,CHECKOUT,2025-10-15 00:52:30,Desktop,North,Email,Electronics,0.0,Yes
USR05766,SES05766,Browse,2025-10-04 05:26:35,Desktop,,Social Media  ,Electronics,0.0,Yes
USR05946,SES05946,BROWSE,2025-10-02 03:50:36,Mobile,North,Google Ads,Sports,0.0,Yes
USR02202,SES02202,add to cart,2025-10-09 18:20:43,,South,Google Ads,Fashion,0.0,Yes
USR04179,SES04179,browse,2025-10-28 10:15:52,Desktop,North,Social Media,Fashion,,Yes
USR06786,SES06786,Browse,2025-10-18 19:09:53,Mobile,East,Email,Beauty,0.0,Yes
USR07319,SES07319,Checkout,2025-10-22 19:51:06,Desktop,North,Organic,Sports,0.0,No
USR04450,SES04450,Browse,2025-10-29 16:29:02,Mobile,,Organic,Sports,0.0,Yes
USR01352,SES01352,ADD TO CART,2025-10-07 16:23:53,Tablet,East,Social Media,Fashion,0.0,Yes
USR05249,SES05249,BROWSE,2025-10-31 10:54:30,,East,Social Media,Fashion,0.0,Yes
USR03743,SES03743,Add to Cart,2025-10-25 04:59:52,Tablet,North,Social Media  ,Fashion,0.0,Yes
USR09687,SES09687,checkout,2025-10-11 08:07:31,Desktop,South,Social Media,Electronics,0.0,Yes
USR07138,SES07138,Purchase,2025-10-17 01:19:14,Tablet,West,Organic,Sports,1579.04,No
USR07310,SES07310,Purchase,2025-10-10 13:22:29,Tablet,North,Email,Beauty,1737.5,No
USR05052,SES05052,Checkout,2025-10-04 14:00:10,Tablet,West,Organic,Home,0.0,No
USR04819,SES04819,BROWSE,2025-10-06 11:57:52,Mobile,South,Social Media  ,Sports,0.0,Yes
USR01613,SES01613,ADD TO CART,2025-10-18 20:38:15,Desktop,East,Social Media,Sports,0.0,Yes
USR08030,SES08030,BROWSE,2025-10-24 02:29:02,Tablet,South,Google Ads,Sports,0.0,No
USR02471,SES02471,Browse,2025-10-23 03:23:01,Tablet,East,Social Media,Beauty,,Yes
USR02070,SES02070,browse,2025-10-20 01:08:45,Desktop,West,Social Media,Beauty,0.0,Yes
USR06617,SES06617,Checkout,2025-10-28 17:00:41,,South,Social Media,Fashion,0.0,No
USR07266,SES07266,Add to Cart,2025-10-21 14:00:27,Mobile,,Email,Beauty,0.0,No
USR02743,SES02743,Browse,2025-10-11 10:01:25,Mobile,East,Google Ads,Beauty,0.0,Yes
USR05604,SES05604,ADD TO CART,2025-10-10 17:29:14,Tablet,East,Email,Home,,Yes
USR08448,SES08448,BROWSE,2025-10-16 02:52:21,Mobile,East,Social Media,Electronics,0.0,Yes
USR08297,SES08297,Add to Cart,2025-10-19 00:03:08,Mobile,South,Social Media,Sports,0.0,Yes
USR00324,SES00324,BROWSE,2025-10-22 08:51:22,Tablet,East,Social Media,Electronics,,Yes
USR03392,SES03392,Browse,2025-10-08 03:09:02,Mobile,East,Email,Fashion,,Yes
USR02776,SES02776,Checkout,2025-10-08 21:24:32,,North,Email,Home,0.0,Yes
USR05503,SES05503,Browse,2025-10-16 13:43:20,Tablet,North,Email,Electronics,0.0,Yes
USR07295,SES07295,add to cart,2025-10-11 23:02:53,Tablet,North,Google Ads,Sports,0.0,Yes
USR03710,SES03710,Checkout,2025-10-15 23:36:15,Desktop,East,Social Media,Beauty,0.0,Yes
USR06127,SES06127,Add to Cart,10/20/2025,Tablet,East,Google Ads,Beauty,0.0,Yes
USR08212,SES08212,add to cart,2025-10-10 06:52:16,Tablet,North,Email,Electronics,0.0,Yes
USR03633,SES03633,ADD TO CART,2025-10-20 22:49:59,Desktop,South,Email,Sports,0.0,No
USR07779,SES07779,browse,2025-10-10 22:35:13,Tablet,East,Email,Home,0.0,Yes
USR06091,SES06091,browse,2025-10-13 12:14:03,Tablet,East,Social Media,Sports,999999.0,Yes
USR04051,SES04051,BROWSE,2025-10-14 03:49:53,Desktop,,Social Media,Beauty,0.0,Yes
USR09488,SES09488,Purchase,2025-10-26 14:04:56,Mobile,East,Organic,Electronics,822.06,No
USR07698,SES07698,Browse,2025-10-02 19:38:56,Tablet,North,Google Ads,Beauty,0.0,Yes
USR06310,SES06310,Add to Cart,2025-10-06 17:18:28,Desktop,North,Social Media,Fashion,0.0,Yes
USR04174,SES04174,browse,2025-10-05 06:53:46,Tablet,West,Social Media,Fashion,0.0,Yes
USR05480,SES05480,Browse,2025-10-25 23:28:58,Mobile,West,Google Ads,Home,0.0,No
USR01758,SES01758,browse,2025-10-29 13:32:30,Desktop,East,Email,Fashion,0.0,Yes
USR00385,SES00385,Checkout,2025-10-18 10:49:06,Tablet,North,Organic,Sports,0.0,No
USR06253,SES06253,Add to Cart,2025-10-29 21:23:33,Desktop,North,Google Ads,Sports,0.0,Yes
USR02380,SES02380,Add to Cart,2025-10-18 20:46:03,Tablet,South,Google Ads,Home,0.0,Yes
USR09770,SES09770,Purchase,2025-10-25 06:17:14,Tablet,East,Email  ,Fashion,1017.26,No
USR06610,SES06610,Checkout,2025-10-26 12:52:20,Tablet,,Email,Fashion,0.0,Yes
USR03509,SES03509,Browse,2025-10-22 15:25:53,Tablet,North,Social Media,Sports,0.0,Yes
USR01521,SES01521,Browse,2025-10-03 07:41:02,Tablet,South,Social Media,Sports,0.0,No
USR07428,SES07428,browse,2025-10-23 20:12:22,Mobile,,Email  ,Sports,0.0,No
USR02192,SES02192,Browse,2025-10-22 23:27:24,Tablet,South,Organic  ,Fashion,0.0,Yes
USR06028,SES06028,ADD TO CART,2025-10-11 13:39:23,Desktop,East,Organic,Beauty,0.0,Yes
USR00878,SES00878,Browse,2025-10-28 17:19:19,Mobile,North,Social Media,Beauty,0.0,Yes
USR09836,SES09836,Checkout,2025-10-21 08:38:54,Mobile,West,Social Media,Sports,0.0,Yes
USR09349,SES09349,add to cart,2025-10-16 06:57:18,,East,Organic,Electronics,0.0,Yes
USR04890,SES04890,Purchase,2025-10-25 14:53:18,Desktop,North,Email,Home,-99.99,No
USR09392,SES09392,Add to Cart,2025-10-12 11:59:02,Mobile,West,Social Media,Sports,,Yes
USR09033,SES09033,Purchase,2025-10-27 00:55:00,,South,Email,Beauty,1356.61,No
USR04000,SES04000,BROWSE,2025-10-02 10:01:16,Desktop,West,Organic,Sports,,Yes
USR01365,SES01365,Purchase,2025-10-20 15:24:42,Desktop,East,Organic,Sports,1668.0,No
USR07441,SES07441,browse,2025-10-15 06:02:28,Mobile,South,Google Ads,Beauty,,Yes
USR00054,SES00054,Browse,2025-10-09 07:40:27,Desktop,West,Google Ads,Home,0.0,Yes
USR06075,SES06075,Browse,2025-10-22 06:11:47,Desktop,West,Google Ads,Home,,Yes
USR03629,SES03629,Browse,2025-10-20 02:51:40,Mobile,South,Social Media,Electronics,0.0,Yes
USR07512,SES07512,Checkout,2025-10-16 23:42:14,Mobile,South,Email,Sports,,Yes
USR00182,SES00182,BROWSE,2025-10-18 06:23:10,Mobile,West,Google Ads  ,Home,0.0,Yes
USR02504,SES02504,Browse,2025-10-06 02:21:59,Desktop,,Organic,Beauty,0.0,Yes
USR02088,SES02088,Add to Cart,2025-10-02 11:01:41,Mobile,South,Organic,Fashion,,Yes
USR08291,SES08291,browse,2025-10-30 08:49:36,Tablet,West,Email,Sports,0.0,Yes
USR09352,SES09352,checkout,2025-10-27 16:30:10,Desktop,East,Organic,Sports,0.0,No
USR02372,SES02372,Browse,2025-10-29 12:13:50,Desktop,,Organic,Fashion,0.0,Yes
USR05832,SES05832,Browse,2025-10-19 07:29:09,Mobile,South,Social Media,Electronics,0.0,Yes
USR07778,SES07778,Browse,2025-10-04 04:57:14,Desktop,,Social Media,Electronics,0.0,Yes
USR08184,SES08184,browse,2025-10-13 19:52:53,Desktop,East,Google Ads,Electronics,0.0,Yes
USR07351,SES07351,BROWSE,2025-10-02 09:06:19,Mobile,North,Social Media,Home,,Yes
USR05700,SES05700,Browse,10/20/2025,Mobile,West,Email,Sports,,Yes
USR02559,SES02559,Browse,2025-10-13 09:14:34,Desktop,East,Social Media,Beauty,0.0,Yes
USR09918,SES09918,Browse,2025-10-24 14:29:19,Desktop,West,Social Media,Electronics,-99.99,Yes
USR07445,SES07445,Add to Cart,2025-10-03 11:34:18,Desktop,East,Organic,Beauty,0.0,No
USR05656,SES05656,browse,2025-10-24 21:21:47,Desktop,North,Email,Fashion,0.0,Yes
USR09007,SES09007,Browse,2025-10-23 21:41:19,,,Organic  ,Home,0.0,Yes
USR02449,SES02449,Browse,10/20/2025,Mobile,West,Google Ads,Sports,0.0,Yes
USR05977,SES05977,Add to Cart,2025-10-20 22:10:53,Tablet,West,Social Media  ,Fashion,0.0,Yes
USR03719,SES03719,ADD TO CART,2025-10-20 01:44:57,Mobile,South,Email  ,Home,,Yes
USR06998,SES06998,browse,2025-10-27 03:22:15,Tablet,South,Social Media  ,Electronics,0.0,Yes
USR01136,SES01136,add to cart,2025-10-18 04:26:44,Tablet,West,Google Ads,Electronics,0.0,Yes
USR00831,SES00831,Browse,2025-10-16 10:05:25,Mobile,,Organic,Beauty,0.0,Yes
USR05138,SES05138,Purchase,2025-10-05 09:14:03,Tablet,,Email,Home,863.71,No
USR01579,SES01579,browse,2025-10-28 08:25:10,Mobile,North,Organic,Fashion,0.0,Yes
USR08213,SES08213,ADD TO CART,10/20/2025,Desktop,West,Organic,Beauty,0.0,Yes
USR01070,SES01070,checkout,2025-10-02 02:46:10,Desktop,South,Email  ,Electronics,0.0,Yes
USR03747,SES03747,BROWSE,2025-10-03 20:11:14,Tablet,East,Social Media,Beauty,0.0,Yes
USR04850,SES04850,Checkout,2025-10-07 02:12:14,Tablet,North,Google Ads,Home,0.0,No
USR03852,SES03852,Add to Cart,2025-10-10 01:08:27,Desktop,North,Social Media,Fashion,-99.99,No
USR01255,SES01255,browse,2025-10-30 08:10:39,Desktop,East,Social Media,Beauty,0.0,Yes
USR06983,SES06983,Browse,2025-10-03 19:09:05,Desktop,East,Google Ads,Home,0.0,Yes
USR08654,SES08654,BROWSE,2025-10-05 05:14:24,Mobile,East,Organic,Fashion,0.0,Yes
USR05856,SES05856,CHECKOUT,2025-10-23 17:07:08,Mobile,West,Google Ads,Beauty,0.0,Yes
USR05852,SES05852,Browse,2025-10-05 18:37:57,Desktop,West,Social Media,Sports,0.0,No
USR01003,SES01003,Browse,2025-10-13 21:27:21,Desktop,West,Google Ads,Beauty,0.0,Yes
USR01247,SES01247,Browse,2025-10-27 12:16:47,Mobile,,Email,Sports,0.0,Yes
USR09314,SES09314,Purchase,2025-10-27 03:03:16,Tablet,North,Google Ads,Fashion,746.14,No
USR05347,SES05347,add to cart,10/20/2025,Desktop,West,Email,Electronics,0.0,No
USR04219,SES04219,browse,2025-10-25 16:57:53,Mobile,,Social Media  ,Fashion,0.0,Yes
USR06478,SES06478,Add to Cart,2025-10-10 16:59:15,Desktop,,Email,Electronics,0.0,Yes
USR02809,SES02809,browse,10/20/2025,Tablet,South,Social Media,Fashion,0.0,Yes
USR01005,SES01005,Browse,2025-10-07 07:44:00,,East,Google Ads,Beauty,0.0,Yes
USR07416,SES07416,Add to Cart,2025-10-21 04:53:25,Tablet,East,Organic,Home,0.0,Yes
USR00247,SES00247,Add to Cart,2025-10-04 00:55:18,,West,Organic,Fashion,0.0,Yes
USR00729,SES00729,add to cart,2025-10-13 14:35:57,Mobile,West,Email,Electronics,0.0,Yes
USR01672,SES01672,CHECKOUT,2025-10-16 13:14:51,Mobile,East,Email,Fashion,999999.0,Yes
USR04377,SES04377,Browse,2025-10-16 01:42:12,Tablet,North,Organic,Fashion,0.0,Yes
USR05016,SES05016,PURCHASE,2025-10-06 17:05:59,Mobile,North,Organic,Electronics,1358.24,No
USR08425,SES08425,Add to Cart,2025-10-28 09:53:11,Desktop,North,Organic,Home,0.0,Yes
USR01609,SES01609,browse,10/20/2025,Mobile,North,Organic,Fashion,0.0,Yes
USR01233,SES01233,ADD TO CART,2025-10-03 00:38:09,,East,Social Media,Home,0.0,Yes
USR03523,SES03523,Browse,2025-10-22 01:04:44,Tablet,South,Organic,Electronics,0.0,No
USR04688,SES04688,ADD TO CART,2025-10-21 18:04:02,Tablet,,Social Media,Home,0.0,No
USR09383,SES09383,Checkout,2025-10-05 11:15:30,Desktop,South,Social Media,Electronics,0.0,Yes
USR02432,SES02432,Browse,2025-10-10 20:17:12,Tablet,South,Organic,Home,0.0,Yes
USR03387,SES03387,browse,2025-10-07 20:06:32,Tablet,North,Email,Home,0.0,Yes
USR06515,SES06515,Browse,2025-10-03 00:32:31,Mobile,West,Organic,Home,0.0,Yes
USR07354,SES07354,Browse,2025-10-16 23:56:26,,North,Email  ,Electronics,0.0,Yes
USR06006,SES06006,Checkout,2025-10-21 04:18:09,Tablet,,Email,Home,0.0,Yes
USR02848,SES02848,BROWSE,2025-10-21 06:05:48,Tablet,,Social Media,Sports,0.0,No
USR00665,SES00665,Add to Cart,2025-10-22 14:17:42,Desktop,North,Social Media,Electronics,0.0,Yes
USR03592,SES03592,add to cart,2025-10-12 18:09:37,Desktop,,Organic,Electronics,0.0,Yes
USR05179,SES05179,Browse,2025-10-12 19:01:22,Mobile,South,Social Media,Fashion,0.0,Yes
USR07219,SES07219,Add to Cart,2025-10-16 22:07:14,Desktop,,Organic,Sports,0.0,Yes
USR06326,SES06326,Purchase,2025-10-19 17:02:14,Mobile,North,Google Ads,Sports,500.6,No
USR06604,SES06604,browse,2025-10-07 21:51:04,Desktop,East,Organic,Electronics,0.0,Yes
USR02741,SES02741,Checkout,2025-10-11 18:18:11,Tablet,North,Google Ads,Fashion,0.0,Yes
USR06615,SES06615,Add to Cart,2025-10-26 22:46:18,Tablet,East,Google Ads  ,Fashion,0.0,Yes
USR07249,SES07249,Checkout,2025-10-02 20:40:51,Desktop,South,Email,Home,0.0,Yes
USR06689,SES06689,Browse,2025-10-07 04:33:32,Mobile,West,Organic,Electronics,0.0,Yes
USR01361,SES01361,BROWSE,2025-10-07 07:54:02,Desktop,North,Social Media,Sports,0.0,Yes
USR03251,SES03251,Browse,2025-10-13 00:37:25,Tablet,South,Social Media,Fashion,0.0,Yes
USR03860,SES03860,Browse,2025-10-31 01:57:53,,North,Email,Home,0.0,Yes
USR05425,SES05425,add to cart,2025-10-19 19:33:49,Tablet,North,Organic,Fashion,0.0,No
USR04367,SES04367,Browse,2025-10-15 13:03:33,Desktop,North,Email,Fashion,0.0,Yes
USR04000,SES04000,Add to Cart,2025-10-02 10:04:16,Mobile,West,Email,Sports,0.0,Yes
USR02317,SES02317,Add to Cart,2025-10-07 08:09:36,Desktop,West,Social Media,Fashion,0.0,Yes
USR07760,SES07760,Browse,2025-10-12 17:31:12,Tablet,North,Organic,Electronics,0.0,No
USR07260,SES07260,ADD TO CART,10/20/2025,Desktop,South,Social Media,Home,,Yes
USR07482,SES07482,Add to Cart,2025-10-03 23:26:19,Mobile,South,Email,Fashion,0.0,Yes
USR05086,SES05086,Checkout,2025-10-10 18:00:29,Tablet,West,Google Ads,Electronics,0.0,Yes
USR07369,SES07369,Add to Cart,2025-10-10 20:57:30,Mobile,West,Google Ads,Fashion,0.0,Yes
USR00128,SES00128,ADD TO CART,2025-10-25 00:44:41,Desktop,North,Google Ads,Beauty,0.0,No
USR08959,SES08959,Add to Cart,2025-10-27 04:19:31,,South,Email,Sports,0.0,Yes
USR05970,SES05970,BROWSE,2025-10-31 18:11:46,Desktop,East,Organic,Sports,0.0,Yes
USR02498,SES02498,Checkout,2025-10-28 18:38:48,Tablet,North,Google Ads,Beauty,0.0,Yes
USR00617,SES00617,Add to Cart,2025-10-05 03:24:14,Desktop,North,Social Media,Electronics,0.0,Yes
USR09208,SES09208,Checkout,2025-10-08 16:56:39,Tablet,North,Social Media,Sports,0.0,No
USR02707,SES02707,Browse,2025-10-24 06:35:27,Mobile,West,Email,Fashion,0.0,Yes
USR05400,SES05400,Add to Cart,2025-10-07 15:25:29,Desktop,South,Social Media,Electronics,0.0,Yes
USR08552,SES08552,ADD TO CART,2025-10-23 14:11:16,Tablet,West,Organic,Sports,0.0,Yes
USR06420,SES06420,add to cart,2025-10-07 08:26:37,Mobile,West,Google Ads,Fashion,0.0,Yes
USR04468,SES04468,BROWSE,2025-10-18 00:25:40,,East,Organic,Electronics,0.0,Yes
USR02535,SES02535,Add to Cart,2025-10-30 05:59:57,Tablet,West,Google Ads,Home,0.0,Yes
USR02060,SES02060,Add to Cart,10/20/2025,,West,Organic,Fashion,0.0,No
USR04470,SES04470,Checkout,2025-10-19 23:24:44,Mobile,,Email,Beauty,0.0,No
USR03544,SES03544,Add to Cart,2025-10-16 09:42:03,Tablet,East,Email,Fashion,0.0,Yes
USR02153,SES02153,browse,2025-10-08 21:51:53,Desktop,South,Social Media,Fashion,0.0,Yes
USR00549,SES00549,Browse,2025-10-30 21:44:45,Mobile,West,Social Media,Sports,0.0,Yes
USR09751,SES09751,Purchase,2025-10-19 00:13:39,Tablet,North,Email  ,Electronics,1102.31,No
USR03969,SES03969,Browse,2025-10-04 00:44:12,Tablet,South,Social Media,Electronics,,Yes
USR01293,SES01293,Checkout,2025-10-27 11:40:40,Desktop,South,Social Media,Sports,0.0,No
USR03394,SES03394,Browse,2025-10-14 07:47:59,Tablet,South,Organic  ,Home,0.0,Yes
USR04734,SES04734,Browse,2025-10-20 12:27:58,,West,Google Ads,Fashion,0.0,Yes
USR09785,SES09785,add to cart,2025-10-05 09:53:48,Desktop,West,Email,Electronics,0.0,No
USR09602,SES09602,browse,2025-10-31 04:31:34,,East,Organic,Beauty,0.0,Yes
USR04654,SES04654,add to cart,2025-10-06 05:58:18,Tablet,South,Google Ads,Sports,0.0,Yes
USR09297,SES09297,Browse,2025-10-27 08:01:08,Desktop,East,Email,Home,0.0,Yes
USR07105,SES07105,Browse,2025-10-26 03:53:19,Tablet,East,Social Media,Fashion,0.0,No
USR00016,SES00016,Checkout,2025-10-26 18:03:29,Desktop,West,Google Ads,Sports,0.0,Yes
USR08947,SES08947,browse,2025-10-31 07:11:54,Mobile,North,Organic,Sports,0.0,Yes
USR00325,SES00325,Add to Cart,2025-10-05 19:25:10,Mobile,North,Social Media,Sports,0.0,Yes
USR06967,SES06967,ADD TO CART,2025-10-20 03:11:36,,South,Social Media,Beauty,0.0,Yes
USR00172,SES00172,add to cart,2025-10-05 10:32:14,Desktop,South,Email,Electronics,0.0,Yes
USR09319,SES09319,browse,10/20/2025,Mobile,North,Social Media,Beauty,,Yes
USR09760,SES09760,browse,2025-10-16 17:53:54,Desktop,West,Social Media,Beauty,,No
USR06384,SES06384,Browse,2025-10-24 09:44:54,Tablet,East,Social Media,Beauty,0.0,Yes
USR05391,SES05391,checkout,2025-10-18 13:35:24,Mobile,West,Social Media,Home,0.0,Yes
USR06577,SES06577,Add to Cart,2025-10-09 19:48:38,Desktop,South,Email,Electronics,0.0,No
USR01133,SES01133,Add to Cart,2025-10-16 00:10:48,Desktop,,Email,Fashion,0.0,Yes
USR01453,SES01453,Browse,2025-10-05 16:34:42,,West,Organic,Electronics,,Yes
USR04036,SES04036,Checkout,2025-10-02 23:24:46,Mobile,East,Social Media,Sports,0.0,Yes
USR00627,SES00627,Browse,2025-10-04 15:05:48,Mobile,South,Email,Beauty,0.0,Yes
USR08297,SES08297,Add to Cart,2025-10-19 00:03:08,Mobile,South,Social Media,Sports,0.0,Yes
USR08918,SES08918,ADD TO CART,2025-10-02 16:10:09,Tablet,,Google Ads,Fashion,0.0,No
USR01785,SES01785,Add to Cart,2025-10-04 11:52:19,Tablet,East,Social Media,Electronics,999999.0,Yes
USR08522,SES08522,Add to Cart,2025-10-24 13:56:49,Mobile,,Social Media,Home,0.0,Yes
USR02683,SES02683,Browse,2025-10-20 00:45:12,,South,Organic,Sports,0.0,Yes
USR07067,SES07067,Browse,2025-10-09 13:17:10,Mobile,East,Email,Sports,0.0,Yes
USR04817,SES04817,Add to Cart,2025-10-16 12:39:55,Desktop,North,Email,Home,0.0,Yes
USR06761,SES06761,Browse,2025-10-07 06:29:50,,North,Google Ads,Home,0.0,Yes
USR07450,SES07450,Add to Cart,2025-10-03 03:25:46,,North,Social Media,Beauty,,Yes
USR05930,SES05930,Browse,2025-10-10 06:42:10,Tablet,North,Email,Beauty,0.0,Yes
USR01669,SES01669,Browse,2025-10-27 19:42:58,Mobile,South,Google Ads,Beauty,0.0,Yes
USR04714,SES04714,add to cart,2025-10-22 14:57:38,Mobile,North,Social Media,Electronics,0.0,Yes
USR06221,SES06221,Checkout,2025-10-11 01:40:17,Tablet,West,Email,Home,0.0,Yes
USR04194,SES04194,Checkout,2025-10-12 23:40:45,Mobile,North,Email,Fashion,0.0,Yes
USR07405,SES07405,BROWSE,2025-10-28 19:31:12,Tablet,West,Google Ads,Electronics,0.0,Yes
USR09053,SES09053,Browse,2025-10-16 00:07:19,Desktop,South,Social Media  ,Sports,0.0,Yes
USR00982,SES00982,Browse,2025-10-24 04:44:42,Desktop,West,Email,Electronics,,Yes
USR08195,SES08195,CHECKOUT,2025-10-02 10:40:43,Desktop,East,Google Ads,Home,0.0,Yes
USR08197,SES08197,Purchase,2025-10-19 18:46:57,Desktop,South,Email  ,Fashion,1731.61,No
USR03207,SES03207,browse,2025-10-01 22:31:17,Mobile,East,Organic,Beauty,0.0,Yes
USR08777,SES08777,Add to Cart,2025-10-18 22:33:06,Tablet,East,Social Media,Sports,0.0,Yes
USR01067,SES01067,BROWSE,2025-10-07 14:41:06,Tablet,East,Google Ads,Fashion,0.0,Yes
USR05255,SES05255,CHECKOUT,2025-10-08 03:40:41,Desktop,,Google Ads,Beauty,0.0,No
USR06325,SES06325,Browse,2025-10-20 16:55:40,Desktop,West,Social Media  ,Sports,0.0,Yes
USR09675,SES09675,Add to Cart,2025-10-18 11:09:43,Mobile,,Google Ads,Beauty,0.0,Yes
USR06232,SES06232,Checkout,2025-10-02 16:53:29,Mobile,South,Organic  ,Fashion,0.0,No
USR07878,SES07878,Add to Cart,2025-10-26 01:37:42,Desktop,South,Organic,Fashion,,Yes
USR00063,SES00063,browse,2025-10-04 06:45:35,Mobile,West,Google Ads,Electronics,0.0,Yes
USR01129,SES01129,BROWSE,2025-10-01 20:03:04,Mobile,East,Email,Beauty,0.0,Yes
USR01610,SES01610,Add to Cart,2025-10-05 14:35:23,Mobile,North,Email,Electronics,0.0,Yes
USR03684,SES03684,Add to Cart,2025-10-23 00:06:50,Mobile,North,Social Media,Home,0.0,No
USR03014,SES03014,Browse,2025-10-09 03:40:28,Mobile,South,Social Media,Fashion,0.0,Yes
USR05335,SES05335,browse,2025-10-30 20:49:50,Tablet,East,Organic,Beauty,,No
USR04157,SES04157,browse,2025-10-26 18:04:06,Desktop,South,Google Ads  ,Beauty,0.0,No
USR09553,SES09553,Browse,2025-10-21 08:51:21,Desktop,East,Social Media,Electronics,0.0,No
USR06685,SES06685,BROWSE,2025-10-15 23:36:15,Mobile,West,Social Media,Fashion,0.0,Yes
USR06132,SES06132,BROWSE,2025-10-30 01:38:12,,South,Email,Electronics,0.0,Yes
USR03880,SES03880,Browse,2025-10-08 22:57:26,Mobile,,Social Media,Beauty,0.0,Yes
USR05880,SES05880,add to cart,2025-10-19 15:49:13,Tablet,South,Organic,Sports,0.0,Yes
USR04192,SES04192,BROWSE,2025-10-20 20:28:46,Desktop,West,Email,Electronics,0.0,Yes
USR02110,SES02110,Browse,2025-10-26 20:33:26,Desktop,North,Organic,Beauty,0.0,Yes
USR08222,SES08222,Browse,2025-10-08 22:56:09,Tablet,East,Social Media,Beauty,0.0,Yes
USR03949,SES03949,BROWSE,2025-10-03 15:01:13,Tablet,North,Email,Beauty,999999.0,Yes
USR03158,SES03158,CHECKOUT,2025-10-25 04:16:19,Desktop,North,Google Ads,Electronics,,Yes
USR07792,SES07792,browse,2025-10-13 23:46:13,Tablet,South,Email  ,Sports,0.0,No
USR08871,SES08871,BROWSE,2025-10-29 16:46:18,Tablet,North,Google Ads,Fashion,0.0,Yes
USR09771,SES09771,Add to Cart,2025-10-13 04:40:58,Desktop,South,Social Media,Home,0.0,Yes
USR01727,SES01727,Browse,2025-10-18 09:41:25,Mobile,North,Organic,Sports,0.0,Yes
USR06148,SES06148,Browse,2025-10-04 12:02:24,Mobile,,Google Ads,Home,0.0,Yes
USR01420,SES01420,ADD TO CART,2025-10-22 07:27:05,Tablet,North,Social Media,Beauty,0.0,Yes
USR06094,SES06094,Browse,2025-10-25 00:27:57,Tablet,South,Social Media,Electronics,0.0,Yes
USR01717,SES01717,CHECKOUT,2025-10-30 22:31:28,Desktop,North,Email,Electronics,0.0,No
USR09418,SES09418,Browse,2025-10-11 16:12:15,Tablet,West,Social Media,Fashion,0.0,Yes
USR05543,SES05543,Browse,2025-10-29 05:40:28,Tablet,South,Email,Fashion,,Yes
USR03106,SES03106,checkout,2025-10-25 04:56:44,Mobile,West,Google Ads,Sports,0.0,Yes
USR04608,SES04608,BROWSE,2025-10-28 23:15:37,Desktop,South,Social Media,Electronics,0.0,Yes
USR08803,SES08803,Add to Cart,2025-10-21 17:23:06,Tablet,North,Email,Beauty,0.0,Yes
USR03689,SES03689,Checkout,2025-10-06 07:20:37,Tablet,West,Organic,Beauty,0.0,Yes
USR03981,SES03981,Add to Cart,2025-10-14 19:27:46,Mobile,South,Google Ads,Beauty,0.0,No
USR08223,SES08223,Add to Cart,2025-10-20 06:56:57,Tablet,West,Google Ads,Fashion,0.0,Yes
USR06517,SES06517,Browse,2025-10-29 07:14:40,Desktop,East,Social Media,Electronics,0.0,Yes
USR09191,SES09191,BROWSE,10/20/2025,Tablet,West,Email,Home,0.0,Yes
USR02662,SES02662,Browse,2025-10-13 09:03:16,,West,Organic,Fashion,0.0,Yes
USR00857,SES00857,BROWSE,2025-10-31 08:11:31,Tablet,,Organic,Sports,0.0,Yes
USR07236,SES07236,BROWSE,2025-10-31 15:43:25,Mobile,South,Google Ads,Home,0.0,Yes
USR07964,SES07964,Add to Cart,2025-10-04 19:28:02,Tablet,East,Email,Beauty,0.0,Yes
USR08235,SES08235,Add to Cart,2025-10-12 00:21:49,Tablet,West,Email  ,Electronics,0.0,Yes
USR04912,SES04912,add to cart,2025-10-18 09:55:02,Tablet,East,Google Ads,Fashion,0.0,Yes
USR04511,SES04511,Add to Cart,2025-10-29 17:31:43,Mobile,West,Email,Beauty,0.0,Yes
USR06726,SES06726,Browse,2025-10-12 18:34:55,Desktop,South,Google Ads,Sports,0.0,Yes
USR00995,SES00995,browse,2025-10-24 04:46:24,Desktop,South,Email,Beauty,0.0,Yes
USR07799,SES07799,browse,2025-10-03 12:23:31,Tablet,East,Email,Home,0.0,No
USR04112,SES04112,Checkout,2025-10-25 09:47:50,Mobile,West,Organic,Beauty,0.0,No
USR06034,SES06034,Add to Cart,2025-10-19 15:31:22,Tablet,,Social Media,Sports,,Yes
USR01617,SES01617,Browse,2025-10-02 04:11:40,Mobile,North,Google Ads,Electronics,0.0,Yes
USR05437,SES05437,browse,2025-10-03 15:22:36,Desktop,,Organic,Fashion,,Yes
USR07709,SES07709,browse,2025-10-10 20:37:08,Desktop,West,Google Ads,Sports,0.0,Yes
USR05020,SES05020,add to cart,2025-10-26 05:40:21,Desktop,,Organic,Fashion,0.0,Yes
USR09996,SES09996,Add to Cart,2025-10-24 13:49:03,Tablet,South,Social Media,Home,-99.99,No
USR02688,SES02688,BROWSE,2025-10-28 07:06:17,Desktop,,Organic,Beauty,0.0,Yes
USR01363,SES01363,Checkout,2025-10-27 19:25:44,Tablet,South,Social Media,Home,0.0,Yes
USR01776,SES01776,Add to Cart,2025-10-23 22:41:25,,North,Email,Sports,0.0,Yes
USR06217,SES06217,BROWSE,2025-10-25 12:01:19,Tablet,,Google Ads,Home,0.0,No
USR05007,SES05007,BROWSE,10/20/2025,Tablet,East,Social Media  ,Home,0.0,Yes
USR07914,SES07914,Add to Cart,2025-10-26 21:04:49,Tablet,North,Social Media,Electronics,0.0,No
USR05003,SES05003,BROWSE,2025-10-27 09:52:10,Desktop,West,Social Media,Beauty,0.0,No
USR02120,SES02120,Browse,2025-10-20 02:56:38,Mobile,South,Google Ads  ,Home,0.0,Yes
USR05308,SES05308,Add to Cart,2025-10-11 20:41:38,Mobile,,Google Ads,Home,,Yes
USR00732,SES00732,BROWSE,10/20/2025,Tablet,North,Email,Beauty,999999.0,No
USR00402,SES00402,CHECKOUT,2025-10-23 09:42:32,Desktop,West,Organic  ,Fashion,0.0,No
USR00860,SES00860,CHECKOUT,2025-10-31 02:40:21,Desktop,North,Social Media,Home,0.0,Yes
USR00870,SES00870,BROWSE,2025-10-18 03:19:32,Desktop,South,Social Media,Electronics,0.0,Yes
USR02544,SES02544,Checkout,2025-10-26 10:19:01,Tablet,South,Google Ads,Home,0.0,Yes
USR08468,SES08468,Browse,2025-10-11 09:48:25,Mobile,South,Organic,Fashion,0.0,Yes
USR04375,SES04375,Browse,2025-10-24 02:51:18,,North,Social Media,Beauty,0.0,Yes
USR04894,SES04894,browse,2025-10-07 22:18:49,Tablet,West,Google Ads,Fashion,0.0,Yes
USR02415,SES02415,Add to Cart,2025-10-19 18:04:19,Mobile,,Email,Electronics,0.0,Yes
USR03262,SES03262,Browse,2025-10-24 12:54:37,,West,Organic,Home,0.0,Yes
USR09463,SES09463,Add to Cart,2025-10-02 05:43:53,,North,Social Media  ,Electronics,0.0,Yes
USR05253,SES05253,BROWSE,2025-10-29 23:34:07,,North,Organic,Fashion,0.0,Yes
USR03474,SES03474,Browse,10/20/2025,Tablet,East,Email  ,Sports,0.0,Yes
USR07011,SES07011,Add to Cart,2025-10-17 14:44:13,Tablet,,Social Media,Home,0.0,No
USR05306,SES05306,Add to Cart,2025-10-23 09:13:55,Desktop,North,Organic,Home,0.0,Yes
USR09974,SES09974,BROWSE,2025-10-28 15:21:13,Desktop,North,Organic  ,Electronics,0.0,Yes
USR08383,SES08383,Add to Cart,2025-10-08 12:28:40,Tablet,East,Social Media,Sports,,Yes
USR04285,SES04285,Add to Cart,2025-10-26 23:30:17,Mobile,,Organic,Electronics,,Yes
USR09472,SES09472,Browse,2025-10-24 11:03:33,Desktop,North,Email,Electronics,0.0,Yes
USR00230,SES00230,Add to Cart,2025-10-20 10:26:24,Tablet,South,Google Ads,Fashion,0.0,Yes
USR04171,SES04171,browse,2025-10-25 09:03:06,Mobile,West,Social Media,Fashion,0.0,Yes
USR03349,SES03349,BROWSE,2025-10-13 03:18:20,Desktop,North,Social Media,Home,0.0,Yes
USR06225,SES06225,Add to Cart,2025-10-06 19:17:22,,West,Google Ads,Beauty,0.0,No
USR03685,SES03685,Add to Cart,2025-10-24 02:31:28,Mobile,North,Google Ads,Electronics,0.0,Yes
USR08185,SES08185,BROWSE,2025-10-04 04:07:37,Mobile,East,Google Ads,Home,0.0,Yes
USR06645,SES06645,Checkout,2025-10-13 00:24:40,Desktop,West,Google Ads,Home,0.0,No
USR01044,SES01044,browse,2025-10-30 04:58:54,Desktop,South,Email,Home,0.0,Yes
USR01875,SES01875,BROWSE,2025-10-16 07:12:24,Tablet,East,Google Ads,Home,0.0,Yes
USR04060,SES04060,Add to Cart,2025-10-06 23:24:28,Mobile,South,Email,Beauty,0.0,Yes
USR01486,SES01486,Browse,2025-10-17 05:01:53,Mobile,West,Social Media,Sports,0.0,No
USR00621,SES00621,Checkout,2025-10-30 11:40:23,Mobile,North,Social Media,Sports,0.0,Yes
USR03981,SES03981,Purchase,2025-10-14 19:35:46,Mobile,North,Email,Home,1263.67,No
USR07028,SES07028,Browse,2025-10-19 09:14:55,Tablet,,Organic,Sports,0.0,Yes
USR09590,SES09590,checkout,2025-10-09 16:45:44,Desktop,South,Google Ads,Sports,0.0,Yes
USR07902,SES07902,BROWSE,2025-10-15 12:58:42,Mobile,West,Email,Fashion,0.0,No
USR01040,SES01040,ADD TO CART,2025-10-30 07:33:42,Mobile,East,Email,Beauty,0.0,Yes
USR04943,SES04943,Browse,2025-10-25 19:29:15,Desktop,South,Social Media,Home,0.0,Yes
USR07857,SES07857,Checkout,2025-10-15 22:33:40,Tablet,West,Social Media,Electronics,,Yes
USR01018,SES01018,Browse,2025-10-18 04:04:35,Tablet,East,Email,Electronics,0.0,Yes
USR07814,SES07814,Browse,2025-10-19 01:11:24,Desktop,East,Organic,Beauty,0.0,Yes
USR03518,SES03518,Checkout,10/20/2025,Tablet,East,Email,Fashion,0.0,Yes
USR09171,SES09171,Browse,2025-10-14 07:22:12,Desktop,South,Email,Fashion,0.0,Yes
USR08758,SES08758,Browse,2025-10-12 20:51:47,Desktop,South,Social Media,Electronics,0.0,Yes
USR00420,SES00420,add to cart,2025-10-16 21:57:15,Mobile,West,Social Media,Home,0.0,Yes
USR00688,SES00688,Checkout,2025-10-24 04:07:16,Tablet,East,Google Ads  ,Sports,0.0,Yes
USR09987,SES09987,Add to Cart,2025-10-20 01:47:04,,West,Organic,Electronics,0.0,Yes
USR02071,SES02071,browse,2025-10-03 03:02:32,Mobile,East,Social Media  ,Home,0.0,Yes
USR05044,SES05044,Browse,2025-10-29 09:04:37,Tablet,West,Social Media,Home,0.0,Yes
USR04132,SES04132,Checkout,2025-10-02 22:30:49,,North,Google Ads,Beauty,0.0,No
USR02793,SES02793,add to cart,2025-10-15 14:55:39,Desktop,West,Google Ads,Electronics,0.0,Yes
USR08037,SES08037,browse,2025-10-21 01:50:07,Mobile,South,Organic,Fashion,0.0,Yes
USR08515,SES08515,Add to Cart,2025-10-18 22:39:18,Mobile,,Email,Beauty,0.0,Yes
USR03853,SES03853,Browse,2025-10-31 03:06:01,Desktop,East,Organic,Sports,0.0,Yes
USR06323,SES06323,ADD TO CART,2025-10-13 21:57:00,Mobile,,Organic,Electronics,0.0,Yes
USR05030,SES05030,Browse,2025-10-28 02:51:09,Desktop,North,Social Media,Sports,0.0,Yes
USR06713,SES06713,Add to Cart,10/20/2025,Mobile,West,Social Media  ,Beauty,0.0,Yes
USR06796,SES06796,browse,10/20/2025,Tablet,West,Social Media,Sports,0.0,Yes
USR01339,SES01339,CHECKOUT,2025-10-06 18:22:00,Mobile,South,Google Ads  ,Home,0.0,Yes
USR00320,SES00320,BROWSE,2025-10-23 19:23:54,Desktop,,Social Media,Fashion,0.0,Yes
USR06361,SES06361,Checkout,2025-10-01 22:40:55,Desktop,North,Google Ads,Fashion,0.0,Yes
USR00061,SES00061,ADD TO CART,2025-10-02 19:23:58,Desktop,East,Email,Beauty,0.0,Yes
USR08638,SES08638,Browse,10/20/2025,Tablet,South,Google Ads,Home,0.0,Yes
USR08130,SES08130,Add to Cart,2025-10-15 09:50:58,Desktop,,Google Ads,Beauty,0.0,Yes
USR09708,SES09708,Browse,2025-10-22 23:23:18,Mobile,North,Email,Beauty,0.0,Yes
USR09311,SES09311,Add to Cart,2025-10-13 07:22:43,Desktop,West,Social Media,Electronics,0.0,Yes
USR04136,SES04136,checkout,2025-10-31 16:41:17,Desktop,West,Email,Sports,0.0,Yes
USR04641,SES04641,add to cart,2025-10-09 20:26:50,Desktop,North,Organic,Home,0.0,No
USR00145,SES00145,Browse,2025-10-12 16:40:54,Desktop,East,Email,Beauty,,Yes
USR07056,SES07056,add to cart,2025-10-13 05:44:36,Tablet,South,Email,Beauty,,Yes
USR08949,SES08949,ADD TO CART,2025-10-12 10:01:45,Tablet,North,Google Ads,Electronics,0.0,No
USR04194,SES04194,Add to Cart,2025-10-12 23:38:45,Desktop,South,Organic,Fashion,0.0,Yes
USR05899,SES05899,Browse,2025-10-12 23:15:47,Desktop,South,Social Media  ,Fashion,0.0,Yes
USR09132,SES09132,Browse,2025-10-31 04:06:28,Desktop,,Google Ads,Home,-99.99,Yes
USR04553,SES04553,Add to Cart,2025-10-19 07:38:29,Desktop,North,Organic  ,Home,,Yes
USR05475,SES05475,add to cart,2025-10-26 13:09:06,Mobile,East,Social Media,Sports,0.0,Yes
USR08501,SES08501,Browse,10/20/2025,Mobile,East,Social Media  ,Sports,0.0,Yes
USR06828,SES06828,Browse,2025-10-23 18:10:41,Desktop,East,Social Media,Fashion,0.0,Yes
USR05852,SES05852,ADD TO CART,2025-10-05 18:42:57,Desktop,North,Organic,Home,0.0,No
USR05348,SES05348,Add to Cart,2025-10-07 20:06:27,Tablet,East,Google Ads,Beauty,0.0,No
USR09569,SES09569,Add to Cart,2025-10-28 12:53:27,Mobile,North,Email  ,Fashion,0.0,Yes
USR06592,SES06592,Browse,2025-10-06 22:47:10,Tablet,East,Google Ads,Sports,0.0,No
USR02538,SES02538,Browse,2025-10-16 12:28:43,,East,Social Media,Beauty,0.0,No
USR03528,SES03528,BROWSE,2025-10-28 11:52:35,Mobile,,Social Media,Electronics,,Yes
USR02714,SES02714,Browse,2025-10-14 23:39:17,Mobile,South,Google Ads,Fashion,0.0,No
USR09558,SES09558,Browse,10/20/2025,Mobile,East,Email,Sports,0.0,Yes
USR00474,SES00474,Browse,2025-10-08 14:38:22,Desktop,West,Google Ads  ,Sports,0.0,Yes
USR01054,SES01054,BROWSE,2025-10-20 14:53:48,Mobile,North,Email,Beauty,0.0,Yes
USR01237,SES01237,BROWSE,2025-10-25 12:24:36,Tablet,South,Google Ads,Electronics,0.0,Yes
USR05094,SES05094,Add to Cart,2025-10-02 02:50:26,Tablet,West,Organic,Home,0.0,Yes
USR05932,SES05932,Add to Cart,2025-10-20 13:38:33,Tablet,South,Social Media,Beauty,0.0,Yes
USR03697,SES03697,add to cart,2025-10-28 23:07:34,,West,Google Ads,Home,0.0,Yes
USR08346,SES08346,ADD TO CART,2025-10-06 16:32:34,Mobile,East,Email,Beauty,0.0,Yes
USR08311,SES08311,BROWSE,2025-10-20 23:45:46,Desktop,North,Email,Beauty,0.0,Yes
USR05795,SES05795,browse,2025-10-22 02:41:18,Desktop,West,Social Media,Sports,0.0,Yes
USR08110,SES08110,Browse,2025-10-10 11:55:34,Mobile,North,Google Ads,Sports,0.0,Yes
USR06505,SES06505,Browse,2025-10-04 23:59:36,Mobile,East,Organic,Electronics,0.0,Yes
USR05470,SES05470,checkout,2025-10-28 21:18:57,Tablet,East,Email,Electronics,0.0,Yes
USR07042,SES07042,browse,2025-10-13 00:51:08,Desktop,South,Social Media,Beauty,0.0,Yes
USR04689,SES04689,Add to Cart,2025-10-03 22:33:21,Mobile,East,Organic,Electronics,,Yes
USR01192,SES01192,Browse,2025-10-16 21:26:17,,,Google Ads,Sports,0.0,No
USR06987,SES06987,Add to Cart,2025-10-06 18:40:42,Mobile,North,Email,Home,0.0,Yes
USR06246,SES06246,Purchase,2025-10-28 20:29:53,Tablet,East,Google Ads  ,Fashion,1553.64,No
USR07113,SES07113,Browse,2025-10-16 22:15:45,,,Social Media,Fashion,0.0,No
USR00301,SES00301,add to cart,2025-10-31 19:25:15,,,Organic,Home,0.0,Yes
USR03880,SES03880,Checkout,2025-10-08 23:06:26,Mobile,North,Google Ads,Beauty,0.0,Yes
USR03092,SES03092,Browse,2025-10-13 05:02:17,,East,Google Ads,Electronics,0.0,Yes
USR03342,SES03342,browse,2025-10-20 11:12:15,Mobile,East,Social Media,Fashion,0.0,Yes
USR05958,SES05958,add to cart,2025-10-16 16:50:01,Mobile,North,Organic,Home,,Yes
USR02132,SES02132,Add to Cart,2025-10-23 23:41:45,Tablet,North,Organic,Electronics,0.0,No
USR00589,SES00589,ADD TO CART,2025-10-10 02:26:02,Tablet,West,Email,Sports,0.0,Yes
USR07927,SES07927,BROWSE,2025-10-03 05:50:38,Mobile,North,Google Ads,Beauty,0.0,Yes
USR08511,SES08511,Purchase,2025-10-10 15:04:29,Desktop,West,Email,Sports,404.98,No
USR07886,SES07886,BROWSE,2025-10-23 17:19:39,Mobile,West,Organic,Home,0.0,Yes
USR02107,SES02107,Add to Cart,2025-10-18 20:27:02,Tablet,North,Email,Sports,0.0,No
USR00676,SES00676,Browse,2025-10-28 21:39:05,Desktop,South,Email,Fashion,0.0,Yes
USR08329,SES08329,Add to Cart,2025-10-04 17:25:55,Tablet,West,Email,Home,0.0,Yes
USR05630,SES05630,BROWSE,2025-10-15 07:09:51,Mobile,West,Google Ads,Fashion,0.0,Yes
USR05104,SES05104,checkout,10/20/2025,Desktop,South,Google Ads,Home,-99.99,No
USR08863,SES08863,ADD TO CART,2025-10-15 21:30:15,Mobile,East,Social Media,Home,0.0,Yes
USR04231,SES04231,BROWSE,2025-10-14 03:47:37,Mobile,East,Organic,Fashion,0.0,Yes
USR05202,SES05202,Checkout,2025-10-23 02:08:29,Mobile,South,Organic,Electronics,0.0,Yes
USR04836,SES04836,browse,2025-10-31 13:03:37,Mobile,North,Email,Fashion,0.0,Yes
USR05591,SES05591,browse,2025-10-10 00:32:21,Mobile,North,Email,Beauty,0.0,Yes
USR07396,SES07396,Checkout,2025-10-20 18:16:46,,West,Email,Sports,0.0,No
USR06793,SES06793,browse,2025-10-23 04:40:50,,,Social Media,Home,0.0,No
USR09352,SES09352,Browse,2025-10-27 16:21:10,Mobile,,Organic,Sports,,No
USR06052,SES06052,Browse,2025-10-24 07:10:36,Mobile,North,Google Ads  ,Electronics,0.0,Yes
USR06301,SES06301,Add to Cart,2025-10-23 01:07:28,Tablet,North,Social Media,Electronics,0.0,Yes
USR04066,SES04066,Purchase,2025-10-16 20:54:05,,West,Organic,Fashion,1457.58,No
USR01584,SES01584,Browse,2025-10-21 01:17:44,Desktop,West,Email,Sports,0.0,No
USR07281,SES07281,CHECKOUT,2025-10-17 11:48:41,,East,Google Ads,Sports,0.0,Yes
USR06334,SES06334,Checkout,2025-10-02 13:39:43,Mobile,North,Email,Home,,No
USR04247,SES04247,Checkout,2025-10-23 13:28:34,Desktop,North,Google Ads,Electronics,0.0,No
USR07324,SES07324,add to cart,2025-10-09 02:59:40,,West,Organic,Electronics,0.0,Yes
USR07022,SES07022,Browse,2025-10-18 10:56:54,Tablet,North,Google Ads,Beauty,0.0,Yes
USR04277,SES04277,BROWSE,2025-10-23 22:50:54,Desktop,South,Organic,Beauty,0.0,Yes
USR05694,SES05694,add to cart,2025-10-29 01:14:19,Mobile,West,Email,Electronics,0.0,Yes
USR02301,SES02301,Browse,2025-10-09 14:50:25,Mobile,South,Organic,Fashion,,Yes
USR05883,SES05883,Browse,2025-10-09 21:52:44,Desktop,East,Organic,Home,0.0,Yes
USR07436,SES07436,Add to Cart,2025-10-29 04:04:40,Tablet,North,Google Ads,Sports,0.0,Yes
USR02921,SES02921,BROWSE,2025-10-27 14:41:11,,North,Email,Beauty,0.0,Yes
USR02050,SES02050,Checkout,2025-10-29 10:37:28,Tablet,West,Social Media,Fashion,0.0,No
USR00650,SES00650,Add to Cart,2025-10-11 06:29:37,Desktop,East,Organic,Beauty,,No
USR05235,SES05235,add to cart,2025-10-09 09:28:43,Desktop,East,Organic,Sports,0.0,Yes
USR03880,SES03880,Checkout,2025-10-08 23:06:26,Mobile,North,Google Ads,Beauty,0.0,Yes
USR07799,SES07799,Purchase,2025-10-03 12:37:31,Desktop,North,Google Ads,Beauty,1077.39,No
USR00134,SES00134,browse,2025-10-24 21:25:48,Tablet,West,Email,Sports,0.0,Yes
USR01808,SES01808,add to cart,2025-10-23 17:20:11,Tablet,,Social Media,Beauty,0.0,No
USR00536,SES00536,Browse,2025-10-10 21:27:32,Tablet,South,Email,Sports,0.0,Yes
USR04971,SES04971,checkout,2025-10-06 13:15:19,Tablet,South,Google Ads,Beauty,0.0,No
USR03823,SES03823,Browse,2025-10-11 22:30:13,Tablet,West,Social Media,Fashion,0.0,Yes
USR01608,SES01608,add to cart,2025-10-26 09:59:05,Mobile,North,Social Media,Fashion,0.0,Yes
USR08129,SES08129,PURCHASE,2025-10-27 23:27:44,Mobile,West,Google Ads,Home,1789.51,No
USR04625,SES04625,Add to Cart,2025-10-20 18:35:08,Desktop,South,Email,Beauty,0.0,Yes
USR01351,SES01351,Add to Cart,2025-10-28 23:58:13,Mobile,South,Organic,Electronics,0.0,Yes
USR00994,SES00994,Browse,2025-10-19 09:34:45,Desktop,East,Social Media,Fashion,0.0,No
USR09765,SES09765,Browse,2025-10-18 15:16:24,Tablet,West,Social Media,Home,0.0,Yes
USR05515,SES05515,Add to Cart,2025-10-31 09:09:29,,South,Email  ,Beauty,0.0,Yes
USR00385,SES00385,PURCHASE,2025-10-18 10:54:06,,South,Email,Home,1403.43,No
USR04615,SES04615,Browse,2025-10-24 13:29:14,Desktop,South,Social Media,Sports,0.0,Yes
USR04826,SES04826,BROWSE,2025-10-22 15:28:45,,South,Email,Home,0.0,Yes
USR01945,SES01945,Add to Cart,2025-10-09 13:30:57,,West,Social Media,Electronics,0.0,Yes
USR07574,SES07574,Browse,2025-10-20 07:34:31,Tablet,West,Google Ads,Electronics,0.0,Yes
USR00088,SES00088,add to cart,2025-10-30 05:15:02,Tablet,West,Social Media,Electronics,,Yes
USR04851,SES04851,Purchase,2025-10-14 07:12:48,Tablet,,Organic,Home,1178.4,No
USR06072,SES06072,Checkout,2025-10-29 18:38:36,,North,Email,Fashion,0.0,Yes
USR06117,SES06117,Browse,2025-10-29 04:02:21,Mobile,,Organic,Home,0.0,Yes
USR08090,SES08090,Browse,2025-10-21 07:39:53,Desktop,South,Google Ads,Fashion,0.0,Yes
USR01531,SES01531,BROWSE,2025-10-25 06:45:05,Mobile,East,Email,Home,0.0,Yes
USR02576,SES02576,Add to Cart,2025-10-11 15:36:54,Desktop,East,Organic,Fashion,0.0,No
USR00691,SES00691,ADD TO CART,2025-10-05 10:59:53,Desktop,West,Google Ads,Home,-99.99,Yes
USR01250,SES01250,add to cart,2025-10-07 04:41:08,Tablet,North,Email,Home,0.0,Yes
USR08497,SES08497,Add to Cart,2025-10-17 05:05:10,Tablet,East,Organic,Sports,0.0,Yes
USR00249,SES00249,Add to Cart,2025-10-28 02:44:20,,East,Google Ads,Fashion,0.0,Yes
USR09811,SES09811,ADD TO CART,2025-10-02 09:44:13,Mobile,West,Organic,Electronics,0.0,Yes
USR05608,SES05608,Checkout,2025-10-24 11:27:49,Desktop,South,Organic  ,Fashion,0.0,No
USR06020,SES06020,Browse,2025-10-25 18:37:51,Tablet,West,Google Ads,Fashion,0.0,Yes
USR00236,SES00236,Browse,2025-10-12 10:43:40,Desktop,South,Email,Electronics,0.0,No
USR09915,SES09915,BROWSE,2025-10-03 22:29:03,Tablet,North,Social Media,Electronics,0.0,Yes
USR08853,SES08853,Add to Cart,2025-10-30 11:51:49,Desktop,East,Google Ads,Electronics,0.0,Yes
USR08198,SES08198,Add to Cart,2025-10-06 13:08:42,Desktop,,Social Media,Sports,0.0,Yes
USR03259,SES03259,Browse,2025-10-28 15:26:17,Tablet,West,Social Media,Sports,,Yes
USR03293,SES03293,Add to Cart,2025-10-08 01:31:09,Tablet,East,Social Media,Sports,0.0,Yes
USR08729,SES08729,Add to Cart,2025-10-09 06:22:39,,North,Email,Fashion,,Yes
USR02862,SES02862,Add to Cart,2025-10-26 20:07:42,Mobile,East,Organic,Electronics,0.0,Yes
USR07948,SES07948,PURCHASE,2025-10-22 16:40:28,Mobile,South,Google Ads,Fashion,309.99,No
USR03147,SES03147,BROWSE,2025-10-22 04:46:52,,East,Email,Electronics,0.0,Yes
USR02515,SES02515,checkout,10/20/2025,Mobile,West,Organic  ,Sports,,No
USR09979,SES09979,PURCHASE,2025-10-11 04:11:57,Tablet,West,Social Media  ,Electronics,533.4,No
USR05436,SES05436,add to cart,2025-10-15 08:47:30,Mobile,North,Email  ,Fashion,0.0,Yes
USR03339,SES03339,Browse,2025-10-05 13:40:49,Desktop,West,Organic,Beauty,0.0,Yes
USR06710,SES06710,BROWSE,2025-10-27 04:27:28,Mobile,North,Social Media,Home,0.0,Yes
USR04065,SES04065,Browse,2025-10-14 22:51:51,Mobile,East,Social Media  ,Sports,0.0,Yes
USR01155,SES01155,Checkout,2025-10-26 09:32:07,Desktop,West,Social Media  ,Fashion,,Yes
USR09319,SES09319,checkout,2025-10-13 12:10:33,Desktop,East,Email,Beauty,0.0,Yes
USR08593,SES08593,Add to Cart,2025-10-08 12:22:03,Desktop,,Google Ads,Beauty,0.0,No
USR05854,SES05854,Add to Cart,2025-10-30 23:02:10,Mobile,South,Email,Home,0.0,Yes
USR09201,SES09201,Add to Cart,2025-10-26 06:22:53,Mobile,East,Email,Home,0.0,Yes
USR09585,SES09585,BROWSE,2025-10-18 18:28:51,Mobile,South,Email,Electronics,0.0,Yes
USR05091,SES05091,Add to Cart,2025-10-15 08:08:30,Tablet,West,Social Media,Fashion,0.0,Yes
USR03777,SES03777,Add to Cart,2025-10-02 22:59:04,Mobile,South,Google Ads  ,Electronics,0.0,No
USR04405,SES04405,add to cart,2025-10-18 05:13:00,Mobile,,Social Media,Fashion,0.0,Yes
USR06440,SES06440,Add to Cart,2025-10-17 13:42:11,Mobile,West,Google Ads,Electronics,0.0,Yes
USR05655,SES05655,Browse,2025-10-22 10:05:16,,West,Organic,Home,0.0,Yes
USR01842,SES01842,PURCHASE,10/20/2025,Mobile,South,Email,Fashion,1257.55,No
USR05728,SES05728,browse,2025-10-13 16:07:49,Tablet,North,Social Media,Fashion,,Yes
USR04831,SES04831,Browse,2025-10-19 07:56:10,Tablet,West,Email,Beauty,,Yes
USR05916,SES05916,Browse,2025-10-07 22:53:37,Desktop,East,Social Media,Electronics,0.0,Yes
USR04757,SES04757,Add to Cart,2025-10-14 15:36:58,Desktop,South,Email,Fashion,0.0,No
USR05578,SES05578,Add to Cart,2025-10-25 08:37:56,Mobile,North,Social Media,Fashion,0.0,Yes
USR04219,SES04219,ADD TO CART,2025-10-25 16:59:53,Desktop,South,Organic,Fashion,0.0,Yes
USR08669,SES08669,Browse,2025-10-31 08:18:41,Desktop,North,Google Ads,Sports,,Yes
USR07580,SES07580,Checkout,2025-10-17 03:58:27,Mobile,East,Organic  ,Home,,No
USR07426,SES07426,Browse,2025-10-15 11:26:33,Desktop,East,Google Ads,Home,0.0,Yes
USR00949,SES00949,BROWSE,2025-10-10 22:03:14,Mobile,East,Google Ads,Home,0.0,Yes
USR07932,SES07932,BROWSE,2025-10-28 00:57:46,Tablet,West,Organic,Electronics,0.0,Yes
USR09690,SES09690,Browse,2025-10-22 01:43:11,Tablet,South,Google Ads,Electronics,0.0,No
USR08525,SES08525,BROWSE,2025-10-12 01:25:34,Desktop,South,Email,Electronics,0.0,Yes
USR02533,SES02533,Browse,2025-10-07 17:53:31,Tablet,South,Google Ads,Home,,Yes
USR06974,SES06974,Add to Cart,2025-10-27 04:29:14,Tablet,South,Social Media  ,Home,0.0,Yes
USR01148,SES01148,Add to Cart,2025-10-26 01:11:21,Desktop,East,Organic  ,Electronics,0.0,Yes
USR08541,SES08541,checkout,10/20/2025,Tablet,East,Google Ads,Home,0.0,Yes
USR06462,SES06462,Browse,2025-10-21 01:24:17,Mobile,East,Organic,Home,0.0,Yes
USR00776,SES00776,Add to Cart,10/20/2025,Mobile,West,Google Ads,Electronics,0.0,Yes
USR03817,SES03817,BROWSE,2025-10-19 16:06:50,Desktop,West,Organic,Sports,0.0,Yes
USR06769,SES06769,CHECKOUT,2025-10-17 01:16:38,Mobile,North,Organic,Electronics,0.0,Yes
USR09602,SES09602,Add to Cart,2025-10-31 04:34:34,Desktop,North,Google Ads,Sports,0.0,Yes
USR06857,SES06857,CHECKOUT,2025-10-23 05:03:39,,West,Email  ,Sports,0.0,Yes
USR02489,SES02489,checkout,2025-10-16 01:22:04,Mobile,West,Google Ads  ,Home,0.0,Yes
USR06306,SES06306,Browse,2025-10-07 02:32:46,Tablet,East,Email,Home,0.0,Yes
USR02909,SES02909,Checkout,2025-10-07 10:51:38,Desktop,North,Email,Sports,0.0,No
USR06177,SES06177,Browse,2025-10-28 14:49:11,Tablet,South,Social Media  ,Home,0.0,Yes
USR06816,SES06816,Browse,2025-10-12 07:44:15,Tablet,South,Email,Beauty,999999.0,Yes
USR00112,SES00112,ADD TO CART,2025-10-10 00:27:10,Tablet,East,Social Media,Home,,Yes
USR05069,SES05069,add to cart,2025-10-20 02:39:22,Tablet,,Social Media,Sports,0.0,Yes
USR09622,SES09622,Browse,10/20/2025,,East,Organic,Sports,0.0,Yes
USR03924,SES03924,Add to Cart,2025-10-11 18:08:35,,North,Organic,Home,0.0,Yes
USR05072,SES05072,BROWSE,2025-10-31 07:52:15,Mobile,West,Google Ads,Fashion,0.0,Yes
USR02124,SES02124,Add to Cart,2025-10-16 23:40:18,Desktop,East,Google Ads,Home,0.0,No
USR06860,SES06860,Browse,2025-10-08 21:36:54,Desktop,East,Google Ads  ,Fashion,0.0,Yes
USR02666,SES02666,ADD TO CART,2025-10-21 10:59:23,Mobile,East,Organic,Fashion,,No
USR03849,SES03849,Browse,2025-10-17 01:41:05,Desktop,West,Email  ,Electronics,0.0,Yes
USR00907,SES00907,Browse,2025-10-13 07:09:28,Mobile,North,Organic,Beauty,0.0,Yes
USR01733,SES01733,Browse,2025-10-06 17:52:22,,North,Email,Beauty,0.0,Yes
USR05269,SES05269,Browse,2025-10-12 00:07:49,Mobile,East,Organic,Beauty,,Yes
USR05106,SES05106,BROWSE,2025-10-09 01:49:45,Mobile,South,Google Ads,Fashion,0.0,Yes
USR05480,SES05480,Purchase,2025-10-25 23:36:58,Tablet,East,Email,Sports,999999.0,No
USR09750,SES09750,Add to Cart,2025-10-09 21:07:17,Tablet,South,Organic,Fashion,0.0,Yes
USR00046,SES00046,Browse,10/20/2025,Tablet,East,Email,Electronics,0.0,Yes
USR05381,SES05381,Browse,2025-10-14 20:01:10,Tablet,South,Organic,Fashion,0.0,Yes
USR06222,SES06222,CHECKOUT,2025-10-25 15:05:59,Mobile,West,Social Media  ,Electronics,,Yes
USR04281,SES04281,Add to Cart,2025-10-26 03:35:56,Mobile,East,Social Media,Home,0.0,Yes
USR08001,SES08001,Checkout,2025-10-13 02:27:48,Tablet,North,Social Media,Sports,0.0,No
USR04881,SES04881,browse,2025-10-31 13:20:21,Mobile,North,Social Media,Home,0.0,Yes
USR02073,SES02073,CHECKOUT,2025-10-24 07:38:27,Mobile,West,Email,Electronics,0.0,Yes
USR03599,SES03599,BROWSE,2025-10-24 21:09:43,Mobile,West,Email,Fashion,0.0,Yes
USR05530,SES05530,ADD TO CART,2025-10-02 10:49:50,Tablet,,Social Media,Beauty,,No
USR02991,SES02991,browse,2025-10-02 17:12:13,,,Social Media,Fashion,0.0,Yes
USR01754,SES01754,CHECKOUT,2025-10-20 15:54:57,Tablet,West,Social Media,Home,0.0,Yes
USR03697,SES03697,Browse,2025-10-28 23:03:34,Tablet,East,Organic,Fashion,0.0,Yes
USR05901,SES05901,Add to Cart,2025-10-23 11:29:37,Mobile,West,Google Ads,Fashion,0.0,Yes
USR02473,SES02473,Browse,2025-10-25 02:49:57,Tablet,North,Organic  ,Fashion,0.0,Yes
USR04340,SES04340,Checkout,2025-10-08 02:13:03,Tablet,East,Social Media,Home,0.0,Yes
USR09660,SES09660,add to cart,2025-10-10 13:38:18,Tablet,West,Social Media,Sports,0.0,Yes
USR08134,SES08134,Browse,2025-10-23 07:42:34,Tablet,East,Email,Beauty,0.0,Yes
USR02810,SES02810,ADD TO CART,2025-10-05 05:21:01,Tablet,West,Google Ads,Electronics,0.0,Yes
USR09522,SES09522,Add to Cart,2025-10-25 10:37:27,Tablet,East,Google Ads,Home,0.0,No
USR03144,SES03144,Browse,2025-10-15 04:13:07,Tablet,North,Email,Home,0.0,Yes
USR08202,SES08202,browse,2025-10-08 03:28:44,Tablet,East,Email,Fashion,,Yes
USR02388,SES02388,Add to Cart,2025-10-26 15:51:09,Mobile,North,Social Media  ,Electronics,0.0,Yes
USR01530,SES01530,purchase,2025-10-25 16:56:29,,,Email,Home,-99.99,No
USR03626,SES03626,Add to Cart,2025-10-07 21:02:33,Mobile,North,Organic,Electronics,0.0,Yes
USR06561,SES06561,browse,2025-10-06 08:11:27,Desktop,South,Email,Sports,0.0,Yes
USR01869,SES01869,add to cart,10/20/2025,Tablet,North,Email,Fashion,0.0,Yes
USR06102,SES06102,Browse,2025-10-03 18:10:56,Tablet,North,Organic,Sports,0.0,Yes
USR08240,SES08240,Browse,2025-10-31 16:48:18,Tablet,East,Email,Fashion,0.0,Yes
USR05185,SES05185,Checkout,2025-10-26 23:30:56,Tablet,,Email,Home,0.0,Yes
USR06344,SES06344,Add to Cart,2025-10-12 00:48:19,Tablet,South,Email,Sports,0.0,Yes
USR04912,SES04912,Browse,2025-10-18 09:52:02,Mobile,West,Email,Fashion,0.0,Yes
USR04542,SES04542,Add to Cart,2025-10-09 11:50:40,Desktop,North,Google Ads,Beauty,0.0,No
USR06215,SES06215,Browse,2025-10-25 18:53:28,Mobile,North,Organic,Beauty,0.0,Yes
USR00293,SES00293,Add to Cart,2025-10-10 05:12:18,Tablet,South,Social Media,Fashion,,Yes
USR09828,SES09828,BROWSE,2025-10-27 12:38:58,Tablet,North,Google Ads,Home,0.0,Yes
USR09976,SES09976,Browse,2025-10-26 13:24:59,Tablet,,Google Ads,Sports,0.0,Yes
USR03820,SES03820,Browse,10/20/2025,Tablet,North,Social Media,Fashion,0.0,Yes
USR00067,SES00067,Add to Cart,2025-10-11 07:35:15,Desktop,West,Email,Sports,0.0,Yes
USR03510,SES03510,Checkout,2025-10-03 07:08:32,Desktop,South,Social Media,Beauty,0.0,Yes
USR02011,SES02011,browse,2025-10-31 16:29:28,Tablet,South,Social Media,Home,,Yes
USR05751,SES05751,Add to Cart,2025-10-26 03:51:39,Tablet,West,Social Media,Beauty,0.0,Yes
USR02766,SES02766,Add to Cart,2025-10-23 19:01:25,,East,Google Ads  ,Electronics,0.0,Yes
USR06270,SES06270,Browse,2025-10-20 18:05:27,Mobile,East,Email,Electronics,0.0,Yes
USR08870,SES08870,Browse,2025-10-29 23:10:21,Mobile,South,Email,Beauty,0.0,No
USR09913,SES09913,checkout,2025-10-26 15:08:37,Mobile,East,Organic,Fashion,,Yes
USR05939,SES05939,CHECKOUT,2025-10-14 14:37:06,Desktop,West,Social Media,Electronics,0.0,Yes
USR03066,SES03066,Checkout,2025-10-16 01:48:30,Mobile,East,Google Ads,Beauty,,No
USR05429,SES05429,Add to Cart,2025-10-19 21:18:54,Desktop,South,Google Ads,Beauty,0.0,Yes
USR05117,SES05117,Add to Cart,2025-10-09 09:17:43,,South,Organic  ,Fashion,0.0,Yes
USR00022,SES00022,add to cart,2025-10-12 05:32:26,Mobile,East,Google Ads,Sports,0.0,Yes
USR06033,SES06033,add to cart,10/20/2025,Desktop,North,Email  ,Home,0.0,Yes
USR01300,SES01300,Add to Cart,2025-10-25 08:46:55,Mobile,North,Email,Sports,0.0,Yes
USR03326,SES03326,Browse,2025-10-12 14:42:40,Desktop,East,Google Ads,Electronics,0.0,Yes
USR05400,SES05400,BROWSE,2025-10-07 15:23:29,Desktop,South,Google Ads,Beauty,0.0,Yes
USR03159,SES03159,ADD TO CART,10/20/2025,Mobile,,Organic,Fashion,0.0,Yes
USR04287,SES04287,BROWSE,2025-10-14 12:51:13,Desktop,West,Email,Home,0.0,Yes
USR06497,SES06497,Checkout,10/20/2025,Desktop,North,Google Ads,Home,0.0,No
USR04552,SES04552,Browse,2025-10-24 10:00:17,Desktop,South,Organic,Home,0.0,Yes
USR03851,SES03851,Browse,2025-10-14 19:17:38,Mobile,West,Email,Electronics,,Yes
USR06581,SES06581,Browse,2025-10-10 12:03:18,Tablet,North,Email,Fashion,0.0,Yes
USR05018,SES05018,add to cart,2025-10-20 20:45:26,Mobile,South,Social Media,Beauty,0.0,Yes
USR00462,SES00462,Add to Cart,2025-10-25 14:51:53,Desktop,South,Google Ads,Beauty,0.0,Yes
USR01065,SES01065,Browse,2025-10-25 15:34:51,,South,Google Ads,Fashion,,Yes
USR08623,SES08623,Add to Cart,2025-10-27 04:01:45,,East,Email,Electronics,0.0,Yes
USR08841,SES08841,Add to Cart,2025-10-18 22:30:51,,South,Social Media,Home,0.0,Yes
USR09810,SES09810,Browse,2025-10-11 15:07:37,Mobile,North,Organic,Beauty,0.0,Yes
USR05352,SES05352,Add to Cart,2025-10-04 09:41:15,,East,Social Media,Sports,0.0,Yes
USR02910,SES02910,Checkout,2025-10-23 09:01:35,Desktop,South,Email,Home,0.0,Yes
USR07121,SES07121,PURCHASE,2025-10-07 17:47:23,Desktop,South,Social Media,Sports,304.44,No
USR02419,SES02419,Browse,2025-10-07 06:51:09,Desktop,East,Google Ads,Home,0.0,Yes
USR04952,SES04952,checkout,2025-10-24 01:08:49,Desktop,East,Organic  ,Sports,,Yes
USR01678,SES01678,Browse,2025-10-09 20:33:21,Tablet,,Google Ads,Beauty,0.0,Yes
USR05699,SES05699,Browse,2025-10-08 02:54:01,Tablet,North,Organic,Home,0.0,Yes
USR03225,SES03225,Checkout,2025-10-21 12:46:45,Mobile,South,Organic,Home,0.0,Yes
USR08906,SES08906,browse,2025-10-10 02:58:01,Mobile,West,Social Media,Electronics,999999.0,Yes
USR04399,SES04399,add to cart,2025-10-09 00:26:07,Desktop,North,Social Media,Home,0.0,Yes
USR06541,SES06541,Browse,2025-10-04 21:02:45,Mobile,West,Google Ads,Home,0.0,Yes
USR05330,SES05330,Add to Cart,2025-10-18 21:51:15,Tablet,,Email,Home,0.0,Yes
USR04279,SES04279,Browse,2025-10-06 19:30:33,Desktop,North,Organic,Beauty,0.0,Yes
USR04641,SES04641,Purchase,2025-10-09 20:33:50,Desktop,North,Social Media,Electronics,1558.3,No
USR01056,SES01056,Browse,2025-10-05 01:39:49,,East,Organic,Beauty,0.0,Yes
USR01887,SES01887,ADD TO CART,2025-10-11 19:23:42,Tablet,West,Google Ads  ,Beauty,0.0,Yes
USR02842,SES02842,Browse,2025-10-06 05:18:26,Tablet,North,Google Ads,Home,0.0,Yes
USR03482,SES03482,Browse,2025-10-12 22:50:55,Desktop,West,Organic,Beauty,0.0,Yes
USR01650,SES01650,Browse,2025-10-04 21:46:00,Mobile,West,Google Ads,Fashion,0.0,Yes
USR01595,SES01595,browse,2025-10-04 12:09:55,Mobile,West,Organic,Electronics,0.0,No
USR09419,SES09419,Add to Cart,2025-10-12 12:31:49,Mobile,South,Google Ads,Sports,,Yes
USR01281,SES01281,BROWSE,2025-10-11 20:59:21,Tablet,South,Google Ads  ,Beauty,0.0,Yes
USR02775,SES02775,Checkout,2025-10-17 13:28:28,Tablet,West,Google Ads,Electronics,0.0,No
USR00205,SES00205,CHECKOUT,2025-10-18 20:55:38,,West,Social Media,Fashion,,Yes
USR00182,SES00182,Checkout,2025-10-18 06:29:10,Desktop,West,Social Media,Beauty,,Yes
USR09578,SES09578,Purchase,2025-10-27 23:55:04,Tablet,East,Google Ads,Electronics,1336.82,No
USR02417,SES02417,BROWSE,2025-10-08 09:49:03,Tablet,South,Organic,Home,,Yes
USR03407,SES03407,Add to Cart,2025-10-23 07:31:07,Mobile,South,Google Ads,Fashion,0.0,Yes
USR07643,SES07643,BROWSE,2025-10-27 23:02:57,Desktop,West,Social Media,Fashion,0.0,Yes
USR00791,SES00791,Browse,2025-10-21 10:00:39,Desktop,South,Social Media,Electronics,0.0,Yes
USR04985,SES04985,add to cart,2025-10-16 18:02:09,,West,Social Media,Sports,0.0,Yes
USR09038,SES09038,ADD TO CART,2025-10-20 07:59:18,Tablet,West,Google Ads,Fashion,0.0,No
USR07343,SES07343,browse,2025-10-04 17:41:42,Mobile,North,Google Ads,Electronics,0.0,No
USR00838,SES00838,Checkout,2025-10-05 21:41:34,Desktop,West,Social Media  ,Home,,No
USR03378,SES03378,Browse,10/20/2025,Desktop,West,Organic,Fashion,0.0,Yes
USR04370,SES04370,ADD TO CART,2025-10-07 02:35:37,Desktop,West,Organic,Fashion,,Yes
USR09548,SES09548,Browse,2025-10-18 08:20:56,Desktop,West,Social Media,Beauty,0.0,Yes
USR08338,SES08338,Checkout,2025-10-31 15:03:47,Mobile,North,Google Ads,Beauty,0.0,Yes
USR03074,SES03074,Add to Cart,2025-10-12 03:52:41,Desktop,West,Email,Fashion,0.0,Yes
USR00056,SES00056,Browse,2025-10-12 03:30:45,Tablet,,Email,Sports,0.0,Yes
USR02909,SES02909,Add to Cart,2025-10-07 10:46:38,Mobile,,Google Ads,Beauty,0.0,No
USR03298,SES03298,Add to Cart,2025-10-24 12:41:00,Desktop,West,Google Ads,Home,0.0,Yes
USR06987,SES06987,Browse,2025-10-06 18:36:42,Mobile,North,Google Ads,Home,0.0,Yes
USR05717,SES05717,Browse,2025-10-10 17:42:32,,East,Google Ads,Beauty,0.0,No
USR08031,SES08031,browse,2025-10-14 20:21:57,Desktop,,Organic,Sports,0.0,Yes
USR06923,SES06923,add to cart,2025-10-29 09:03:56,Tablet,West,Google Ads,Home,0.0,Yes
USR00311,SES00311,Browse,2025-10-23 13:27:05,Desktop,South,Organic,Sports,0.0,Yes
USR08485,SES08485,ADD TO CART,2025-10-12 15:25:43,Tablet,South,Social Media,Fashion,0.0,Yes
USR07918,SES07918,Checkout,2025-10-19 17:33:02,Mobile,,Organic,Beauty,0.0,Yes
USR02016,SES02016,Browse,2025-10-22 02:05:47,Desktop,West,Email,Home,0.0,Yes
USR07930,SES07930,ADD TO CART,2025-10-21 06:12:55,Mobile,West,Google Ads,Electronics,0.0,Yes
USR08373,SES08373,Checkout,2025-10-19 06:13:03,Tablet,West,Email,Beauty,0.0,Yes
USR05426,SES05426,Browse,2025-10-06 12:14:57,Desktop,West,Email,Beauty,0.0,Yes
USR08447,SES08447,Browse,2025-10-31 02:01:32,Tablet,West,Organic,Beauty,0.0,Yes
USR07097,SES07097,checkout,10/20/2025,Mobile,North,Google Ads,Home,0.0,No
USR00586,SES00586,Browse,2025-10-29 02:29:46,Desktop,East,Google Ads,Beauty,0.0,Yes
USR07920,SES07920,Browse,2025-10-21 19:03:29,Mobile,South,Social Media,Beauty,0.0,Yes
USR02627,SES02627,Add to Cart,2025-10-24 22:11:39,Mobile,East,Social Media,Electronics,0.0,Yes
USR07390,SES07390,add to cart,10/20/2025,Desktop,North,Google Ads,Electronics,0.0,Yes
USR04640,SES04640,Add to Cart,2025-10-11 14:34:37,Mobile,,Google Ads,Home,0.0,No
USR09516,SES09516,CHECKOUT,2025-10-14 17:23:28,,North,Social Media,Fashion,,Yes
USR01044,SES01044,CHECKOUT,2025-10-30 05:02:54,Tablet,South,Google Ads,Fashion,0.0,Yes
USR08855,SES08855,Purchase,2025-10-18 14:06:04,Mobile,South,Google Ads,Electronics,1249.31,No
USR05374,SES05374,browse,2025-10-04 21:23:04,Desktop,East,Email,Sports,0.0,Yes
USR04637,SES04637,ADD TO CART,2025-10-09 02:39:08,Desktop,South,Google Ads,Beauty,0.0,Yes
USR03551,SES03551,Checkout,2025-10-21 01:45:12,Desktop,,Social Media  ,Fashion,-99.99,No
USR04835,SES04835,add to cart,2025-10-28 13:06:22,Mobile,South,Social Media,Fashion,0.0,Yes
USR04672,SES04672,Browse,2025-10-13 18:32:00,Mobile,,Google Ads,Home,0.0,Yes
USR03790,SES03790,Purchase,2025-10-27 09:38:05,Tablet,North,Google Ads  ,Sports,856.19,No
USR01918,SES01918,BROWSE,2025-10-13 11:50:48,Desktop,East,Organic,Beauty,0.0,Yes
USR08892,SES08892,Browse,2025-10-02 01:52:56,Mobile,North,Organic,Fashion,0.0,Yes
USR09046,SES09046,Browse,2025-10-25 16:18:26,Mobile,,Organic,Beauty,0.0,Yes
USR02098,SES02098,Browse,2025-10-19 22:00:45,Tablet,South,Social Media,Sports,0.0,Yes
USR07722,SES07722,Checkout,2025-10-17 16:11:08,Desktop,North,Organic,Fashion,,Yes
USR08716,SES08716,Browse,2025-10-07 16:40:33,Tablet,West,Email,Home,0.0,Yes
USR08141,SES08141,Browse,2025-10-24 23:02:28,Mobile,West,Email,Sports,0.0,Yes
USR01423,SES01423,Add to Cart,2025-10-09 06:24:01,Desktop,,Email  ,Fashion,0.0,Yes
USR07160,SES07160,add to cart,2025-10-19 22:19:27,Desktop,South,Social Media  ,Beauty,0.0,Yes
USR08947,SES08947,Add to Cart,10/20/2025,Desktop,North,Organic,Fashion,0.0,Yes
USR04787,SES04787,Browse,2025-10-31 17:25:20,Desktop,West,Google Ads,Home,0.0,Yes
USR02026,SES02026,browse,2025-10-08 01:24:56,,South,Google Ads,Beauty,0.0,No
USR06578,SES06578,add to cart,2025-10-02 23:41:14,Desktop,West,Google Ads  ,Home,0.0,Yes
USR06026,SES06026,Add to Cart,2025-10-10 21:58:06,Tablet,West,Social Media,Home,0.0,Yes
USR01743,SES01743,Add to Cart,2025-10-21 06:03:23,Desktop,,Google Ads,Home,0.0,Yes
USR05959,SES05959,browse,2025-10-05 04:24:32,Mobile,West,Organic,Fashion,,Yes
USR09220,SES09220,Add to Cart,2025-10-28 23:56:46,Desktop,North,Email,Electronics,0.0,Yes
USR02693,SES02693,add to cart,2025-10-19 06:55:29,Mobile,East,Organic,Electronics,0.0,Yes
USR09279,SES09279,ADD TO CART,2025-10-24 05:48:43,Mobile,North,Email,Home,0.0,Yes
USR00713,SES00713,CHECKOUT,2025-10-25 01:52:24,Mobile,East,Social Media,Beauty,999999.0,No
USR03478,SES03478,Browse,2025-10-27 11:55:48,Desktop,South,Social Media,Fashion,0.0,Yes
USR03032,SES03032,Browse,2025-10-12 21:41:11,Desktop,,Google Ads,Home,0.0,Yes
USR05348,SES05348,Checkout,2025-10-07 20:09:27,Mobile,South,Google Ads,Sports,0.0,No
USR09519,SES09519,Add to Cart,2025-10-31 13:47:35,Tablet,North,Social Media,Sports,,No
USR05102,SES05102,Browse,2025-10-24 01:01:21,Mobile,East,Organic,Sports,0.0,Yes
USR06273,SES06273,Browse,10/20/2025,Desktop,East,Social Media,Home,0.0,No
USR06800,SES06800,browse,2025-10-09 22:18:19,Mobile,South,Organic,Electronics,0.0,Yes
USR02276,SES02276,Add to Cart,2025-10-21 04:31:55,Desktop,North,Email,Fashion,0.0,Yes
USR00765,SES00765,Browse,2025-10-20 07:15:38,Mobile,East,Social Media,Home,0.0,Yes
USR08243,SES08243,Browse,2025-10-30 00:57:27,Mobile,South,Google Ads,Electronics,,Yes
USR01781,SES01781,Add to Cart,2025-10-11 08:18:10,,North,Email,Sports,0.0,Yes
USR00571,SES00571,Add to Cart,2025-10-05 15:56:32,Mobile,South,Email,Fashion,0.0,No
USR00473,SES00473,Browse,2025-10-23 06:52:26,Mobile,North,Google Ads,Home,0.0,Yes
USR07982,SES07982,Browse,2025-10-06 17:45:11,Tablet,South,Organic,Fashion,0.0,Yes
USR00218,SES00218,Purchase,2025-10-22 12:09:22,Tablet,North,Social Media,Home,905.64,No
USR02521,SES02521,Browse,2025-10-22 04:45:36,,North,Email,Electronics,,Yes
USR02242,SES02242,Browse,2025-10-10 02:49:48,Mobile,West,Email,Fashion,0.0,Yes
USR06616,SES06616,Add to Cart,2025-10-13 17:15:25,Tablet,West,Social Media  ,Home,0.0,Yes
USR02610,SES02610,Browse,2025-10-25 22:53:20,Mobile,East,Organic,Electronics,0.0,Yes
USR03129,SES03129,browse,2025-10-16 14:44:03,Desktop,,Email,Sports,0.0,Yes
USR08171,SES08171,CHECKOUT,2025-10-15 00:00:14,Mobile,West,Organic,Home,0.0,No
USR07267,SES07267,Checkout,2025-10-30 04:51:47,Tablet,North,Social Media,Electronics,0.0,No
USR08862,SES08862,browse,2025-10-08 14:43:11,Tablet,North,Email,Electronics,0.0,Yes
USR07837,SES07837,Checkout,2025-10-03 17:05:32,Desktop,North,Social Media,Electronics,0.0,No
USR02885,SES02885,BROWSE,2025-10-01 22:18:11,,,Social Media,Fashion,0.0,Yes
USR03068,SES03068,Browse,2025-10-19 18:25:55,Desktop,West,Google Ads,Fashion,,Yes
USR02343,SES02343,Add to Cart,2025-10-21 13:38:29,Tablet,North,Social Media  ,Beauty,0.0,Yes
USR08651,SES08651,add to cart,2025-10-27 13:24:23,Desktop,East,Email,Fashion,0.0,Yes
USR09965,SES09965,Browse,2025-10-03 17:17:23,Desktop,South,Google Ads,Fashion,0.0,Yes
USR09018,SES09018,Checkout,2025-10-02 14:50:17,Desktop,East,Organic,Home,0.0,No
USR03524,SES03524,Add to Cart,2025-10-14 11:17:49,Desktop,West,Google Ads,Beauty,0.0,Yes
USR06160,SES06160,Add to Cart,10/20/2025,Tablet,North,Email,Electronics,,Yes
USR01500,SES01500,Browse,2025-10-22 19:26:02,Desktop,South,Email,Fashion,,Yes
USR02273,SES02273,Purchase,2025-10-05 01:10:01,Desktop,South,Email,Sports,1780.84,No
USR00174,SES00174,Add to Cart,2025-10-15 13:10:06,,North,Organic  ,Sports,0.0,Yes
USR06557,SES06557,Browse,2025-10-03 10:09:58,Desktop,North,Social Media,Beauty,0.0,Yes
USR09047,SES09047,Add to Cart,2025-10-21 17:44:56,Tablet,North,Social Media,Electronics,,Yes
USR05761,SES05761,Checkout,2025-10-27 14:22:13,Tablet,West,Social Media,Sports,0.0,Yes
USR05727,SES05727,Browse,2025-10-26 10:44:03,Mobile,East,Google Ads,Home,0.0,Yes
USR00476,SES00476,Browse,2025-10-28 08:23:30,Tablet,East,Google Ads,Home,0.0,Yes
USR03775,SES03775,CHECKOUT,10/20/2025,Mobile,North,Google Ads,Fashion,0.0,Yes
USR05695,SES05695,CHECKOUT,2025-10-15 02:54:02,Mobile,West,Social Media  ,Fashion,0.0,Yes
USR02550,SES02550,Browse,2025-10-29 13:21:08,Tablet,East,Email,Electronics,0.0,Yes
USR04372,SES04372,browse,2025-10-30 10:38:40,Mobile,North,Organic,Beauty,0.0,No
USR09421,SES09421,add to cart,2025-10-12 04:30:55,Desktop,West,Email,Fashion,0.0,Yes
USR05955,SES05955,Add to Cart,2025-10-22 10:44:46,Desktop,North,Google Ads,Fashion,0.0,No
USR07031,SES07031,CHECKOUT,2025-10-25 23:08:18,Mobile,South,Email,Home,,Yes
USR04824,SES04824,BROWSE,2025-10-22 20:49:27,Desktop,West,Organic,Sports,0.0,Yes
USR04538,SES04538,BROWSE,2025-10-09 16:51:31,Desktop,East,Email,Beauty,0.0,Yes
USR06701,SES06701,Browse,2025-10-31 14:22:00,Desktop,West,Email,Sports,0.0,Yes
USR06357,SES06357,CHECKOUT,2025-10-26 20:21:37,Desktop,West,Google Ads  ,Beauty,0.0,No
USR05412,SES05412,Browse,2025-10-23 10:42:51,Desktop,North,Google Ads,Sports,0.0,Yes
USR03455,SES03455,Browse,2025-10-16 13:27:34,Desktop,South,Social Media,Beauty,0.0,Yes
USR04967,SES04967,Browse,2025-10-07 18:25:10,Mobile,South,Google Ads,Electronics,,Yes
USR06247,SES06247,Add to Cart,2025-10-02 22:00:08,Desktop,East,Organic,Beauty,0.0,Yes
USR02508,SES02508,Add to Cart,2025-10-18 02:28:24,Desktop,North,Email  ,Beauty,0.0,Yes
USR06813,SES06813,ADD TO CART,10/20/2025,,East,Organic,Fashion,0.0,Yes
USR01243,SES01243,Browse,2025-10-17 09:57:40,Mobile,East,Email,Home,0.0,Yes
USR05032,SES05032,Browse,2025-10-30 15:18:43,Mobile,South,Social Media,Home,0.0,Yes
USR04925,SES04925,Add to Cart,2025-10-31 08:03:47,Mobile,East,Organic,Beauty,0.0,Yes
USR09685,SES09685,Checkout,2025-10-09 23:13:58,Desktop,West,Organic,Beauty,0.0,Yes
USR00972,SES00972,purchase,2025-10-25 16:38:25,Desktop,East,Google Ads  ,Beauty,974.68,No
USR09291,SES09291,Browse,2025-10-08 02:28:48,Mobile,East,Organic,Fashion,0.0,Yes
USR06547,SES06547,Add to Cart,2025-10-27 12:01:19,Desktop,North,Social Media  ,Fashion,0.0,Yes
USR00557,SES00557,Browse,2025-10-21 04:44:59,Desktop,South,Google Ads,Electronics,0.0,Yes
USR00640,SES00640,BROWSE,2025-10-21 03:56:05,Desktop,West,Social Media,Electronics,0.0,Yes
USR05704,SES05704,Add to Cart,2025-10-08 04:48:32,,East,Social Media,Electronics,0.0,Yes
USR06156,SES06156,PURCHASE,2025-10-14 18:11:55,,North,Social Media,Fashion,903.33,No
USR09770,SES09770,Checkout,2025-10-25 06:14:14,Tablet,West,Organic,Beauty,,No
USR00224,SES00224,checkout,2025-10-12 02:57:55,Desktop,West,Email,Electronics,0.0,Yes
USR05501,SES05501,Browse,2025-10-19 22:34:27,Desktop,South,Organic,Electronics,0.0,Yes
USR08662,SES08662,browse,10/20/2025,Tablet,East,Google Ads,Beauty,0.0,Yes
USR01983,SES01983,Browse,2025-10-31 12:27:38,Mobile,North,Organic,Fashion,,Yes
USR01350,SES01350,add to cart,2025-10-30 17:38:34,Tablet,South,Social Media,Electronics,0.0,Yes
USR02675,SES02675,CHECKOUT,2025-10-27 05:59:01,Mobile,East,Email,Fashion,0.0,Yes
USR06515,SES06515,Checkout,2025-10-03 00:39:31,Tablet,North,Email,Sports,0.0,Yes
USR07948,SES07948,Checkout,2025-10-22 16:38:28,Desktop,North,Organic,Home,0.0,No
USR03042,SES03042,Add to Cart,2025-10-18 10:57:20,Desktop,East,Social Media,Sports,0.0,Yes
USR00143,SES00143,browse,2025-10-11 06:52:10,,,Google Ads,Electronics,0.0,Yes
USR07278,SES07278,Browse,2025-10-20 04:16:51,Desktop,West,Email,Sports,0.0,Yes
USR08379,SES08379,Browse,2025-10-11 18:41:57,Desktop,West,Organic,Electronics,0.0,Yes
USR01949,SES01949,Add to Cart,2025-10-19 20:56:47,Desktop,East,Organic,Sports,0.0,Yes
USR02920,SES02920,Browse,2025-10-19 04:29:14,Tablet,North,Email,Fashion,0.0,Yes
USR09470,SES09470,BROWSE,2025-10-30 00:57:40,Mobile,East,Email,Electronics,0.0,Yes
USR07757,SES07757,Browse,2025-10-30 08:30:54,,South,Email,Home,0.0,Yes
USR03187,SES03187,Browse,2025-10-18 09:08:08,Mobile,North,Social Media,Fashion,,Yes
USR02702,SES02702,Browse,2025-10-18 11:48:10,Desktop,North,Email,Sports,0.0,Yes
USR01270,SES01270,Browse,2025-10-07 17:35:29,Desktop,West,Social Media,Fashion,0.0,Yes
USR09025,SES09025,ADD TO CART,2025-10-02 19:31:37,Tablet,East,Email,Beauty,0.0,Yes
USR07998,SES07998,Checkout,2025-10-25 11:57:41,Desktop,North,Social Media,Beauty,0.0,Yes
USR06381,SES06381,Purchase,2025-10-18 07:35:05,Mobile,North,Social Media,Electronics,1258.41,No
USR07319,SES07319,Browse,2025-10-22 19:43:06,Desktop,North,Social Media,Fashion,0.0,No
USR09673,SES09673,Browse,2025-10-23 00:25:52,Tablet,East,Email,Sports,0.0,Yes
USR06682,SES06682,BROWSE,2025-10-29 13:53:28,,West,Email,Sports,0.0,Yes
USR09946,SES09946,Checkout,2025-10-07 04:03:08,Tablet,North,Google Ads,Sports,0.0,Yes
USR09707,SES09707,Add to Cart,2025-10-09 01:47:22,Mobile,East,Organic,Sports,0.0,Yes
USR07502,SES07502,Browse,2025-10-20 16:11:08,Desktop,North,Google Ads,Sports,0.0,Yes
USR04726,SES04726,Browse,2025-10-24 10:19:14,Tablet,South,Organic,Sports,0.0,Yes
USR06827,SES06827,Browse,2025-10-27 07:10:42,Desktop,,Organic,Electronics,0.0,Yes
USR05294,SES05294,browse,2025-10-19 12:59:31,Mobile,North,Google Ads,Fashion,0.0,Yes
USR07704,SES07704,Browse,2025-10-17 15:29:41,Tablet,East,Google Ads,Home,,Yes
USR06467,SES06467,browse,2025-10-09 06:43:17,,West,Social Media,Beauty,0.0,Yes
USR05707,SES05707,Browse,2025-10-16 08:12:10,Tablet,West,Social Media,Electronics,0.0,Yes
USR01486,SES01486,Checkout,2025-10-17 05:07:53,Tablet,South,Google Ads,Fashion,0.0,No
USR05556,SES05556,Checkout,2025-10-09 09:45:14,Desktop,East,Google Ads,Beauty,0.0,No
USR01963,SES01963,add to cart,2025-10-08 22:28:56,Mobile,North,Google Ads,Sports,0.0,Yes
USR03079,SES03079,purchase,2025-10-16 01:43:49,Mobile,West,Email  ,Sports,396.68,No
USR05989,SES05989,CHECKOUT,2025-10-14 07:03:40,Mobile,,Email,Sports,,Yes
USR02658,SES02658,CHECKOUT,2025-10-30 04:10:49,Tablet,South,Email,Home,0.0,Yes
USR01653,SES01653,Checkout,2025-10-21 16:30:02,Tablet,West,Organic,Beauty,0.0,No
USR01167,SES01167,Add to Cart,2025-10-26 01:28:34,Desktop,West,Email,Sports,0.0,Yes
USR03859,SES03859,Browse,2025-10-10 10:41:03,Mobile,East,Google Ads,Sports,-99.99,Yes
USR04823,SES04823,Browse,2025-10-28 08:54:20,Tablet,North,Organic  ,Beauty,0.0,Yes
USR01656,SES01656,CHECKOUT,2025-10-10 07:15:22,Tablet,South,Organic,Electronics,0.0,No
USR02397,SES02397,add to cart,2025-10-23 14:26:51,Tablet,East,Email,Beauty,0.0,Yes
USR09910,SES09910,Browse,2025-10-13 06:42:48,Desktop,South,Email,Beauty,0.0,Yes
USR05278,SES05278,ADD TO CART,2025-10-05 01:30:16,Mobile,North,Social Media,Beauty,0.0,Yes
USR05449,SES05449,Checkout,2025-10-30 04:18:07,Mobile,South,Organic,Beauty,0.0,Yes
USR00219,SES00219,PURCHASE,2025-10-25 08:35:04,Mobile,North,Google Ads,Home,1769.81,No
USR04437,SES04437,BROWSE,2025-10-18 11:01:38,Desktop,East,Google Ads,Sports,0.0,No
USR05803,SES05803,Add to Cart,2025-10-15 13:29:24,Desktop,South,Organic  ,Fashion,0.0,Yes
USR09208,SES09208,Purchase,2025-10-08 17:00:39,Mobile,East,Organic  ,Fashion,1852.05,No
USR08132,SES08132,Checkout,2025-10-28 21:46:42,Desktop,,Social Media  ,Beauty,0.0,No
USR09365,SES09365,add to cart,2025-10-25 07:00:13,Mobile,West,Google Ads,Electronics,0.0,Yes
USR09899,SES09899,Browse,2025-10-12 04:57:08,Mobile,West,Email,Fashion,0.0,No
USR09884,SES09884,Add to Cart,2025-10-14 23:34:25,Tablet,West,Email  ,Home,,No
USR05512,SES05512,Add to Cart,2025-10-12 23:47:56,Mobile,East,Organic,Beauty,0.0,Yes
USR03265,SES03265,BROWSE,2025-10-14 07:40:40,Mobile,West,Email,Electronics,0.0,Yes
USR07955,SES07955,Add to Cart,2025-10-27 19:41:29,Mobile,West,Google Ads,Beauty,0.0,Yes
USR00938,SES00938,Checkout,2025-10-25 18:29:21,Mobile,West,Google Ads,Fashion,0.0,Yes
USR03353,SES03353,Browse,2025-10-30 17:53:16,Desktop,West,Email,Home,0.0,Yes
USR02439,SES02439,ADD TO CART,2025-10-15 16:32:17,Mobile,West,Social Media,Fashion,,Yes
USR02087,SES02087,Add to Cart,2025-10-08 09:03:28,Desktop,East,Email,Beauty,0.0,Yes
USR07989,SES07989,Browse,2025-10-11 14:37:57,Tablet,North,Email,Fashion,0.0,Yes
USR09357,SES09357,Checkout,2025-10-07 18:12:56,Desktop,East,Social Media,Home,0.0,No
USR03152,SES03152,Checkout,2025-10-25 14:14:54,Desktop,North,Organic,Electronics,0.0,Yes
USR09079,SES09079,Add to Cart,2025-10-09 20:55:58,Desktop,West,Social Media  ,Fashion,,Yes
USR04692,SES04692,Purchase,2025-10-11 13:40:25,Mobile,East,Google Ads,Electronics,1702.18,No
USR04512,SES04512,Browse,2025-10-26 23:40:38,Mobile,North,Google Ads,Electronics,0.0,Yes
USR03083,SES03083,Add to Cart,2025-10-09 22:34:19,Desktop,East,Email,Sports,0.0,Yes
USR06454,SES06454,Browse,10/20/2025,Desktop,West,Organic,Beauty,0.0,Yes
USR03938,SES03938,browse,2025-10-03 13:01:11,Tablet,West,Organic,Electronics,0.0,Yes
USR06530,SES06530,Browse,2025-10-11 23:41:16,Tablet,,Google Ads,Sports,0.0,Yes
USR02575,SES02575,BROWSE,10/20/2025,Desktop,North,Organic,Home,0.0,No
USR03741,SES03741,browse,2025-10-19 22:59:24,Mobile,East,Email,Beauty,0.0,Yes
USR01540,SES01540,Checkout,2025-10-09 01:35:25,Desktop,West,Email,Home,0.0,No
USR01859,SES01859,Browse,2025-10-22 03:16:16,Desktop,East,Social Media,Electronics,0.0,No
USR09905,SES09905,BROWSE,2025-10-31 16:56:04,Tablet,North,Social Media,Home,0.0,Yes
USR09542,SES09542,CHECKOUT,2025-10-25 07:39:26,,East,Organic,Fashion,0.0,Yes
USR02576,SES02576,checkout,2025-10-11 15:40:54,Mobile,West,Google Ads,Fashion,,No
USR04980,SES04980,Browse,2025-10-23 15:12:27,Mobile,East,Organic,Sports,0.0,No
USR04390,SES04390,Add to Cart,2025-10-22 09:09:48,Mobile,,Google Ads,Electronics,0.0,No
USR06316,SES06316,browse,2025-10-04 23:47:27,Desktop,East,Google Ads,Fashion,,Yes
USR08238,SES08238,Browse,2025-10-04 23:11:34,Mobile,West,Google Ads,Fashion,0.0,Yes
USR07090,SES07090,Add to Cart,2025-10-08 04:19:41,Tablet,North,Google Ads,Beauty,0.0,Yes
USR09822,SES09822,add to cart,2025-10-04 22:27:16,Desktop,West,Google Ads,Electronics,0.0,Yes
USR04571,SES04571,Add to Cart,2025-10-29 06:24:42,Tablet,East,Email,Beauty,0.0,Yes
USR06560,SES06560,Add to Cart,2025-10-08 09:19:01,Desktop,North,Email,Home,0.0,Yes
USR03732,SES03732,Checkout,2025-10-18 20:52:15,Tablet,North,Email  ,Fashion,0.0,Yes
USR03795,SES03795,Purchase,2025-10-07 04:13:05,,,Google Ads,Electronics,,No
USR02021,SES02021,Checkout,2025-10-10 09:12:26,Desktop,West,Google Ads,Beauty,0.0,Yes
USR02021,SES02021,Add to Cart,2025-10-10 09:10:26,Tablet,North,Google Ads,Beauty,0.0,Yes
USR00094,SES00094,Browse,2025-10-13 01:06:18,Mobile,East,Google Ads  ,Electronics,0.0,Yes
USR00773,SES00773,browse,2025-10-21 13:04:57,Mobile,East,Email,Electronics,0.0,Yes
USR09527,SES09527,Browse,2025-10-26 20:22:33,Mobile,North,Social Media,Fashion,0.0,Yes
USR05574,SES05574,CHECKOUT,2025-10-17 05:39:30,Tablet,South,Email,Sports,0.0,Yes
USR03402,SES03402,Add to Cart,2025-10-03 15:57:21,Tablet,East,Email,Electronics,0.0,Yes
USR03590,SES03590,ADD TO CART,2025-10-13 02:38:41,Tablet,West,Email,Home,0.0,Yes
USR07950,SES07950,Checkout,2025-10-28 14:51:06,Desktop,West,Organic,Fashion,0.0,Yes
USR08851,SES08851,BROWSE,2025-10-10 14:09:45,,North,Email,Home,,Yes
USR04764,SES04764,Add to Cart,2025-10-30 11:51:27,Tablet,South,Email,Electronics,0.0,Yes
USR02575,SES02575,Purchase,10/20/2025,Tablet,East,Google Ads,Sports,1684.54,No
USR01713,SES01713,Browse,10/20/2025,Mobile,South,Email,Fashion,0.0,Yes
USR09213,SES09213,Add to Cart,2025-10-21 02:39:24,,North,Email,Beauty,0.0,Yes
USR07937,SES07937,browse,2025-10-17 18:07:24,Mobile,East,Email,Electronics,0.0,Yes
USR05530,SES05530,Purchase,2025-10-02 10:56:50,Tablet,South,Social Media,Electronics,,No
USR02802,SES02802,browse,2025-10-19 13:46:20,Mobile,North,Organic,Home,0.0,Yes
USR01191,SES01191,Add to Cart,2025-10-11 06:50:38,Desktop,West,Organic,Fashion,,Yes
USR09623,SES09623,browse,2025-10-12 18:05:10,Tablet,North,Email,Electronics,0.0,Yes
USR01611,SES01611,BROWSE,2025-10-15 21:32:40,Tablet,East,Email,Sports,0.0,Yes
USR01680,SES01680,ADD TO CART,2025-10-10 20:40:11,Tablet,North,Social Media,Home,0.0,Yes
USR04769,SES04769,Add to Cart,2025-10-24 07:16:46,Desktop,North,Google Ads,Sports,0.0,Yes
USR02904,SES02904,browse,10/20/2025,Mobile,South,Email,Electronics,0.0,Yes
USR09662,SES09662,Checkout,2025-10-20 04:30:13,Mobile,South,Email,Sports,,No
USR06032,SES06032,Checkout,2025-10-27 01:08:10,Tablet,West,Organic,Beauty,0.0,Yes
USR05037,SES05037,Checkout,2025-10-26 21:43:51,Desktop,North,Organic,Sports,0.0,Yes
USR08919,SES08919,Browse,2025-10-07 23:30:04,Tablet,East,Social Media  ,Fashion,0.0,No
USR06143,SES06143,Browse,10/20/2025,Tablet,West,Google Ads,Fashion,0.0,Yes
USR05943,SES05943,Browse,2025-10-15 12:54:21,Desktop,North,Social Media,Beauty,0.0,Yes
USR07312,SES07312,Checkout,2025-10-13 03:48:01,Mobile,,Social Media,Sports,,No
USR06393,SES06393,browse,2025-10-12 18:27:28,,West,Google Ads,Home,0.0,Yes
USR03062,SES03062,Add to Cart,2025-10-03 02:37:36,Tablet,West,Email,Sports,0.0,Yes
USR02049,SES02049,BROWSE,2025-10-25 05:37:18,Desktop,West,Google Ads  ,Sports,0.0,Yes
USR06587,SES06587,Browse,2025-10-23 18:52:14,Tablet,South,Email,Sports,0.0,Yes
USR09999,SES09999,Add to Cart,2025-10-03 17:26:58,Tablet,West,Social Media,Fashion,0.0,No
USR08953,SES08953,Add to Cart,2025-10-25 10:02:35,Mobile,South,Google Ads,Fashion,0.0,No
USR06101,SES06101,BROWSE,2025-10-31 04:41:17,Mobile,East,Google Ads,Home,0.0,Yes
USR04241,SES04241,add to cart,2025-10-09 08:43:09,Tablet,East,Google Ads,Electronics,0.0,Yes
USR03881,SES03881,Checkout,2025-10-04 16:49:36,Tablet,West,Organic,Sports,0.0,Yes
USR02798,SES02798,Purchase,2025-10-08 14:08:47,Tablet,West,Email,Beauty,1012.72,No
USR02545,SES02545,Add to Cart,2025-10-03 20:30:31,Mobile,,Google Ads,Beauty,0.0,Yes
USR08767,SES08767,BROWSE,2025-10-29 09:55:36,Mobile,East,Email,Home,0.0,Yes
USR08262,SES08262,Add to Cart,2025-10-12 02:44:25,,East,Social Media,Home,0.0,Yes
USR00662,SES00662,Browse,2025-10-26 16:08:24,Tablet,South,Organic,Electronics,0.0,Yes
USR03946,SES03946,Add to Cart,2025-10-04 16:45:56,Tablet,West,Social Media,Electronics,0.0,Yes
USR03545,SES03545,Browse,2025-10-15 12:14:15,Desktop,North,Google Ads,Home,0.0,Yes
USR05043,SES05043,Browse,2025-10-29 22:35:35,,North,Social Media,Fashion,0.0,Yes
USR01376,SES01376,Browse,2025-10-20 11:30:48,Mobile,,Email,Fashion,0.0,Yes
USR08126,SES08126,Purchase,10/20/2025,Mobile,North,Organic,Sports,808.99,No
USR07666,SES07666,CHECKOUT,2025-10-27 12:05:50,Tablet,South,Email,Fashion,0.0,Yes
USR07684,SES07684,Checkout,2025-10-05 23:38:30,Desktop,East,Google Ads,Beauty,0.0,No
USR02057,SES02057,Browse,2025-10-02 07:51:06,Desktop,South,Social Media,Electronics,0.0,Yes
USR07102,SES07102,Add to Cart,2025-10-13 06:38:47,Tablet,,Organic  ,Sports,0.0,Yes
USR06097,SES06097,ADD TO CART,2025-10-09 19:23:17,Desktop,,Organic,Electronics,0.0,No
USR01014,SES01014,add to cart,2025-10-18 05:03:30,Desktop,North,Google Ads,Electronics,0.0,Yes
USR01951,SES01951,Checkout,2025-10-13 21:14:58,Tablet,East,Google Ads,Home,0.0,No
USR06782,SES06782,Browse,2025-10-02 05:10:18,Desktop,West,Google Ads,Sports,0.0,Yes
USR00089,SES00089,Add to Cart,2025-10-16 11:13:31,Tablet,North,Google Ads  ,Beauty,,Yes
USR06751,SES06751,Purchase,2025-10-23 09:20:38,Mobile,East,Email,Sports,669.11,No
USR04652,SES04652,BROWSE,2025-10-21 05:59:46,Desktop,South,Google Ads,Sports,0.0,Yes
USR06012,SES06012,Browse,2025-10-31 01:41:50,Tablet,West,Google Ads,Electronics,0.0,Yes
USR03682,SES03682,Browse,2025-10-07 17:56:45,Desktop,East,Email,Beauty,0.0,Yes
USR03569,SES03569,Browse,2025-10-27 06:48:20,Mobile,East,Email,Sports,0.0,Yes
USR09847,SES09847,add to cart,10/20/2025,Desktop,,Organic,Home,0.0,Yes
USR05842,SES05842,browse,2025-10-25 11:13:28,Desktop,West,Google Ads,Electronics,0.0,Yes
USR04109,SES04109,BROWSE,2025-10-05 11:45:05,Desktop,North,Organic,Home,0.0,Yes
USR01153,SES01153,Browse,2025-10-02 00:58:29,Mobile,West,Social Media,Home,,Yes
USR00333,SES00333,Add to Cart,2025-10-19 04:37:11,Mobile,West,Google Ads,Beauty,0.0,No
USR05754,SES05754,Checkout,2025-10-18 12:07:02,Tablet,North,Social Media,Beauty,0.0,No
USR05140,SES05140,Add to Cart,2025-10-10 13:09:00,Desktop,South,Google Ads,Fashion,-99.99,Yes
USR07934,SES07934,Add to Cart,2025-10-03 07:44:16,Mobile,West,Social Media,Home,0.0,Yes
USR00962,SES00962,Browse,2025-10-11 10:36:24,Mobile,North,Google Ads,Home,0.0,No
USR00314,SES00314,Add to Cart,2025-10-04 05:45:28,Desktop,East,Organic  ,Electronics,0.0,No
USR07227,SES07227,BROWSE,10/20/2025,Tablet,South,Email,Sports,0.0,No
USR08302,SES08302,Add to Cart,2025-10-07 16:59:48,Mobile,East,Organic,Sports,,Yes
USR01217,SES01217,Browse,2025-10-21 16:55:47,Mobile,West,Social Media,Home,,Yes
USR09260,SES09260,BROWSE,2025-10-13 22:18:43,Tablet,North,Organic,Home,0.0,No
USR05894,SES05894,Browse,2025-10-19 16:30:06,Mobile,East,Organic,Home,0.0,Yes
USR01215,SES01215,Add to Cart,2025-10-06 00:00:46,Mobile,West,Social Media  ,Home,0.0,Yes
USR05522,SES05522,Add to Cart,2025-10-30 10:47:41,Desktop,South,Organic,Beauty,0.0,Yes
USR04495,SES04495,Browse,2025-10-20 00:29:19,Tablet,South,Google Ads,Beauty,0.0,Yes
USR00200,SES00200,ADD TO CART,2025-10-30 08:23:24,,East,Email,Beauty,0.0,Yes
USR09650,SES09650,BROWSE,2025-10-22 07:36:03,,East,Email  ,Beauty,0.0,No
USR02999,SES02999,Add to Cart,2025-10-30 21:01:07,Tablet,North,Social Media,Electronics,0.0,Yes
USR06792,SES06792,PURCHASE,2025-10-30 23:55:44,Tablet,East,Social Media,Home,1051.64,No
USR09657,SES09657,Add to Cart,2025-10-07 08:59:15,,,Google Ads,Electronics,0.0,Yes
USR08703,SES08703,Purchase,2025-10-11 06:52:05,Mobile,North,Google Ads,Sports,424.85,No
USR09980,SES09980,browse,2025-10-22 00:52:33,Desktop,,Google Ads,Beauty,0.0,Yes
USR02803,SES02803,Add to Cart,2025-10-23 09:01:54,Tablet,South,Email,Beauty,,Yes
USR06742,SES06742,browse,2025-10-01 23:45:17,,East,Google Ads,Beauty,0.0,Yes
USR07052,SES07052,Browse,2025-10-21 17:24:53,Mobile,South,Google Ads,Sports,0.0,Yes
USR06467,SES06467,add to cart,2025-10-09 06:46:17,Tablet,East,Organic,Beauty,0.0,Yes
USR09116,SES09116,Browse,2025-10-21 16:38:17,Mobile,East,Email,Sports,0.0,Yes
USR05733,SES05733,Browse,2025-10-05 06:09:12,Desktop,,Google Ads,Home,0.0,No
USR00195,SES00195,add to cart,2025-10-12 20:03:30,Tablet,South,Social Media,Electronics,0.0,Yes
USR01913,SES01913,Add to Cart,2025-10-16 10:40:16,Mobile,North,Google Ads,Sports,0.0,Yes
USR07492,SES07492,Checkout,2025-10-18 18:55:07,Desktop,East,Social Media,Electronics,0.0,No
USR08634,SES08634,Browse,2025-10-31 14:10:06,,East,Organic,Electronics,,Yes
USR08599,SES08599,browse,2025-10-06 10:10:14,Desktop,South,Organic  ,Sports,0.0,Yes
USR03856,SES03856,ADD TO CART,2025-10-05 21:06:02,Mobile,,Email,Home,,Yes
USR03037,SES03037,Purchase,2025-10-13 04:43:01,Tablet,,Organic,Home,,No
USR07916,SES07916,Browse,2025-10-16 17:33:02,Desktop,East,Email,Electronics,0.0,Yes
USR08770,SES08770,browse,2025-10-01 20:58:34,Tablet,North,Email,Home,0.0,Yes
USR01932,SES01932,Add to Cart,2025-10-18 10:37:47,,North,Social Media,Fashion,0.0,Yes
USR00531,SES00531,browse,2025-10-25 18:33:05,Tablet,North,Social Media,Electronics,0.0,Yes
USR09942,SES09942,Browse,2025-10-18 08:15:30,Mobile,East,Organic,Sports,0.0,Yes
USR08334,SES08334,purchase,10/20/2025,,North,Organic,Fashion,802.9,No
USR06581,SES06581,Add to Cart,2025-10-10 12:08:18,Tablet,,Email,Fashion,0.0,Yes
USR01698,SES01698,BROWSE,2025-10-26 19:54:43,Desktop,South,Google Ads,Fashion,0.0,Yes
USR04092,SES04092,Browse,2025-10-06 14:16:43,Mobile,East,Organic,Sports,0.0,Yes
USR07445,SES07445,Browse,2025-10-03 11:30:18,Mobile,East,Organic,Electronics,,No
USR02572,SES02572,Add to Cart,2025-10-07 18:03:40,Desktop,South,Social Media,Home,0.0,Yes
USR08441,SES08441,CHECKOUT,2025-10-30 18:14:44,Mobile,South,Organic,Sports,0.0,Yes
USR09625,SES09625,Browse,2025-10-05 11:09:37,Mobile,North,Email,Beauty,,No
USR03574,SES03574,BROWSE,2025-10-06 16:39:27,Tablet,West,Organic,Home,0.0,Yes
USR09784,SES09784,ADD TO CART,2025-10-08 21:44:05,Desktop,South,Email,Electronics,,Yes
USR00816,SES00816,Add to Cart,2025-10-10 05:16:23,,South,Email  ,Electronics,0.0,No
USR06947,SES06947,Add to Cart,2025-10-31 05:13:53,Desktop,East,Email,Home,0.0,Yes
USR06926,SES06926,Add to Cart,2025-10-26 02:09:03,Desktop,South,Organic  ,Sports,0.0,Yes
USR08269,SES08269,BROWSE,2025-10-04 12:29:31,Tablet,North,Social Media  ,Sports,,Yes
USR06697,SES06697,Browse,2025-10-05 11:41:40,Mobile,North,Social Media  ,Electronics,,Yes
USR00002,SES00002,Purchase,2025-10-19 09:27:10,Mobile,North,Google Ads,Sports,448.18,No
USR07885,SES07885,Browse,10/20/2025,Tablet,East,Google Ads,Electronics,0.0,Yes
USR04276,SES04276,Browse,2025-10-11 20:35:47,Mobile,South,Organic,Home,0.0,Yes
USR01828,SES01828,Browse,10/20/2025,Mobile,East,Google Ads,Fashion,0.0,Yes
USR08631,SES08631,Add to Cart,2025-10-08 03:28:56,Mobile,North,Google Ads,Sports,0.0,Yes
USR05564,SES05564,Browse,2025-10-08 20:52:23,Mobile,West,Email,Sports,0.0,Yes
USR04348,SES04348,BROWSE,2025-10-16 08:39:27,Desktop,West,Organic,Electronics,0.0,Yes
USR08506,SES08506,Checkout,2025-10-26 13:37:31,Mobile,,Social Media,Sports,0.0,No
USR09041,SES09041,Checkout,2025-10-27 18:37:03,Mobile,North,Google Ads,Sports,0.0,No
USR03433,SES03433,Browse,2025-10-28 07:11:11,Mobile,East,Organic  ,Sports,,Yes
USR04988,SES04988,Browse,2025-10-29 18:08:51,Desktop,North,Google Ads,Sports,0.0,No
USR09608,SES09608,Browse,2025-10-03 19:17:16,,,Email,Beauty,0.0,Yes
USR00702,SES00702,BROWSE,2025-10-26 01:52:06,Tablet,West,Google Ads,Fashion,0.0,Yes
USR07141,SES07141,Add to Cart,2025-10-06 19:19:54,Mobile,North,Google Ads,Fashion,0.0,No
USR07332,SES07332,checkout,2025-10-21 00:10:43,Desktop,South,Organic  ,Beauty,0.0,No
USR02022,SES02022,Browse,2025-10-09 20:05:19,Tablet,East,Email,Home,0.0,Yes
USR01440,SES01440,browse,10/20/2025,Desktop,South,Email,Fashion,0.0,No
USR09813,SES09813,Browse,2025-10-20 23:41:36,Tablet,West,Social Media,Fashion,0.0,Yes
USR07611,SES07611,add to cart,2025-10-03 03:17:09,Mobile,South,Social Media,Sports,0.0,Yes
USR04711,SES04711,Browse,2025-10-24 01:58:51,Tablet,South,Organic,Electronics,0.0,Yes
USR06592,SES06592,Checkout,2025-10-06 22:57:10,,,Organic,Beauty,0.0,No
USR07532,SES07532,Checkout,2025-10-27 05:20:48,Desktop,North,Email,Fashion,0.0,Yes
USR08351,SES08351,Add to Cart,2025-10-13 18:45:01,Tablet,South,Organic,Home,0.0,No
USR09800,SES09800,browse,2025-10-21 03:39:26,Tablet,North,Email,Sports,0.0,Yes
USR06253,SES06253,browse,2025-10-29 21:19:33,Desktop,South,Organic,Sports,0.0,Yes
USR01260,SES01260,Add to Cart,2025-10-16 01:01:14,Desktop,North,Google Ads,Sports,0.0,Yes
USR01397,SES01397,PURCHASE,2025-10-05 06:18:28,Tablet,,Social Media,Beauty,888.09,No
USR00061,SES00061,Add to Cart,2025-10-02 19:23:58,Desktop,East,Email,Beauty,0.0,Yes
USR02506,SES02506,checkout,2025-10-15 06:01:07,Desktop,East,Social Media,Home,0.0,Yes
USR05159,SES05159,Browse,2025-10-10 19:18:17,Mobile,North,Organic,Electronics,,No
USR01678,SES01678,Browse,2025-10-09 20:33:21,Tablet,,Google Ads,Beauty,0.0,Yes
USR04925,SES04925,Browse,2025-10-31 08:00:47,Mobile,West,Email,Sports,0.0,Yes
USR08333,SES08333,browse,2025-10-23 01:38:19,Desktop,South,Email,Home,0.0,Yes
USR05198,SES05198,BROWSE,2025-10-10 23:26:56,Mobile,West,Organic,Home,0.0,No
USR09875,SES09875,Add to Cart,10/20/2025,Desktop,West,Organic,Fashion,,Yes
USR04089,SES04089,Checkout,2025-10-24 18:13:23,Mobile,North,Email  ,Sports,0.0,Yes
USR04618,SES04618,Browse,2025-10-12 06:41:36,Mobile,,Email,Sports,0.0,Yes
USR02861,SES02861,Browse,2025-10-25 18:29:12,,West,Organic,Sports,0.0,Yes
USR03103,SES03103,browse,2025-10-28 18:52:16,Mobile,North,Email,Electronics,-99.99,Yes
USR02131,SES02131,CHECKOUT,2025-10-02 05:04:47,Mobile,East,Google Ads,Sports,0.0,No
USR08321,SES08321,Add to Cart,2025-10-21 03:08:28,Desktop,,Organic,Sports,0.0,Yes
USR07676,SES07676,Browse,2025-10-27 22:25:44,Mobile,,Social Media  ,Electronics,0.0,Yes
USR04651,SES04651,ADD TO CART,2025-10-27 10:31:06,Tablet,North,Google Ads,Fashion,0.0,Yes
USR01855,SES01855,browse,2025-10-21 00:43:40,Mobile,South,Social Media,Home,0.0,Yes
USR07775,SES07775,Add to Cart,2025-10-12 11:32:52,Tablet,West,Social Media,Beauty,0.0,Yes
USR05778,SES05778,Browse,2025-10-29 12:58:07,Mobile,North,Social Media,Fashion,0.0,Yes
USR01627,SES01627,Browse,2025-10-04 11:23:50,Desktop,,Organic,Home,0.0,Yes
USR03125,SES03125,Add to Cart,2025-10-14 08:25:56,Tablet,,Social Media,Electronics,,No
USR00534,SES00534,purchase,2025-10-04 03:51:02,,North,Social Media,Fashion,1754.45,No
USR00159,SES00159,Browse,2025-10-16 21:40:06,Tablet,South,Email,Fashion,0.0,Yes
USR09650,SES09650,Checkout,2025-10-22 07:43:03,Mobile,East,Email,Home,0.0,No
USR00365,SES00365,Add to Cart,2025-10-03 07:48:41,Desktop,South,Organic,Home,0.0,No
USR01489,SES01489,purchase,2025-10-18 23:42:46,Mobile,,Email,Beauty,1511.08,No
USR04539,SES04539,Add to Cart,2025-10-06 02:10:21,Desktop,North,Email,Sports,0.0,Yes
USR05866,SES05866,Browse,2025-10-20 20:28:36,Tablet,South,Google Ads  ,Home,0.0,Yes
USR09945,SES09945,Browse,2025-10-14 14:35:01,Mobile,South,Organic,Electronics,0.0,Yes
USR09621,SES09621,Browse,2025-10-30 23:56:34,Desktop,North,Organic,Electronics,0.0,No
USR00861,SES00861,ADD TO CART,2025-10-09 06:51:57,Desktop,South,Organic,Beauty,0.0,Yes
USR03916,SES03916,BROWSE,2025-10-18 01:41:24,Tablet,West,Social Media  ,Sports,,Yes
USR08658,SES08658,BROWSE,2025-10-13 22:04:04,Tablet,South,Email,Fashion,0.0,Yes
USR07305,SES07305,Browse,2025-10-05 20:26:10,Desktop,East,Google Ads,Electronics,,Yes
USR03626,SES03626,browse,2025-10-07 21:00:33,Tablet,East,Social Media,Sports,0.0,Yes
USR07104,SES07104,Browse,2025-10-10 09:48:08,Mobile,North,Organic,Sports,0.0,Yes
USR04651,SES04651,Add to Cart,2025-10-27 10:31:06,Tablet,North,Google Ads,Fashion,0.0,Yes
USR06274,SES06274,Purchase,2025-10-26 19:45:03,Desktop,West,Email,Sports,980.56,No
USR01259,SES01259,Browse,2025-10-03 03:15:53,Mobile,East,Google Ads,Electronics,0.0,Yes
USR01633,SES01633,browse,2025-10-12 04:00:54,Desktop,North,Email,Sports,,Yes
USR08111,SES08111,Browse,10/20/2025,Tablet,West,Google Ads,Beauty,0.0,Yes
USR02725,SES02725,Add to Cart,2025-10-26 14:48:57,Desktop,North,Google Ads,Electronics,-99.99,Yes
USR01209,SES01209,Browse,2025-10-06 06:55:13,Desktop,West,Google Ads,Fashion,0.0,Yes
USR08759,SES08759,Add to Cart,2025-10-06 15:29:49,Tablet,West,Google Ads,Electronics,0.0,No
USR08085,SES08085,BROWSE,2025-10-19 05:47:31,Tablet,South,Google Ads,Electronics,0.0,Yes
USR05924,SES05924,Browse,2025-10-28 01:51:54,Tablet,,Email,Beauty,0.0,Yes
USR05738,SES05738,Browse,2025-10-13 12:07:04,Desktop,West,Google Ads,Electronics,0.0,No
USR08714,SES08714,Checkout,2025-10-03 14:47:36,Desktop,East,Google Ads,Electronics,0.0,No
USR08901,SES08901,Browse,2025-10-26 08:48:06,Tablet,West,Google Ads  ,Home,0.0,Yes
USR00796,SES00796,Add to Cart,2025-10-04 19:58:25,Tablet,East,Organic,Sports,0.0,No
USR02144,SES02144,Browse,2025-10-08 12:44:24,Mobile,,Social Media,Home,0.0,Yes
USR03986,SES03986,Browse,2025-10-05 23:32:35,Mobile,South,Organic,Fashion,0.0,No
USR08163,SES08163,Browse,2025-10-19 21:59:13,Desktop,East,Social Media,Electronics,0.0,Yes
USR02211,SES02211,ADD TO CART,2025-10-27 23:54:57,Tablet,West,Organic,Fashion,0.0,No
USR04633,SES04633,BROWSE,10/20/2025,Tablet,North,Organic,Fashion,0.0,Yes
USR05210,SES05210,browse,2025-10-23 20:06:59,Mobile,North,Social Media,Fashion,0.0,Yes
USR08762,SES08762,BROWSE,2025-10-22 21:31:26,Mobile,West,Email,Electronics,0.0,Yes
USR00503,SES00503,Browse,2025-10-21 04:48:03,Tablet,West,Organic,Electronics,0.0,Yes
USR01332,SES01332,Browse,2025-10-30 11:50:32,,South,Email,Fashion,0.0,Yes
USR01670,SES01670,BROWSE,2025-10-09 15:47:44,Mobile,North,Google Ads,Sports,0.0,Yes
USR02942,SES02942,ADD TO CART,2025-10-19 03:45:39,Mobile,East,Organic,Sports,0.0,Yes
USR03842,SES03842,Browse,2025-10-13 22:46:32,,West,Google Ads,Home,0.0,No
USR01710,SES01710,Browse,2025-10-10 23:50:15,,East,Google Ads,Fashion,0.0,Yes
USR04636,SES04636,BROWSE,2025-10-28 17:14:33,Tablet,North,Email  ,Beauty,0.0,No
USR04076,SES04076,Add to Cart,2025-10-05 10:35:08,Tablet,North,Organic,Beauty,0.0,Yes
USR02402,SES02402,Checkout,2025-10-14 02:32:14,Mobile,South,Social Media,Home,0.0,Yes
USR07589,SES07589,Add to Cart,2025-10-10 14:08:21,Mobile,South,Google Ads  ,Home,,No
USR08740,SES08740,Checkout,2025-10-16 17:49:35,Tablet,East,Organic,Fashion,0.0,Yes
USR09804,SES09804,BROWSE,2025-10-15 15:46:22,Tablet,East,Google Ads,Sports,0.0,Yes
USR09904,SES09904,checkout,2025-10-12 16:07:08,Desktop,West,Email  ,Beauty,0.0,Yes
USR02418,SES02418,Add to Cart,2025-10-04 08:33:35,Tablet,East,Organic,Beauty,0.0,Yes
USR08491,SES08491,Add to Cart,2025-10-27 01:59:42,Desktop,West,Organic,Fashion,,Yes
USR09776,SES09776,Browse,2025-10-04 20:43:45,Mobile,West,Social Media,Electronics,0.0,Yes
USR04487,SES04487,Browse,2025-10-23 06:46:59,Mobile,East,Google Ads,Sports,0.0,Yes
USR08496,SES08496,Browse,2025-10-20 00:11:00,Desktop,South,Google Ads,Fashion,0.0,Yes
USR06183,SES06183,Add to Cart,2025-10-26 18:21:45,Mobile,,Social Media,Home,0.0,Yes
USR07519,SES07519,Browse,2025-10-15 06:47:57,Desktop,South,Organic,Home,0.0,Yes
USR04146,SES04146,browse,2025-10-27 17:36:44,Tablet,East,Social Media,Beauty,,Yes
USR08617,SES08617,BROWSE,2025-10-02 13:50:29,Tablet,West,Social Media  ,Home,0.0,Yes
USR02708,SES02708,Add to Cart,2025-10-19 06:21:27,Tablet,South,Email  ,Electronics,0.0,No
USR08342,SES08342,Add to Cart,2025-10-02 18:29:35,Tablet,South,Google Ads,Electronics,0.0,Yes
USR07518,SES07518,Browse,2025-10-03 13:00:56,Mobile,South,Email,Beauty,,Yes
USR02764,SES02764,Add to Cart,2025-10-28 11:02:18,Tablet,North,Social Media,Sports,0.0,Yes
USR01011,SES01011,PURCHASE,2025-10-06 21:38:32,,North,Email  ,Home,733.2,No
USR01874,SES01874,checkout,2025-10-09 23:26:26,Tablet,North,Organic,Fashion,0.0,Yes
USR08626,SES08626,Add to Cart,2025-10-16 14:11:48,Mobile,North,Email,Electronics,0.0,Yes
USR01390,SES01390,Checkout,2025-10-14 01:14:27,Mobile,West,Social Media,Sports,0.0,No
USR09176,SES09176,Add to Cart,2025-10-01 23:45:28,,South,Social Media,Electronics,0.0,Yes
USR03301,SES03301,BROWSE,2025-10-25 14:43:02,Tablet,West,Social Media,Beauty,0.0,Yes
USR06924,SES06924,ADD TO CART,2025-10-12 14:32:57,Tablet,East,Organic,Fashion,0.0,Yes
USR01557,SES01557,Purchase,2025-10-08 10:54:07,Tablet,East,Social Media  ,Sports,1938.9,No
USR09421,SES09421,add to cart,2025-10-12 04:30:55,Desktop,West,Email,Fashion,0.0,Yes
USR00812,SES00812,Add to Cart,2025-10-05 00:41:22,,South,Organic,Home,0.0,No
USR06138,SES06138,Add to Cart,10/20/2025,Mobile,West,Google Ads,Beauty,,No
USR00236,SES00236,PURCHASE,2025-10-12 10:55:40,Tablet,North,Google Ads,Fashion,400.13,No
USR04880,SES04880,Browse,2025-10-03 05:15:32,Tablet,West,Google Ads,Fashion,0.0,Yes
USR04939,SES04939,CHECKOUT,2025-10-24 12:16:42,Tablet,East,Email,Home,0.0,Yes
USR02721,SES02721,Browse,2025-10-03 04:15:46,Desktop,North,Organic,Beauty,0.0,Yes
USR03212,SES03212,add to cart,2025-10-05 04:16:25,Tablet,South,Social Media,Electronics,,Yes
USR06916,SES06916,Add to Cart,2025-10-11 10:45:14,Mobile,East,Google Ads,Fashion,,Yes
USR07421,SES07421,browse,2025-10-20 13:48:23,Mobile,East,Social Media,Fashion,,Yes
USR01712,SES01712,Purchase,2025-10-07 19:33:58,Mobile,West,Social Media,Electronics,1720.93,No
USR03512,SES03512,ADD TO CART,2025-10-09 15:40:52,,South,Email,Home,0.0,Yes
USR06815,SES06815,browse,2025-10-17 06:29:47,Mobile,East,Email,Electronics,0.0,Yes
USR06027,SES06027,Browse,2025-10-19 23:13:06,,North,Organic  ,Fashion,0.0,Yes
USR06972,SES06972,Browse,2025-10-11 20:39:28,Mobile,North,Social Media,Fashion,0.0,Yes
USR08056,SES08056,Browse,2025-10-31 19:00:46,Tablet,West,Organic,Sports,0.0,Yes
USR03467,SES03467,browse,2025-10-11 04:32:46,Tablet,North,Social Media,Beauty,0.0,Yes
USR08949,SES08949,BROWSE,2025-10-12 09:59:45,,South,Social Media,Home,0.0,No
USR01175,SES01175,BROWSE,2025-10-24 20:22:39,Mobile,South,Organic,Beauty,0.0,Yes
USR09402,SES09402,Add to Cart,2025-10-02 18:34:36,Desktop,East,Google Ads,Beauty,0.0,Yes
USR03463,SES03463,Add to Cart,2025-10-04 16:59:16,Tablet,South,Organic,Fashion,0.0,No
USR07170,SES07170,Add to Cart,2025-10-20 11:26:10,Mobile,West,Email,Home,0.0,No
USR04237,SES04237,Browse,2025-10-03 11:57:41,Tablet,North,Email,Sports,0.0,Yes
USR08643,SES08643,ADD TO CART,2025-10-07 18:05:30,Tablet,North,Organic,Home,0.0,Yes
USR01507,SES01507,add to cart,2025-10-14 14:10:23,Mobile,West,Email,Fashion,0.0,Yes
USR07278,SES07278,Browse,2025-10-20 04:16:51,Desktop,West,Email,Sports,0.0,Yes
USR04411,SES04411,Checkout,2025-10-22 23:14:09,Mobile,North,Social Media,Fashion,0.0,Yes
USR01862,SES01862,Browse,2025-10-15 19:20:25,Tablet,North,Social Media  ,Fashion,0.0,Yes
USR09204,SES09204,browse,2025-10-15 02:49:53,Mobile,North,Social Media,Sports,0.0,Yes
USR02515,SES02515,Add to Cart,2025-10-18 02:57:17,Mobile,North,Social Media  ,Sports,0.0,No
USR05785,SES05785,add to cart,2025-10-17 18:52:39,Mobile,East,Organic,Electronics,0.0,Yes
USR09452,SES09452,Browse,2025-10-15 21:48:13,Tablet,North,Google Ads,Sports,0.0,Yes
USR03948,SES03948,ADD TO CART,2025-10-07 07:52:22,Desktop,East,Email,Electronics,,Yes
USR02192,SES02192,Add to Cart,2025-10-22 23:29:24,,South,Organic  ,Beauty,0.0,Yes
USR03168,SES03168,Browse,2025-10-24 17:47:40,Tablet,South,Social Media,Home,0.0,Yes
USR02346,SES02346,BROWSE,2025-10-11 05:25:35,Mobile,East,Email,Fashion,0.0,Yes
USR09805,SES09805,BROWSE,2025-10-13 14:45:28,Mobile,East,Social Media,Sports,0.0,Yes
USR02087,SES02087,Browse,2025-10-08 08:59:28,Tablet,South,Social Media,Beauty,0.0,Yes
USR05636,SES05636,ADD TO CART,2025-10-22 13:35:21,Desktop,West,Google Ads,Fashion,0.0,Yes
USR05753,SES05753,Purchase,2025-10-19 08:56:40,Mobile,North,Email,Electronics,1478.51,No
USR07973,SES07973,Browse,2025-10-11 14:03:35,Mobile,South,Google Ads,Fashion,0.0,Yes
USR07846,SES07846,ADD TO CART,2025-10-17 15:07:15,Desktop,,Google Ads,Sports,0.0,Yes
USR02263,SES02263,Add to Cart,2025-10-23 03:46:34,,West,Email,Electronics,0.0,Yes
USR03688,SES03688,BROWSE,2025-10-04 11:44:20,Tablet,South,Organic,Fashion,,No
USR07993,SES07993,browse,2025-10-15 12:50:34,Mobile,,Google Ads,Electronics,0.0,Yes
USR07995,SES07995,Add to Cart,2025-10-17 00:29:11,Desktop,South,Organic,Beauty,0.0,Yes
USR09456,SES09456,Add to Cart,2025-10-07 11:50:45,Mobile,North,Social Media,Beauty,0.0,Yes
USR09325,SES09325,Browse,2025-10-11 02:08:41,Desktop,East,Social Media,Beauty,0.0,Yes
USR09748,SES09748,Add to Cart,2025-10-14 12:24:21,Mobile,North,Organic,Home,0.0,Yes
USR00823,SES00823,Add to Cart,2025-10-23 00:22:43,Desktop,East,Social Media,Beauty,0.0,Yes
USR01687,SES01687,Browse,2025-10-22 13:29:46,Desktop,South,Email,Fashion,0.0,Yes
USR01115,SES01115,Checkout,2025-10-11 03:32:06,Tablet,South,Social Media,Fashion,0.0,Yes
USR00223,SES00223,Browse,2025-10-31 18:56:52,Desktop,East,Email,Beauty,0.0,Yes
USR02112,SES02112,BROWSE,2025-10-26 01:31:53,Tablet,North,Google Ads,Beauty,,Yes
USR04888,SES04888,browse,2025-10-13 23:56:06,Desktop,East,Social Media,Beauty,0.0,Yes
USR02238,SES02238,Browse,2025-10-25 02:23:09,Desktop,West,Social Media,Sports,0.0,Yes
USR05987,SES05987,BROWSE,2025-10-06 11:11:10,Desktop,North,Email,Beauty,0.0,Yes
USR00211,SES00211,Checkout,2025-10-27 04:01:14,Desktop,,Email,Electronics,,No
USR00231,SES00231,Checkout,2025-10-30 12:57:23,Tablet,East,Email,Electronics,0.0,Yes
USR08228,SES08228,add to cart,2025-10-11 01:46:36,Tablet,East,Organic,Beauty,0.0,Yes
USR03301,SES03301,Browse,2025-10-25 14:43:02,Tablet,West,Social Media,Beauty,0.0,Yes
USR00024,SES00024,ADD TO CART,2025-10-08 17:12:15,Tablet,East,Organic,Home,0.0,Yes
USR05901,SES05901,BROWSE,2025-10-23 11:25:37,Desktop,North,Organic,Beauty,0.0,Yes
USR03008,SES03008,Add to Cart,2025-10-06 03:04:05,Desktop,South,Organic,Home,0.0,Yes
USR00412,SES00412,browse,2025-10-08 04:31:01,,North,Organic,Beauty,0.0,Yes
USR09893,SES09893,Browse,2025-10-21 05:15:33,,West,Google Ads,Fashion,0.0,Yes
USR03688,SES03688,Browse,10/20/2025,Tablet,South,Organic,Fashion,,No
USR02629,SES02629,Checkout,2025-10-19 16:39:46,Tablet,North,Organic,Sports,0.0,Yes
USR06666,SES06666,Add to Cart,2025-10-03 19:16:52,Mobile,East,Google Ads,Home,0.0,Yes
USR03858,SES03858,Add to Cart,2025-10-23 11:29:08,Mobile,North,Organic,Fashion,0.0,Yes
USR02169,SES02169,BROWSE,2025-10-11 15:40:45,Mobile,North,Organic,Fashion,0.0,Yes
USR06368,SES06368,checkout,2025-10-19 20:32:53,Desktop,East,Google Ads,Fashion,0.0,No
USR01515,SES01515,Checkout,2025-10-30 18:30:12,Mobile,West,Google Ads,Beauty,0.0,Yes
USR01815,SES01815,browse,2025-10-17 16:37:33,Desktop,East,Organic,Fashion,0.0,Yes
USR09656,SES09656,Add to Cart,2025-10-18 12:26:31,Mobile,North,Email,Beauty,0.0,Yes
USR05329,SES05329,browse,2025-10-23 13:30:18,Tablet,South,Social Media,Beauty,0.0,Yes
USR05824,SES05824,BROWSE,2025-10-19 23:07:45,Mobile,South,Email,Home,0.0,Yes
USR03100,SES03100,Add to Cart,2025-10-30 22:32:12,Tablet,East,Email,Beauty,0.0,No
USR02497,SES02497,checkout,2025-10-03 16:52:55,Desktop,,Social Media,Fashion,0.0,Yes
USR04409,SES04409,Browse,2025-10-14 13:03:53,Tablet,East,Google Ads,Electronics,0.0,No
USR00095,SES00095,Add to Cart,2025-10-08 17:09:04,Tablet,South,Social Media,Beauty,0.0,Yes
USR02873,SES02873,Add to Cart,2025-10-04 06:06:53,Tablet,East,Google Ads,Electronics,0.0,Yes
USR04854,SES04854,Add to Cart,2025-10-16 04:57:43,Desktop,East,Social Media,Sports,0.0,Yes
USR06786,SES06786,ADD TO CART,2025-10-18 19:11:53,Tablet,North,Organic  ,Home,0.0,Yes
USR02532,SES02532,Checkout,2025-10-30 07:53:38,Mobile,North,Organic,Fashion,0.0,Yes
USR06976,SES06976,CHECKOUT,2025-10-04 01:53:15,Tablet,North,Google Ads,Home,0.0,Yes
USR06928,SES06928,Browse,2025-10-05 07:49:23,,West,Social Media,Beauty,0.0,Yes
USR08913,SES08913,BROWSE,2025-10-31 15:45:15,Mobile,West,Social Media  ,Beauty,0.0,Yes
USR08956,SES08956,add to cart,2025-10-18 21:06:01,Tablet,South,Email,Electronics,,Yes
USR09999,SES09999,browse,2025-10-03 17:22:58,Desktop,South,Google Ads,Electronics,0.0,No
USR06178,SES06178,add to cart,2025-10-14 11:08:55,Mobile,North,Social Media,Home,0.0,Yes
USR04719,SES04719,Browse,2025-10-15 15:49:10,Desktop,North,Social Media,Fashion,0.0,Yes
USR06819,SES06819,Add to Cart,2025-10-08 21:15:36,Mobile,South,Google Ads,Home,0.0,Yes
USR06818,SES06818,Browse,2025-10-01 22:29:59,Tablet,North,Google Ads,Beauty,0.0,No
USR04756,SES04756,Checkout,2025-10-28 17:57:46,Desktop,South,Google Ads,Beauty,0.0,No
USR06981,SES06981,add to cart,2025-10-08 13:01:36,Desktop,North,Social Media,Beauty,0.0,Yes
USR08647,SES08647,browse,10/20/2025,Desktop,,Google Ads,Sports,0.0,Yes
USR07900,SES07900,browse,2025-10-16 23:27:45,Tablet,,Google Ads  ,Home,,Yes
USR08161,SES08161,browse,2025-10-14 06:41:58,Desktop,North,Organic,Fashion,0.0,Yes
USR01994,SES01994,Browse,2025-10-11 02:32:31,Tablet,North,Google Ads,Sports,0.0,Yes
USR06969,SES06969,add to cart,2025-10-21 18:06:34,Desktop,East,Email,Sports,0.0,Yes
USR07469,SES07469,Browse,2025-10-04 07:22:27,Tablet,North,Email,Beauty,,Yes
USR06219,SES06219,browse,2025-10-03 14:55:50,Desktop,West,Email  ,Electronics,,Yes
USR05612,SES05612,Browse,2025-10-18 16:48:25,Tablet,South,Social Media,Sports,0.0,Yes
USR05745,SES05745,ADD TO CART,2025-10-18 17:00:00,Tablet,South,Email,Electronics,,Yes
USR08692,SES08692,Browse,2025-10-02 02:05:37,Mobile,South,Email,Sports,0.0,Yes
USR08080,SES08080,Checkout,2025-10-30 01:12:09,Tablet,West,Organic,Home,0.0,No
USR04789,SES04789,Browse,2025-10-13 05:53:19,Mobile,North,Google Ads,Fashion,0.0,Yes
USR08987,SES08987,Browse,2025-10-03 07:49:15,Desktop,South,Email,Electronics,0.0,Yes
USR02090,SES02090,Browse,2025-10-18 05:15:03,Mobile,East,Google Ads,Electronics,0.0,Yes
USR06772,SES06772,ADD TO CART,2025-10-21 21:50:06,,West,Email,Beauty,0.0,Yes
USR06459,SES06459,Add to Cart,2025-10-18 20:16:54,Mobile,East,Organic  ,Sports,0.0,No
USR03957,SES03957,CHECKOUT,2025-10-26 14:17:21,Tablet,North,Google Ads,Electronics,0.0,Yes
USR02754,SES02754,Purchase,2025-10-13 08:22:34,,North,Organic,Electronics,940.12,No
USR05942,SES05942,purchase,2025-10-16 08:33:48,Desktop,West,Social Media,Fashion,1797.57,No
USR02571,SES02571,Add to Cart,2025-10-29 16:19:39,Desktop,South,Social Media,Electronics,0.0,Yes
USR09481,SES09481,BROWSE,10/20/2025,Mobile,East,Social Media  ,Electronics,0.0,Yes
USR05675,SES05675,Browse,2025-10-30 09:24:01,,North,Email,Electronics,,Yes
USR03523,SES03523,checkout,2025-10-22 01:13:44,Desktop,North,Google Ads,Sports,0.0,No
USR04962,SES04962,Add to Cart,2025-10-27 11:52:07,Tablet,North,Organic,Home,0.0,Yes
USR03454,SES03454,BROWSE,2025-10-28 10:01:11,Tablet,North,Google Ads,Beauty,0.0,Yes
USR09086,SES09086,BROWSE,2025-10-07 04:06:40,Mobile,West,Email,Fashion,0.0,Yes
USR01797,SES01797,purchase,2025-10-23 04:35:11,Desktop,West,Email,Electronics,1189.68,No
USR09464,SES09464,BROWSE,2025-10-10 20:06:43,Mobile,East,Google Ads  ,Home,0.0,Yes
USR04402,SES04402,browse,2025-10-13 09:16:44,Tablet,East,Google Ads,Fashion,-99.99,No
USR08076,SES08076,Add to Cart,2025-10-15 10:45:50,Tablet,North,Google Ads,Fashion,0.0,Yes
USR04900,SES04900,BROWSE,10/20/2025,Mobile,South,Organic,Home,0.0,Yes
USR00102,SES00102,browse,2025-10-07 15:29:38,Desktop,North,Email,Fashion,0.0,Yes
USR08333,SES08333,Checkout,2025-10-23 01:43:19,Mobile,East,Social Media,Sports,0.0,Yes
USR01233,SES01233,browse,2025-10-03 00:35:09,Mobile,,Email,Home,0.0,Yes
USR08281,SES08281,Browse,2025-10-23 19:48:23,Tablet,South,Social Media,Sports,0.0,Yes
USR07037,SES07037,Checkout,2025-10-21 18:26:27,Tablet,South,Email,Electronics,0.0,Yes
USR02871,SES02871,Browse,2025-10-06 18:16:50,Tablet,West,Organic,Sports,,Yes
USR03406,SES03406,CHECKOUT,2025-10-09 12:11:22,Desktop,East,Social Media,Home,0.0,Yes
USR02855,SES02855,Add to Cart,2025-10-11 09:03:31,Tablet,North,Email,Electronics,0.0,Yes
USR07544,SES07544,Checkout,2025-10-11 20:48:34,,North,Email,Beauty,,No
USR06320,SES06320,Checkout,10/20/2025,Mobile,West,Organic  ,Fashion,,Yes
USR04390,SES04390,Browse,2025-10-22 09:07:48,Mobile,North,Email,Sports,0.0,No
USR06775,SES06775,BROWSE,2025-10-15 16:15:50,Tablet,East,Organic,Beauty,0.0,Yes
USR07666,SES07666,Browse,2025-10-27 11:58:50,Tablet,North,Email,Beauty,0.0,Yes
USR01434,SES01434,browse,2025-10-09 19:49:36,Mobile,West,Google Ads,Sports,,Yes
USR01265,SES01265,Browse,2025-10-03 06:21:34,,East,Social Media,Beauty,0.0,Yes
USR00334,SES00334,browse,2025-10-22 00:27:35,Desktop,South,Organic,Fashion,0.0,Yes
USR06725,SES06725,Browse,2025-10-27 04:18:16,Desktop,East,Email,Home,,Yes
USR08784,SES08784,PURCHASE,2025-10-11 22:45:48,Tablet,West,Email,Electronics,1384.9,No
USR04805,SES04805,Browse,2025-10-08 07:07:39,Desktop,North,Email,Electronics,999999.0,Yes
USR07073,SES07073,Browse,2025-10-04 00:04:59,Desktop,South,Google Ads,Beauty,0.0,Yes
USR03781,SES03781,CHECKOUT,2025-10-15 01:53:30,Desktop,South,Social Media,Electronics,,No
USR08855,SES08855,Add to Cart,2025-10-18 14:00:04,Tablet,West,Google Ads,Home,0.0,No
USR01766,SES01766,browse,2025-10-21 18:47:24,,North,Organic,Fashion,-99.99,Yes
USR00958,SES00958,Checkout,2025-10-01 21:06:32,Mobile,East,Google Ads,Sports,,Yes
USR04095,SES04095,BROWSE,2025-10-30 01:47:09,Mobile,South,Email,Fashion,0.0,Yes
USR04947,SES04947,Browse,2025-10-08 13:41:15,Tablet,West,Email,Beauty,0.0,Yes
USR04830,SES04830,browse,2025-10-09 10:50:11,,West,Organic,Home,0.0,Yes
USR03621,SES03621,Browse,2025-10-31 10:00:54,Desktop,North,Email,Sports,0.0,Yes
USR01214,SES01214,ADD TO CART,2025-10-07 16:09:48,Tablet,North,Organic,Sports,0.0,Yes
USR05982,SES05982,Checkout,2025-10-04 04:09:25,Desktop,East,Email,Electronics,0.0,No
USR05868,SES05868,Browse,2025-10-07 13:53:19,Tablet,South,Google Ads,Home,0.0,Yes
USR04010,SES04010,Browse,2025-10-29 18:07:25,Mobile,West,Email,Electronics,0.0,Yes
USR00505,SES00505,Checkout,2025-10-12 19:41:32,Desktop,North,Social Media,Electronics,0.0,Yes
USR07876,SES07876,BROWSE,2025-10-24 21:16:27,Tablet,East,Social Media,Beauty,0.0,Yes
USR05680,SES05680,Add to Cart,2025-10-23 00:19:03,Desktop,South,Google Ads,Home,,Yes
USR02864,SES02864,Add to Cart,2025-10-29 10:56:19,,North,Google Ads,Beauty,0.0,Yes
USR04083,SES04083,Browse,2025-10-25 05:40:50,Desktop,North,Social Media,Beauty,0.0,Yes
USR04542,SES04542,browse,2025-10-09 11:46:40,Mobile,South,Organic  ,Sports,0.0,No
USR00720,SES00720,ADD TO CART,2025-10-17 07:20:23,,North,Email,Beauty,0.0,Yes
USR01990,SES01990,Checkout,2025-10-06 04:47:11,,South,Social Media,Electronics,,No
USR00654,SES00654,Browse,2025-10-06 13:01:41,,West,Organic,Fashion,,Yes
USR04018,SES04018,Browse,2025-10-29 14:20:35,Mobile,East,Email,Beauty,0.0,Yes
USR09672,SES09672,Browse,2025-10-14 16:05:30,Desktop,West,Organic,Fashion,0.0,Yes
USR05035,SES05035,Add to Cart,2025-10-03 15:51:34,Mobile,East,Social Media  ,Electronics,0.0,No
USR06411,SES06411,Browse,2025-10-22 16:09:03,Mobile,North,Social Media,Home,0.0,Yes
USR00163,SES00163,Browse,2025-10-20 23:50:02,Tablet,West,Google Ads,Sports,0.0,Yes
USR03898,SES03898,Add to Cart,2025-10-07 02:36:41,Mobile,South,Social Media,Sports,0.0,Yes
USR01711,SES01711,purchase,2025-10-25 08:24:38,Tablet,East,Social Media,Beauty,1390.61,No
USR03666,SES03666,Browse,10/20/2025,Tablet,North,Organic,Fashion,0.0,Yes
USR04534,SES04534,ADD TO CART,2025-10-15 15:32:17,Desktop,East,Social Media,Electronics,0.0,Yes
USR03351,SES03351,Browse,2025-10-26 18:06:43,Mobile,East,Google Ads,Home,0.0,Yes
USR05250,SES05250,Browse,2025-10-19 16:57:44,Tablet,East,Google Ads,Electronics,0.0,Yes
USR06428,SES06428,Add to Cart,2025-10-20 22:58:59,Tablet,South,Google Ads  ,Home,0.0,Yes
USR05551,SES05551,Purchase,10/20/2025,Tablet,East,Organic,Beauty,1308.3,No
USR08910,SES08910,Browse,2025-10-15 04:32:51,Mobile,North,Organic,Sports,0.0,Yes
USR05701,SES05701,Add to Cart,2025-10-21 05:57:35,Tablet,West,Google Ads,Electronics,0.0,No
USR08767,SES08767,Add to Cart,2025-10-29 10:00:36,Desktop,West,Organic,Home,0.0,Yes
USR03812,SES03812,Checkout,10/20/2025,Tablet,South,Email,Beauty,0.0,Yes
USR01894,SES01894,Add to Cart,2025-10-09 22:06:42,Tablet,East,Social Media,Home,0.0,Yes
USR09846,SES09846,Browse,2025-10-13 21:53:14,Tablet,North,Email,Fashion,0.0,Yes
USR02836,SES02836,Checkout,2025-10-30 03:40:52,Mobile,East,Email,Home,0.0,Yes
USR03320,SES03320,Browse,2025-10-18 12:32:12,Tablet,East,Organic,Beauty,0.0,Yes
USR00603,SES00603,Purchase,2025-10-29 23:02:18,,West,Organic,Beauty,1237.55,No
USR01476,SES01476,Browse,2025-10-07 13:11:58,Mobile,,Email,Home,0.0,Yes
USR07060,SES07060,browse,10/20/2025,Desktop,East,Email,Sports,,Yes
USR05601,SES05601,Browse,10/20/2025,Mobile,South,Organic  ,Sports,0.0,Yes
USR08994,SES08994,CHECKOUT,2025-10-07 17:11:05,Tablet,North,Organic,Fashion,0.0,Yes
USR07105,SES07105,Purchase,2025-10-26 04:03:19,Tablet,West,Email,Home,,No
USR04738,SES04738,Checkout,2025-10-18 01:54:34,Desktop,East,Social Media,Home,0.0,No
USR00385,SES00385,Browse,2025-10-18 10:40:06,Desktop,South,Google Ads,Sports,,No
USR02911,SES02911,browse,2025-10-09 19:18:29,Mobile,East,Email  ,Beauty,0.0,Yes
USR07905,SES07905,Browse,2025-10-13 12:02:34,Tablet,South,Social Media,Fashion,999999.0,Yes
USR04919,SES04919,ADD TO CART,2025-10-09 12:34:23,Mobile,South,Google Ads,Beauty,0.0,Yes
USR08123,SES08123,browse,2025-10-28 21:32:03,Tablet,East,Social Media,Beauty,0.0,Yes
USR05262,SES05262,BROWSE,2025-10-03 08:00:50,Mobile,West,Social Media,Home,0.0,Yes
USR02082,SES02082,Add to Cart,2025-10-12 12:08:14,,East,Organic,Sports,0.0,Yes
USR01483,SES01483,Purchase,2025-10-18 06:40:34,Mobile,East,Social Media,Beauty,540.81,No
USR07539,SES07539,BROWSE,2025-10-21 18:01:52,Tablet,West,Email,Home,,Yes
USR07334,SES07334,add to cart,2025-10-26 19:30:36,Tablet,West,Social Media,Home,0.0,Yes
USR01621,SES01621,browse,2025-10-05 14:30:18,Desktop,South,Social Media  ,Fashion,,Yes
USR06300,SES06300,Add to Cart,2025-10-17 00:16:31,,East,Email,Sports,0.0,Yes
USR06691,SES06691,add to cart,2025-10-16 04:30:45,Desktop,North,Social Media,Home,0.0,Yes
USR09563,SES09563,BROWSE,2025-10-10 10:55:37,Mobile,West,Organic  ,Beauty,0.0,Yes
USR04494,SES04494,Browse,2025-10-07 23:28:29,Tablet,,Email,Sports,0.0,Yes
USR05169,SES05169,Browse,2025-10-28 06:55:37,Desktop,North,Organic,Home,0.0,Yes
USR00478,SES00478,Browse,2025-10-18 11:31:56,Tablet,East,Email,Beauty,0.0,Yes
USR07830,SES07830,Add to Cart,2025-10-08 02:04:46,Mobile,South,Organic,Home,,Yes
USR09069,SES09069,Add to Cart,2025-10-13 17:58:31,Tablet,East,Google Ads,Home,0.0,Yes
USR06859,SES06859,add to cart,2025-10-15 00:44:05,Mobile,,Google Ads,Fashion,0.0,Yes
USR00731,SES00731,CHECKOUT,2025-10-13 17:49:15,Tablet,North,Organic  ,Home,0.0,Yes
USR00557,SES00557,Checkout,2025-10-21 04:51:59,Tablet,North,Organic,Electronics,0.0,Yes
USR08939,SES08939,Browse,2025-10-29 23:47:46,Tablet,North,Organic,Beauty,,Yes
USR02126,SES02126,checkout,2025-10-17 21:42:16,Mobile,East,Email  ,Fashion,0.0,Yes
USR08340,SES08340,add to cart,2025-10-09 12:37:35,Tablet,North,Email,Home,0.0,Yes
USR02082,SES02082,Browse,2025-10-12 12:03:14,Tablet,West,Email,Fashion,0.0,Yes
USR05898,SES05898,Checkout,2025-10-25 08:42:38,Tablet,South,Email,Sports,0.0,Yes
USR01418,SES01418,browse,2025-10-05 03:05:15,Mobile,East,Organic,Sports,0.0,Yes
USR05838,SES05838,Browse,2025-10-26 08:23:37,Desktop,West,Email,Beauty,,Yes
USR01813,SES01813,ADD TO CART,2025-10-13 21:52:49,Desktop,East,Organic,Beauty,0.0,Yes
USR05506,SES05506,Purchase,2025-10-06 09:22:20,Mobile,East,Social Media,Sports,1016.76,No
USR01595,SES01595,Purchase,2025-10-04 12:24:55,Desktop,South,Google Ads  ,Home,1155.3,No
USR02721,SES02721,Checkout,2025-10-03 04:23:46,Mobile,North,Google Ads,Beauty,,Yes
USR08911,SES08911,Browse,2025-10-06 12:47:02,Mobile,East,Google Ads,Electronics,0.0,Yes
USR02132,SES02132,BROWSE,2025-10-23 23:39:45,Tablet,North,Google Ads,Beauty,,No
USR06943,SES06943,Browse,2025-10-26 00:40:13,Mobile,West,Email,Fashion,0.0,Yes
USR03496,SES03496,Browse,10/20/2025,Mobile,West,Organic,Fashion,0.0,Yes
USR06518,SES06518,add to cart,10/20/2025,,East,Email,Electronics,0.0,Yes
USR09933,SES09933,ADD TO CART,2025-10-10 03:17:08,Desktop,East,Organic,Electronics,0.0,Yes
USR08490,SES08490,Checkout,2025-10-08 04:43:13,Desktop,East,Social Media  ,Sports,0.0,No
USR08619,SES08619,Browse,10/20/2025,Desktop,North,Organic  ,Electronics,0.0,Yes
USR05073,SES05073,Add to Cart,2025-10-08 12:29:50,Desktop,East,Social Media,Beauty,0.0,Yes
USR04871,SES04871,purchase,2025-10-30 12:35:30,Tablet,East,Organic,Fashion,1757.89,No
USR05138,SES05138,Browse,2025-10-05 09:00:03,Desktop,East,Organic,Home,0.0,No
USR06597,SES06597,browse,2025-10-06 03:13:56,Mobile,North,Organic,Fashion,0.0,Yes
USR03616,SES03616,Checkout,2025-10-01 23:23:11,Tablet,North,Google Ads,Electronics,0.0,No
USR04683,SES04683,Browse,2025-10-20 09:53:44,,North,Organic,Sports,0.0,Yes
USR06421,SES06421,Browse,2025-10-29 11:29:08,Mobile,East,Email  ,Beauty,0.0,Yes
USR09064,SES09064,Browse,2025-10-31 08:53:10,Tablet,North,Google Ads,Electronics,0.0,Yes
USR04281,SES04281,Checkout,2025-10-26 03:39:56,Mobile,North,Social Media,Fashion,,Yes
USR04047,SES04047,browse,2025-10-10 10:26:30,Desktop,South,Organic,Electronics,,Yes
USR02888,SES02888,BROWSE,10/20/2025,Tablet,West,Social Media,Sports,0.0,Yes
USR08574,SES08574,Add to Cart,2025-10-10 15:48:26,Tablet,South,Social Media,Home,0.0,No
USR09119,SES09119,Browse,2025-10-20 16:33:34,Mobile,West,Google Ads,Fashion,999999.0,Yes
USR09728,SES09728,PURCHASE,2025-10-09 18:44:44,Tablet,North,Google Ads,Home,-99.99,No
USR05107,SES05107,Browse,2025-10-09 18:20:07,,South,Google Ads  ,Beauty,0.0,Yes
USR08717,SES08717,BROWSE,2025-10-19 07:48:25,Tablet,East,Google Ads,Home,0.0,Yes
USR08462,SES08462,BROWSE,2025-10-17 11:12:31,Desktop,South,Social Media,Sports,0.0,Yes
USR03998,SES03998,add to cart,2025-10-25 20:54:01,Mobile,East,Email,Sports,0.0,No
USR06349,SES06349,Add to Cart,2025-10-03 03:25:50,Tablet,East,Google Ads,Sports,0.0,Yes
USR07971,SES07971,Browse,2025-10-05 04:38:27,Desktop,,Organic,Fashion,0.0,Yes
USR02786,SES02786,Browse,2025-10-15 08:51:20,Mobile,South,Email,Beauty,0.0,Yes
USR09524,SES09524,add to cart,2025-10-24 16:27:27,Mobile,East,Social Media,Home,,Yes
USR03573,SES03573,Browse,2025-10-21 12:23:14,,,Organic,Beauty,,Yes
USR06084,SES06084,Add to Cart,2025-10-08 05:23:02,Tablet,East,Google Ads,Fashion,0.0,Yes
USR01585,SES01585,Add to Cart,2025-10-22 07:53:56,Tablet,North,Email,Beauty,,No
USR05753,SES05753,Browse,2025-10-19 08:45:40,Desktop,South,Organic,Fashion,0.0,No
USR03133,SES03133,Add to Cart,2025-10-02 00:08:04,Tablet,South,Organic,Beauty,0.0,Yes
USR05068,SES05068,CHECKOUT,2025-10-08 13:40:39,Mobile,West,Google Ads,Home,0.0,Yes
USR09589,SES09589,Add to Cart,2025-10-21 17:22:03,Mobile,West,Google Ads,Sports,0.0,Yes
USR09481,SES09481,Add to Cart,2025-10-15 16:24:10,Tablet,,Organic,Sports,0.0,Yes
USR03930,SES03930,Browse,2025-10-24 06:00:03,Tablet,West,Social Media,Electronics,0.0,Yes
USR04409,SES04409,Purchase,2025-10-14 13:16:53,Tablet,South,Organic,Electronics,729.68,No
USR05774,SES05774,Add to Cart,2025-10-22 06:25:55,Desktop,South,Social Media,Fashion,0.0,Yes
USR08613,SES08613,ADD TO CART,2025-10-13 11:14:19,Desktop,North,Social Media,Home,0.0,Yes
USR07818,SES07818,ADD TO CART,2025-10-03 05:10:19,,South,Social Media,Fashion,0.0,Yes
USR00941,SES00941,Browse,2025-10-13 10:53:13,Tablet,North,Google Ads,Home,0.0,Yes
USR01927,SES01927,ADD TO CART,2025-10-13 02:49:28,Desktop,South,Organic,Home,0.0,Yes
USR00875,SES00875,Checkout,2025-10-18 21:10:53,Desktop,North,Email,Sports,,Yes
USR04892,SES04892,Browse,2025-10-24 13:31:13,Tablet,East,Google Ads,Beauty,-99.99,Yes
USR00935,SES00935,Checkout,2025-10-14 14:40:04,Tablet,West,Email,Fashion,999999.0,Yes
USR01951,SES01951,browse,2025-10-13 21:07:58,Tablet,East,Email,Beauty,0.0,No
USR09422,SES09422,Add to Cart,2025-10-26 19:32:05,Mobile,West,Social Media,Electronics,-99.99,Yes
USR01958,SES01958,Browse,2025-10-14 22:21:06,,West,Email,Electronics,999999.0,Yes
USR05079,SES05079,Add to Cart,2025-10-09 16:24:29,,West,Social Media,Sports,0.0,Yes
USR00122,SES00122,Checkout,10/20/2025,Tablet,East,Email,Fashion,0.0,Yes
USR04794,SES04794,browse,2025-10-12 10:41:40,Desktop,North,Google Ads,Home,0.0,Yes
USR01055,SES01055,BROWSE,2025-10-27 23:31:52,Mobile,East,Email,Beauty,0.0,Yes
USR00264,SES00264,Browse,2025-10-20 02:10:37,Tablet,West,Google Ads,Sports,0.0,Yes
USR04437,SES04437,Add to Cart,2025-10-18 11:03:38,Mobile,East,Email,Sports,0.0,No
USR03313,SES03313,Browse,2025-10-25 08:59:22,Tablet,North,Google Ads,Sports,0.0,Yes
USR04551,SES04551,ADD TO CART,2025-10-01 21:20:29,Mobile,West,Email,Sports,0.0,Yes
USR07197,SES07197,Browse,2025-10-15 23:46:41,Desktop,South,Social Media,Sports,0.0,Yes
USR01771,SES01771,Checkout,2025-10-30 08:47:22,Tablet,South,Email,Fashion,0.0,Yes
USR03616,SES03616,ADD TO CART,2025-10-01 23:20:11,Tablet,North,Social Media,Sports,0.0,No
USR03016,SES03016,Checkout,2025-10-29 16:41:05,Desktop,West,Email,Sports,,No
USR04693,SES04693,ADD TO CART,2025-10-22 18:32:22,Tablet,North,Email,Electronics,0.0,Yes
USR00661,SES00661,Add to Cart,10/20/2025,Tablet,South,Organic,Beauty,0.0,Yes
USR07882,SES07882,Add to Cart,2025-10-14 09:50:23,Tablet,North,Organic,Sports,0.0,Yes
USR02846,SES02846,Checkout,2025-10-12 19:02:41,Tablet,North,Google Ads,Fashion,0.0,No
USR00988,SES00988,Add to Cart,2025-10-29 20:09:38,Desktop,North,Social Media  ,Home,0.0,Yes
USR07592,SES07592,Checkout,2025-10-27 17:04:07,Tablet,North,Email,Fashion,0.0,No
USR08407,SES08407,Browse,2025-10-10 17:55:07,Mobile,East,Google Ads,Fashion,0.0,Yes
USR01469,SES01469,browse,2025-10-22 07:14:23,Tablet,South,Social Media,Beauty,0.0,Yes
USR07055,SES07055,BROWSE,2025-10-23 07:45:55,Tablet,South,Social Media  ,Beauty,0.0,Yes
USR09092,SES09092,add to cart,2025-10-05 07:43:38,Tablet,West,Organic,Electronics,0.0,No
USR02571,SES02571,Browse,2025-10-29 16:16:39,Desktop,,Email,Home,0.0,Yes
USR04014,SES04014,Add to Cart,2025-10-01 19:36:35,Mobile,,Organic  ,Home,0.0,Yes
USR09257,SES09257,ADD TO CART,2025-10-18 21:44:10,Tablet,West,Organic,Fashion,0.0,Yes
USR07714,SES07714,browse,2025-10-06 10:47:41,Tablet,,Google Ads,Home,0.0,Yes
USR08589,SES08589,Add to Cart,2025-10-16 04:18:27,Mobile,East,Social Media  ,Electronics,0.0,Yes
USR00332,SES00332,browse,2025-10-05 10:51:10,,West,Social Media,Fashion,,No
USR09696,SES09696,Add to Cart,2025-10-13 18:52:13,Tablet,North,Organic,Home,0.0,Yes
USR04483,SES04483,Browse,2025-10-23 20:56:08,Mobile,East,Social Media,Sports,0.0,Yes
USR04346,SES04346,browse,2025-10-19 05:33:01,Tablet,North,Organic,Electronics,0.0,No
USR00748,SES00748,Add to Cart,2025-10-21 05:22:00,Mobile,South,Email,Home,0.0,Yes
USR09447,SES09447,checkout,2025-10-15 13:08:40,,West,Social Media,Fashion,0.0,No
USR07938,SES07938,Browse,2025-10-19 12:10:11,Desktop,,Email,Electronics,0.0,Yes
USR08713,SES08713,Add to Cart,2025-10-30 15:41:59,Tablet,South,Google Ads,Electronics,0.0,Yes
USR05995,SES05995,Browse,2025-10-05 15:17:47,Desktop,West,Email,Fashion,0.0,Yes
USR03787,SES03787,Browse,2025-10-04 10:27:31,Tablet,West,Email,Beauty,0.0,No
USR00445,SES00445,Add to Cart,2025-10-07 14:24:21,Desktop,East,Social Media,Fashion,0.0,Yes
USR08737,SES08737,Browse,2025-10-12 03:25:06,Tablet,East,Organic,Sports,0.0,Yes
USR06466,SES06466,Browse,2025-10-20 19:51:20,Mobile,North,Google Ads,Home,0.0,Yes
USR04538,SES04538,Add to Cart,2025-10-09 16:56:31,Tablet,North,Social Media,Sports,0.0,Yes
USR04686,SES04686,Browse,2025-10-16 08:26:09,,East,Organic,Sports,0.0,Yes
USR08079,SES08079,Checkout,2025-10-10 22:11:44,Tablet,North,Email,Beauty,0.0,No
USR05261,SES05261,Add to Cart,2025-10-05 16:47:29,Mobile,West,Email,Home,0.0,Yes
USR09146,SES09146,Add to Cart,2025-10-07 00:39:37,Desktop,East,Google Ads,Electronics,0.0,Yes
USR06152,SES06152,Purchase,2025-10-19 07:16:11,Desktop,North,Email,Sports,726.83,No
USR01174,SES01174,BROWSE,2025-10-06 18:11:40,Desktop,,Google Ads,Sports,0.0,Yes
USR04903,SES04903,Checkout,2025-10-18 18:22:12,Mobile,South,Organic,Electronics,0.0,No
USR07093,SES07093,Add to Cart,2025-10-16 17:36:34,Mobile,South,Google Ads,Home,0.0,Yes
USR03293,SES03293,CHECKOUT,2025-10-08 01:35:09,Tablet,East,Organic,Beauty,0.0,Yes
USR05267,SES05267,BROWSE,2025-10-30 19:40:01,Mobile,East,Email,Beauty,,Yes
USR05680,SES05680,Browse,2025-10-23 00:15:03,Mobile,East,Email,Fashion,0.0,Yes
USR02178,SES02178,Browse,10/20/2025,Mobile,West,Organic,Fashion,0.0,Yes
USR04961,SES04961,Browse,2025-10-21 03:23:50,Tablet,North,Email,Beauty,0.0,Yes
USR02509,SES02509,Add to Cart,2025-10-30 03:29:14,,North,Google Ads,Beauty,0.0,Yes
USR08405,SES08405,Checkout,2025-10-30 07:32:46,Tablet,East,Email,Electronics,0.0,No
USR08642,SES08642,PURCHASE,2025-10-30 06:36:49,,East,Email,Fashion,672.13,No
USR02588,SES02588,CHECKOUT,2025-10-29 01:19:56,,East,Email,Beauty,0.0,Yes
USR05410,SES05410,BROWSE,10/20/2025,Desktop,South,Email,Electronics,0.0,Yes
USR00020,SES00020,Browse,2025-10-27 12:48:22,Desktop,West,Email  ,Electronics,0.0,Yes
USR06870,SES06870,BROWSE,2025-10-13 11:08:13,Desktop,South,Email,Fashion,0.0,Yes
USR02977,SES02977,checkout,2025-10-02 19:32:24,Tablet,South,Google Ads,Electronics,0.0,No
USR04781,SES04781,Add to Cart,2025-10-07 17:16:47,Desktop,West,Social Media  ,Sports,0.0,Yes
USR01277,SES01277,add to cart,2025-10-19 10:28:13,Mobile,South,Google Ads,Electronics,0.0,Yes
USR06906,SES06906,Browse,2025-10-23 11:02:29,Desktop,East,Social Media  ,Beauty,0.0,Yes
USR06611,SES06611,Add to Cart,2025-10-22 09:11:52,Mobile,,Email,Home,0.0,No
USR03847,SES03847,Browse,2025-10-16 09:00:11,Tablet,South,Email,Electronics,0.0,Yes
USR06146,SES06146,BROWSE,2025-10-09 04:29:53,Desktop,,Email,Home,0.0,Yes
USR02453,SES02453,CHECKOUT,10/20/2025,Mobile,West,Social Media,Electronics,0.0,Yes
USR06732,SES06732,Browse,10/20/2025,Tablet,East,Google Ads  ,Home,,Yes
USR07652,SES07652,Add to Cart,2025-10-05 22:25:12,Mobile,West,Organic,Sports,0.0,Yes
USR08679,SES08679,Add to Cart,2025-10-11 00:23:37,Tablet,West,Social Media,Beauty,0.0,Yes
USR00976,SES00976,Add to Cart,2025-10-28 17:07:59,Desktop,North,Email,Beauty,0.0,Yes
USR06889,SES06889,Add to Cart,2025-10-19 08:31:22,,West,Organic,Beauty,0.0,Yes
USR09178,SES09178,Browse,2025-10-04 18:17:10,Mobile,North,Google Ads,Fashion,0.0,Yes
USR07179,SES07179,Add to Cart,2025-10-15 00:48:30,Mobile,West,Social Media  ,Beauty,0.0,Yes
USR00780,SES00780,Add to Cart,2025-10-16 12:41:19,Mobile,North,Social Media,Beauty,0.0,Yes
USR00671,SES00671,checkout,2025-10-27 15:59:10,Tablet,North,Google Ads,Electronics,0.0,Yes
USR04504,SES04504,Browse,2025-10-17 23:34:43,Desktop,West,Social Media,Fashion,0.0,Yes
USR07486,SES07486,CHECKOUT,2025-10-25 09:23:15,Mobile,South,Email,Beauty,0.0,No
USR00026,SES00026,Browse,2025-10-28 01:31:26,Mobile,West,Google Ads,Fashion,0.0,No
USR05712,SES05712,ADD TO CART,2025-10-25 17:31:59,Mobile,North,Email,Fashion,0.0,Yes
USR01445,SES01445,Add to Cart,2025-10-18 04:23:09,Tablet,West,Organic,Beauty,0.0,Yes
USR04288,SES04288,Browse,2025-10-26 15:12:18,Desktop,East,Organic,Fashion,,Yes
USR09113,SES09113,ADD TO CART,2025-10-13 07:42:40,Desktop,East,Organic,Fashion,,No
USR08516,SES08516,Add to Cart,2025-10-27 19:35:21,Tablet,North,Social Media,Sports,0.0,Yes
USR05213,SES05213,add to cart,2025-10-16 01:18:41,,North,Organic,Fashion,0.0,Yes
USR09431,SES09431,Checkout,2025-10-04 11:42:11,Mobile,East,Social Media,Fashion,0.0,Yes
USR09076,SES09076,Add to Cart,2025-10-03 09:43:37,Mobile,East,Email,Fashion,0.0,Yes
USR08931,SES08931,Add to Cart,2025-10-05 15:35:45,Tablet,North,Email,Electronics,0.0,Yes
USR09852,SES09852,Browse,2025-10-12 06:10:45,Tablet,East,Google Ads,Beauty,,Yes
USR06655,SES06655,checkout,2025-10-29 16:02:49,Tablet,West,Google Ads,Sports,0.0,Yes
USR01369,SES01369,browse,2025-10-28 07:06:19,,South,Email,Fashion,,Yes
USR05444,SES05444,Add to Cart,2025-10-22 14:01:07,Tablet,East,Social Media,Beauty,0.0,Yes
USR07090,SES07090,BROWSE,2025-10-08 04:17:41,Desktop,North,Email,Electronics,0.0,Yes
USR04082,SES04082,Add to Cart,2025-10-04 18:39:12,Desktop,North,Email,Home,0.0,Yes
USR02652,SES02652,Browse,2025-10-08 04:33:16,Desktop,,Email,Beauty,0.0,No
USR08444,SES08444,Add to Cart,2025-10-13 17:49:01,,South,Email,Fashion,0.0,No
USR09255,SES09255,Add to Cart,2025-10-21 23:25:58,Mobile,West,Organic,Electronics,0.0,No
USR06999,SES06999,Browse,2025-10-23 07:39:17,,East,Email,Electronics,0.0,Yes
USR04284,SES04284,Add to Cart,2025-10-15 16:20:13,Tablet,East,Google Ads,Beauty,0.0,Yes
USR04569,SES04569,Browse,2025-10-14 23:06:09,,East,Email,Sports,0.0,Yes
USR06139,SES06139,Add to Cart,10/20/2025,Mobile,West,Organic,Home,0.0,Yes
USR09204,SES09204,Add to Cart,2025-10-15 02:51:53,Desktop,South,Email,Electronics,0.0,Yes
USR08503,SES08503,browse,2025-10-29 06:53:20,Tablet,West,Google Ads,Fashion,0.0,No
USR06388,SES06388,Browse,2025-10-16 14:30:03,Desktop,North,Email,Electronics,0.0,No
USR02059,SES02059,BROWSE,2025-10-22 00:24:39,Desktop,West,Social Media,Fashion,0.0,Yes
USR06616,SES06616,browse,2025-10-13 17:13:25,,West,Organic,Electronics,,Yes
USR03876,SES03876,purchase,2025-10-15 16:15:26,Desktop,West,Organic,Beauty,1185.03,No
USR04139,SES04139,Checkout,2025-10-19 14:28:56,Desktop,North,Google Ads,Home,0.0,Yes
USR05052,SES05052,BROWSE,2025-10-04 13:55:10,Tablet,South,Google Ads,Beauty,0.0,No
USR01925,SES01925,Browse,2025-10-06 06:40:25,Desktop,North,Google Ads,Home,0.0,Yes
USR07692,SES07692,Add to Cart,2025-10-30 07:36:19,,South,Organic,Home,0.0,No
USR00287,SES00287,ADD TO CART,2025-10-16 15:23:11,Desktop,West,Google Ads,Beauty,0.0,Yes
USR05756,SES05756,Add to Cart,2025-10-21 02:05:25,,South,Social Media,Sports,0.0,Yes
USR01059,SES01059,Add to Cart,2025-10-16 20:24:46,Mobile,East,Google Ads  ,Electronics,0.0,Yes
USR01333,SES01333,Add to Cart,2025-10-31 09:52:57,Mobile,East,Email,Fashion,0.0,No
USR08797,SES08797,BROWSE,2025-10-02 14:47:04,Mobile,North,Email,Beauty,0.0,Yes
USR02894,SES02894,Browse,2025-10-05 03:30:23,Tablet,South,Email,Beauty,,No
USR09307,SES09307,CHECKOUT,2025-10-10 05:19:30,Mobile,East,Email,Fashion,0.0,No
USR05644,SES05644,browse,2025-10-17 08:33:47,Desktop,,Organic,Fashion,0.0,Yes
USR07227,SES07227,Checkout,2025-10-14 17:43:34,Desktop,West,Organic,Electronics,0.0,No
USR00738,SES00738,Checkout,2025-10-23 22:00:12,Desktop,West,Google Ads,Electronics,0.0,No
USR07413,SES07413,Checkout,2025-10-05 16:09:21,Desktop,South,Social Media,Beauty,0.0,No
USR03121,SES03121,Browse,2025-10-13 18:51:10,Desktop,East,Social Media  ,Sports,0.0,Yes
USR09506,SES09506,Purchase,2025-10-27 12:14:38,,North,Social Media,Electronics,1478.74,No
USR01836,SES01836,Browse,2025-10-17 23:20:47,Desktop,South,Organic,Home,0.0,Yes
USR07651,SES07651,Checkout,10/20/2025,Mobile,East,Google Ads,Home,0.0,Yes
USR05320,SES05320,Checkout,2025-10-30 07:33:36,Mobile,West,Organic,Beauty,0.0,No
USR05288,SES05288,CHECKOUT,2025-10-07 21:41:10,Desktop,East,Email,Fashion,0.0,No
USR04120,SES04120,Add to Cart,2025-10-02 01:03:31,Desktop,,Social Media,Sports,-99.99,No
USR02569,SES02569,Add to Cart,2025-10-24 05:06:10,Desktop,North,Google Ads,Electronics,0.0,Yes
USR09859,SES09859,BROWSE,2025-10-17 10:50:04,Tablet,South,Email,Sports,0.0,Yes
USR06564,SES06564,BROWSE,2025-10-18 10:10:34,,East,Email,Beauty,0.0,Yes
USR08790,SES08790,BROWSE,2025-10-13 19:37:45,Desktop,,Email,Beauty,0.0,Yes
USR07556,SES07556,Add to Cart,2025-10-31 10:25:49,Desktop,North,Email,Sports,0.0,Yes
USR07428,SES07428,Checkout,2025-10-23 20:18:22,Mobile,South,Social Media,Beauty,0.0,No
USR07288,SES07288,BROWSE,2025-10-28 14:38:00,Tablet,West,Google Ads,Sports,0.0,Yes
USR01019,SES01019,Add to Cart,2025-10-05 22:29:45,Tablet,West,Organic,Fashion,0.0,Yes
USR08918,SES08918,Purchase,2025-10-02 16:17:09,Tablet,West,Organic,Electronics,533.93,No
USR04669,SES04669,browse,2025-10-17 10:10:01,Mobile,East,Organic,Fashion,0.0,Yes
USR06564,SES06564,add to cart,2025-10-18 10:12:34,Tablet,West,Google Ads,Fashion,0.0,Yes
USR07861,SES07861,Add to Cart,2025-10-16 20:15:29,Tablet,West,Email,Fashion,0.0,Yes
USR05859,SES05859,Add to Cart,2025-10-18 23:13:48,Desktop,West,Organic,Sports,0.0,Yes
USR01010,SES01010,Checkout,2025-10-06 18:37:23,Desktop,North,Email,Home,0.0,No
USR01362,SES01362,BROWSE,2025-10-27 19:26:25,Tablet,West,Organic,Sports,0.0,Yes
USR02806,SES02806,BROWSE,2025-10-08 21:23:04,Mobile,West,Email  ,Sports,0.0,Yes
USR00187,SES00187,BROWSE,2025-10-17 19:24:48,Mobile,East,Google Ads,Beauty,0.0,Yes
USR01882,SES01882,BROWSE,2025-10-06 21:21:49,Tablet,North,Social Media,Beauty,0.0,Yes
USR07363,SES07363,Browse,2025-10-12 13:05:43,Desktop,,Google Ads,Sports,0.0,Yes
USR07277,SES07277,ADD TO CART,2025-10-12 21:06:04,,East,Organic  ,Home,0.0,Yes
USR07837,SES07837,Purchase,2025-10-03 17:09:32,,West,Social Media,Fashion,401.7,No
USR07546,SES07546,BROWSE,2025-10-31 10:20:17,Tablet,East,Email,Home,0.0,No
USR04673,SES04673,Browse,2025-10-03 01:35:15,Mobile,West,Organic,Sports,0.0,No
USR02375,SES02375,Add to Cart,2025-10-29 10:25:02,Tablet,South,Email,Electronics,0.0,No
USR09816,SES09816,Browse,2025-10-29 16:35:05,Tablet,North,Email,Electronics,0.0,Yes
USR03304,SES03304,Checkout,2025-10-17 09:16:57,Mobile,East,Social Media,Home,0.0,Yes
USR03860,SES03860,add to cart,2025-10-31 01:59:53,Tablet,,Organic,Sports,0.0,Yes
USR03556,SES03556,Add to Cart,2025-10-08 22:51:18,Mobile,West,Google Ads,Electronics,0.0,Yes
USR03101,SES03101,Browse,2025-10-23 01:32:21,,North,Google Ads,Beauty,0.0,No
USR07515,SES07515,Browse,2025-10-06 02:53:44,Desktop,South,Social Media,Sports,0.0,Yes
USR04721,SES04721,add to cart,2025-10-19 10:42:33,Desktop,,Email,Sports,0.0,Yes
USR05552,SES05552,add to cart,2025-10-14 17:07:48,Mobile,East,Organic,Electronics,0.0,Yes
USR09693,SES09693,browse,10/20/2025,Mobile,North,Organic,Home,0.0,Yes
USR06787,SES06787,BROWSE,2025-10-18 08:54:52,Tablet,South,Organic,Sports,0.0,Yes
USR07943,SES07943,Add to Cart,2025-10-12 02:25:15,Mobile,West,Google Ads,Fashion,,Yes
USR08829,SES08829,BROWSE,2025-10-31 03:26:09,Tablet,North,Social Media,Beauty,0.0,Yes
USR02365,SES02365,Add to Cart,2025-10-11 01:26:25,,South,Google Ads  ,Home,0.0,Yes
USR03650,SES03650,Browse,2025-10-20 20:34:19,Tablet,South,Social Media  ,Beauty,0.0,No
USR02484,SES02484,browse,2025-10-05 09:59:14,,South,Google Ads,Fashion,0.0,No
USR03030,SES03030,Browse,2025-10-25 07:49:21,Mobile,East,Email,Electronics,0.0,Yes
USR09569,SES09569,Browse,2025-10-28 12:49:27,Desktop,West,Social Media,Electronics,0.0,Yes
USR01546,SES01546,Add to Cart,2025-10-07 23:14:56,Desktop,North,Google Ads,Beauty,0.0,Yes
USR04388,SES04388,Checkout,2025-10-03 19:38:25,,West,Google Ads,Fashion,0.0,Yes
USR01062,SES01062,Browse,2025-10-23 14:18:11,Tablet,East,Social Media,Home,0.0,Yes
USR00897,SES00897,BROWSE,2025-10-29 20:25:39,Desktop,West,Social Media,Home,0.0,Yes
USR04640,SES04640,Add to Cart,2025-10-11 14:34:37,Mobile,,Google Ads,Home,0.0,No
USR05574,SES05574,Browse,2025-10-17 05:29:30,Mobile,North,Email,Fashion,0.0,Yes
USR06766,SES06766,Add to Cart,2025-10-11 08:21:25,Mobile,North,Social Media,Sports,0.0,Yes
USR07772,SES07772,ADD TO CART,2025-10-08 14:35:44,Mobile,East,Social Media,Fashion,0.0,No
USR09397,SES09397,Add to Cart,2025-10-02 11:44:43,Tablet,North,Email,Home,0.0,Yes
USR06469,SES06469,ADD TO CART,2025-10-02 08:45:43,Desktop,North,Google Ads,Electronics,0.0,No
USR02075,SES02075,browse,2025-10-18 02:55:26,,South,Social Media,Beauty,0.0,Yes
USR06516,SES06516,Browse,2025-10-20 04:29:13,Desktop,South,Email,Home,0.0,Yes
USR08738,SES08738,BROWSE,2025-10-17 11:59:39,Mobile,East,Email,Electronics,0.0,Yes
USR09221,SES09221,Browse,2025-10-12 13:26:15,Desktop,North,Google Ads,Sports,,Yes
USR01547,SES01547,Add to Cart,2025-10-03 02:05:43,Desktop,East,Organic,Fashion,,Yes
USR08267,SES08267,Browse,2025-10-22 15:08:51,Mobile,West,Google Ads,Sports,0.0,No
USR05013,SES05013,Add to Cart,10/20/2025,Desktop,West,Email,Fashion,0.0,Yes
USR04270,SES04270,Add to Cart,2025-10-24 07:20:40,Tablet,West,Email,Home,,Yes
USR03521,SES03521,Purchase,2025-10-19 18:58:43,Tablet,East,Social Media,Beauty,933.69,No
USR05634,SES05634,Browse,2025-10-14 18:29:11,Mobile,North,Social Media,Beauty,0.0,Yes
USR04177,SES04177,ADD TO CART,2025-10-31 16:33:34,Desktop,,Organic,Fashion,0.0,Yes
USR08792,SES08792,Browse,2025-10-23 18:02:30,Desktop,East,Email,Beauty,,Yes
USR06553,SES06553,Browse,2025-10-20 21:37:00,Tablet,West,Social Media,Home,0.0,Yes
USR04592,SES04592,Browse,2025-10-05 18:29:19,Desktop,East,Email,Fashion,0.0,Yes
USR06875,SES06875,Add to Cart,2025-10-21 17:30:04,Mobile,North,Google Ads,Sports,,No
USR02036,SES02036,Add to Cart,2025-10-13 20:22:49,Mobile,South,Email,Fashion,0.0,Yes
USR01197,SES01197,BROWSE,2025-10-31 00:01:45,Mobile,West,Email,Electronics,0.0,Yes
USR05099,SES05099,add to cart,2025-10-26 14:05:32,Tablet,West,Email  ,Home,0.0,Yes
USR05279,SES05279,Browse,2025-10-09 10:33:13,Tablet,North,Organic,Home,0.0,Yes
USR08457,SES08457,add to cart,2025-10-04 13:13:31,Desktop,South,Social Media,Electronics,,Yes
USR03287,SES03287,Add to Cart,2025-10-18 13:02:41,Tablet,West,Social Media  ,Beauty,,Yes
USR07079,SES07079,Browse,2025-10-16 16:47:56,Mobile,South,Email,Fashion,0.0,Yes
USR02838,SES02838,Browse,10/20/2025,Desktop,West,Organic,Fashion,0.0,Yes
USR00162,SES00162,Add to Cart,2025-10-01 23:02:54,Desktop,South,Organic,Electronics,0.0,Yes
USR09752,SES09752,Browse,2025-10-28 11:31:01,Mobile,East,Email,Fashion,0.0,Yes
USR01125,SES01125,browse,2025-10-27 09:58:29,Tablet,South,Email,Home,0.0,Yes
USR01025,SES01025,browse,2025-10-14 16:20:53,Tablet,North,Google Ads,Home,0.0,Yes
USR01220,SES01220,ADD TO CART,2025-10-02 06:41:22,Desktop,North,Email  ,Electronics,,Yes
USR03011,SES03011,browse,2025-10-04 01:43:35,Mobile,,Organic,Sports,0.0,Yes
USR05655,SES05655,Add to Cart,2025-10-22 10:09:16,Desktop,North,Organic,Sports,0.0,Yes
USR00148,SES00148,ADD TO CART,10/20/2025,,East,Organic,Beauty,0.0,Yes
USR04446,SES04446,Add to Cart,2025-10-30 02:58:33,Desktop,North,Google Ads,Sports,0.0,Yes
USR02737,SES02737,Purchase,2025-10-31 02:52:17,Tablet,South,Organic  ,Electronics,1017.38,No
USR02394,SES02394,ADD TO CART,2025-10-28 20:33:07,Tablet,South,Google Ads  ,Home,0.0,Yes
USR06881,SES06881,Browse,2025-10-23 04:11:21,Desktop,North,Social Media,Sports,,Yes
USR06501,SES06501,PURCHASE,2025-10-09 17:56:29,Tablet,South,Email,Fashion,1632.9,No
USR03516,SES03516,Browse,2025-10-06 01:42:42,Tablet,,Organic,Sports,999999.0,Yes
USR05168,SES05168,CHECKOUT,2025-10-10 02:38:43,Desktop,East,Email,Electronics,999999.0,Yes
USR01177,SES01177,Checkout,2025-10-21 04:01:30,Mobile,North,Email,Home,0.0,Yes
USR09974,SES09974,Checkout,2025-10-28 15:27:13,Mobile,West,Organic,Electronics,0.0,Yes
USR05315,SES05315,Add to Cart,2025-10-31 00:59:34,Mobile,West,Social Media,Electronics,0.0,Yes
USR07096,SES07096,Purchase,2025-10-22 18:09:17,Tablet,South,Email,Beauty,1991.46,No
USR06761,SES06761,ADD TO CART,2025-10-07 06:33:50,Mobile,West,Social Media,Fashion,0.0,Yes
USR08097,SES08097,browse,2025-10-19 08:36:07,Tablet,West,Organic,Home,0.0,Yes
USR04609,SES04609,checkout,2025-10-15 13:47:03,Desktop,West,Email,Beauty,0.0,Yes
USR08946,SES08946,Browse,2025-10-17 18:23:20,Desktop,North,Google Ads,Electronics,0.0,Yes
USR06356,SES06356,BROWSE,2025-10-14 09:00:00,Tablet,South,Google Ads,Electronics,0.0,Yes
USR02447,SES02447,ADD TO CART,2025-10-29 00:15:18,Tablet,West,Organic,Home,0.0,Yes
USR09879,SES09879,add to cart,2025-10-24 07:56:58,Mobile,South,Google Ads,Beauty,0.0,Yes
USR04869,SES04869,browse,2025-10-06 09:09:44,Mobile,South,Social Media,Sports,0.0,Yes
USR05456,SES05456,Purchase,2025-10-14 05:32:18,Desktop,North,Google Ads,Sports,1470.35,No
USR04764,SES04764,Checkout,2025-10-30 11:53:27,Mobile,West,Social Media,Electronics,0.0,Yes
USR00484,SES00484,Add to Cart,2025-10-05 08:21:04,,South,Organic,Beauty,0.0,Yes
USR06813,SES06813,Browse,2025-10-28 18:35:55,Tablet,West,Google Ads,Fashion,0.0,Yes
USR03279,SES03279,Browse,2025-10-25 07:53:20,Tablet,,Social Media,Home,0.0,Yes
USR03423,SES03423,add to cart,2025-10-19 01:44:42,Tablet,East,Email,Beauty,,Yes
USR04045,SES04045,Add to Cart,2025-10-24 09:40:13,,South,Email,Sports,0.0,Yes
USR04344,SES04344,browse,2025-10-12 00:15:56,Tablet,North,Organic,Fashion,,Yes
USR09161,SES09161,Purchase,2025-10-24 10:20:45,Mobile,East,Organic,Fashion,231.6,No
USR06467,SES06467,CHECKOUT,2025-10-09 06:49:17,Mobile,North,Social Media,Home,,Yes
USR00997,SES00997,Browse,2025-10-08 04:01:32,Mobile,West,Organic,Home,0.0,Yes
USR00924,SES00924,BROWSE,2025-10-03 00:37:04,Mobile,North,Email,Electronics,0.0,Yes
USR01033,SES01033,Browse,2025-10-10 05:28:13,Tablet,East,Social Media,Sports,0.0,No
USR09149,SES09149,Add to Cart,2025-10-26 10:08:42,Mobile,East,Social Media,Sports,,Yes
USR02931,SES02931,CHECKOUT,2025-10-19 23:09:18,Desktop,South,Email,Fashion,0.0,Yes
USR08890,SES08890,CHECKOUT,2025-10-13 21:15:50,Desktop,East,Social Media,Fashion,0.0,Yes
USR00166,SES00166,browse,2025-10-04 13:05:10,Desktop,South,Social Media,Fashion,0.0,Yes
USR00188,SES00188,browse,2025-10-22 00:20:03,Mobile,North,Organic,Sports,,Yes
USR01286,SES01286,Browse,2025-10-21 08:13:48,Tablet,South,Organic,Beauty,0.0,Yes
USR02410,SES02410,browse,10/20/2025,,North,Email,Electronics,0.0,Yes
USR03986,SES03986,ADD TO CART,2025-10-05 23:34:35,Tablet,South,Social Media,Beauty,0.0,No
USR02361,SES02361,Add to Cart,2025-10-22 07:59:17,Desktop,South,Social Media,Electronics,0.0,Yes
USR05884,SES05884,Checkout,2025-10-14 07:14:32,Desktop,North,Google Ads,Sports,0.0,Yes
USR05724,SES05724,Add to Cart,2025-10-23 09:00:39,Desktop,West,Organic,Home,0.0,Yes
USR01189,SES01189,BROWSE,2025-10-13 01:49:08,Desktop,West,Email,Home,0.0,Yes
USR07398,SES07398,Checkout,10/20/2025,Desktop,South,Organic,Home,0.0,Yes
USR07206,SES07206,Browse,2025-10-02 08:22:34,Tablet,North,Organic,Fashion,0.0,Yes
USR08993,SES08993,Browse,2025-10-18 14:25:35,Desktop,North,Email,Beauty,999999.0,Yes
USR04464,SES04464,Browse,2025-10-13 10:31:28,Desktop,South,Email,Sports,,Yes
USR03519,SES03519,BROWSE,2025-10-06 07:54:38,Desktop,North,Organic,Electronics,,Yes
USR09827,SES09827,Add to Cart,2025-10-15 04:01:39,Tablet,North,Social Media,Electronics,0.0,No
USR00682,SES00682,browse,2025-10-10 05:35:49,Tablet,North,Google Ads,Home,,Yes
USR04852,SES04852,Browse,2025-10-23 19:32:06,Desktop,South,Organic  ,Home,0.0,Yes
USR08649,SES08649,browse,2025-10-18 22:43:35,Tablet,South,Google Ads,Fashion,0.0,Yes
USR06083,SES06083,Checkout,2025-10-05 08:06:51,Desktop,South,Email,Home,0.0,Yes
USR08131,SES08131,Add to Cart,2025-10-08 00:58:34,,West,Google Ads,Home,0.0,Yes
USR05140,SES05140,Checkout,2025-10-10 13:14:00,Tablet,South,Email  ,Electronics,0.0,Yes
USR03323,SES03323,CHECKOUT,2025-10-27 06:46:37,Desktop,North,Social Media,Fashion,0.0,No
USR08948,SES08948,Add to Cart,2025-10-14 17:40:52,Mobile,South,Email,Sports,0.0,Yes
USR07820,SES07820,browse,2025-10-30 06:57:51,Tablet,South,Social Media,Sports,0.0,No
USR04106,SES04106,browse,2025-10-20 14:39:32,Tablet,South,Social Media,Home,,Yes
USR04488,SES04488,browse,2025-10-28 16:37:18,Tablet,South,Email,Sports,0.0,Yes
USR03344,SES03344,Browse,2025-10-14 15:07:32,Mobile,South,Google Ads,Beauty,,Yes
USR05726,SES05726,ADD TO CART,2025-10-19 10:35:34,Mobile,,Social Media,Beauty,0.0,Yes
USR00425,SES00425,Browse,2025-10-25 02:50:36,Mobile,South,Social Media,Sports,0.0,Yes
USR04910,SES04910,Browse,2025-10-02 23:33:42,Mobile,West,Social Media,Sports,0.0,Yes
USR06249,SES06249,Browse,2025-10-08 19:23:32,Desktop,East,Google Ads,Sports,0.0,Yes
USR01041,SES01041,BROWSE,2025-10-10 17:58:27,Tablet,North,Google Ads,Beauty,0.0,Yes
USR00338,SES00338,Add to Cart,2025-10-26 00:00:15,Mobile,North,Social Media,Sports,0.0,Yes
USR05736,SES05736,Add to Cart,2025-10-15 05:29:34,Tablet,East,Google Ads,Sports,0.0,Yes
USR00548,SES00548,Checkout,2025-10-03 06:58:15,Desktop,North,Social Media,Electronics,0.0,No
USR03623,SES03623,Browse,2025-10-09 14:29:05,Mobile,South,Google Ads,Electronics,0.0,Yes
USR04933,SES04933,browse,2025-10-05 09:02:26,Mobile,South,Email,Home,0.0,Yes
USR00326,SES00326,Browse,2025-10-03 11:13:17,Desktop,North,Email,Home,0.0,Yes
USR00371,SES00371,Add to Cart,2025-10-17 20:56:08,Mobile,,Email,Beauty,0.0,Yes
USR06155,SES06155,Add to Cart,2025-10-10 03:43:31,Mobile,West,Organic,Electronics,0.0,Yes
USR02741,SES02741,BROWSE,2025-10-11 18:09:11,Desktop,South,Organic,Beauty,0.0,Yes
USR01086,SES01086,Add to Cart,2025-10-17 13:29:19,Desktop,South,Social Media,Electronics,0.0,Yes
USR07345,SES07345,Browse,2025-10-11 12:59:01,Tablet,East,Organic,Sports,0.0,Yes
USR04318,SES04318,Browse,2025-10-22 16:48:19,,East,Google Ads,Electronics,0.0,Yes
USR07626,SES07626,Add to Cart,2025-10-21 14:43:40,Mobile,,Email,Sports,0.0,Yes
USR02877,SES02877,checkout,2025-10-14 23:23:34,Mobile,West,Organic,Electronics,0.0,Yes
USR01975,SES01975,Browse,2025-10-21 03:07:51,Mobile,North,Google Ads,Electronics,0.0,Yes
USR01864,SES01864,Add to Cart,2025-10-22 02:33:49,Desktop,South,Email,Electronics,0.0,Yes
USR03775,SES03775,Add to Cart,2025-10-14 15:31:02,Desktop,North,Social Media,Fashion,0.0,Yes
USR00789,SES00789,Browse,10/20/2025,Mobile,North,Organic,Electronics,0.0,Yes
USR07001,SES07001,Browse,2025-10-10 05:03:42,Tablet,North,Social Media,Sports,0.0,Yes
USR06915,SES06915,Browse,2025-10-02 14:45:48,Mobile,West,Organic,Home,0.0,No
USR02130,SES02130,Checkout,2025-10-21 16:45:53,,North,Social Media,Beauty,,Yes
USR03782,SES03782,Add to Cart,2025-10-04 13:34:08,Desktop,East,Google Ads,Beauty,0.0,Yes
USR02983,SES02983,Browse,2025-10-10 20:24:43,Tablet,West,Google Ads,Electronics,0.0,Yes
USR03381,SES03381,Browse,2025-10-27 12:08:57,Desktop,East,Google Ads,Fashion,0.0,Yes
USR07137,SES07137,Browse,2025-10-09 18:32:03,Mobile,West,Social Media,Home,,Yes
USR04731,SES04731,CHECKOUT,2025-10-22 12:58:56,Tablet,South,Organic,Fashion,0.0,No
USR08865,SES08865,Browse,10/20/2025,Desktop,West,Google Ads,Electronics,0.0,Yes
USR00846,SES00846,ADD TO CART,2025-10-28 00:05:37,Tablet,West,Email,Beauty,0.0,Yes
USR09354,SES09354,Browse,2025-10-24 09:26:36,Mobile,West,Social Media,Sports,0.0,No
USR01201,SES01201,Purchase,2025-10-15 15:05:43,Tablet,South,Organic,Home,1261.74,No
USR09949,SES09949,Browse,2025-10-06 15:45:18,Desktop,East,Organic,Sports,0.0,Yes
USR05093,SES05093,CHECKOUT,2025-10-18 20:04:25,,East,Social Media,Home,0.0,No
USR00615,SES00615,Checkout,2025-10-13 14:43:13,Mobile,North,Organic,Home,0.0,Yes
USR01653,SES01653,Purchase,2025-10-21 16:32:02,Desktop,South,Social Media  ,Fashion,,No
USR06501,SES06501,Add to Cart,2025-10-09 17:49:29,Desktop,South,Organic  ,Home,0.0,No
USR02291,SES02291,CHECKOUT,2025-10-02 20:37:36,Tablet,East,Organic,Fashion,0.0,Yes
USR02978,SES02978,Checkout,2025-10-20 04:36:11,Desktop,West,Social Media,Home,0.0,Yes
USR00930,SES00930,ADD TO CART,2025-10-23 05:43:10,Mobile,North,Email,Home,0.0,Yes
USR09095,SES09095,Browse,2025-10-28 02:20:52,Desktop,North,Organic,Home,0.0,Yes
USR03668,SES03668,Browse,2025-10-14 09:54:45,Mobile,North,Google Ads  ,Electronics,,Yes
USR08386,SES08386,BROWSE,2025-10-25 14:37:21,Desktop,,Email,Electronics,0.0,Yes
USR06191,SES06191,Add to Cart,2025-10-18 17:58:41,Tablet,East,Social Media,Beauty,0.0,Yes
USR05881,SES05881,Browse,2025-10-01 20:48:12,Desktop,East,Google Ads,Beauty,-99.99,Yes
USR02358,SES02358,Checkout,2025-10-25 19:59:28,Mobile,South,Google Ads,Home,0.0,Yes
USR08730,SES08730,Checkout,2025-10-29 19:59:50,Mobile,South,Organic,Fashion,0.0,No
USR09749,SES09749,BROWSE,2025-10-22 00:57:55,Desktop,North,Email,Electronics,0.0,Yes
USR04008,SES04008,ADD TO CART,10/20/2025,Tablet,East,Google Ads  ,Home,0.0,Yes
USR01690,SES01690,Browse,2025-10-28 19:46:43,Desktop,East,Email,Beauty,0.0,Yes
USR02754,SES02754,Add to Cart,10/20/2025,Tablet,South,Social Media,Home,0.0,No
USR00785,SES00785,Browse,2025-10-03 00:00:01,,North,Organic,Electronics,0.0,No
USR00002,SES00002,Browse,2025-10-19 09:15:10,Desktop,East,Email,Electronics,,No
USR06927,SES06927,Add to Cart,2025-10-21 08:50:56,Mobile,North,Organic,Electronics,0.0,Yes
USR02117,SES02117,Browse,2025-10-04 04:00:28,Tablet,North,Google Ads,Home,0.0,Yes
USR07745,SES07745,CHECKOUT,2025-10-06 23:29:54,Tablet,,Google Ads,Home,0.0,No
USR07560,SES07560,Checkout,2025-10-17 13:02:19,Desktop,South,Email,Sports,0.0,No
USR05083,SES05083,BROWSE,2025-10-22 23:52:36,Desktop,East,Email,Fashion,0.0,Yes
USR04821,SES04821,browse,2025-10-17 12:17:54,Mobile,,Google Ads  ,Fashion,0.0,Yes
USR09837,SES09837,browse,2025-10-06 01:58:46,Desktop,North,Google Ads,Electronics,0.0,Yes
USR00509,SES00509,Browse,2025-10-15 13:50:04,Mobile,East,Social Media,Sports,0.0,No
USR08394,SES08394,BROWSE,2025-10-26 14:26:16,Desktop,North,Social Media,Electronics,0.0,Yes
USR04143,SES04143,add to cart,2025-10-25 02:15:22,Desktop,,Social Media,Home,0.0,Yes
USR06146,SES06146,Add to Cart,2025-10-09 04:31:53,Tablet,South,Social Media,Sports,0.0,Yes
USR09084,SES09084,Checkout,2025-10-25 23:44:57,Mobile,North,Organic,Beauty,0.0,Yes
USR05952,SES05952,Checkout,2025-10-10 18:51:13,Tablet,North,Google Ads,Beauty,0.0,Yes
USR05726,SES05726,Browse,2025-10-19 10:32:34,Tablet,North,Organic,Electronics,0.0,Yes
USR08853,SES08853,browse,2025-10-30 11:48:49,Desktop,South,Organic,Electronics,0.0,Yes
USR04319,SES04319,BROWSE,2025-10-20 19:02:36,,West,Google Ads,Electronics,0.0,Yes
USR07649,SES07649,Checkout,2025-10-21 16:27:26,Desktop,North,Organic,Beauty,0.0,Yes
USR01081,SES01081,BROWSE,2025-10-24 06:44:03,,West,Email,Beauty,0.0,Yes
USR09112,SES09112,add to cart,2025-10-31 08:03:19,Desktop,North,Google Ads,Fashion,0.0,Yes
USR00447,SES00447,browse,2025-10-17 07:09:07,Desktop,South,Social Media,Home,-99.99,Yes
USR09779,SES09779,ADD TO CART,2025-10-04 00:22:36,Mobile,East,Organic,Fashion,0.0,No
USR09577,SES09577,Add to Cart,2025-10-17 09:53:11,Mobile,North,Google Ads,Fashion,0.0,Yes
USR04434,SES04434,Browse,2025-10-28 21:29:27,,North,Google Ads,Fashion,0.0,Yes
USR00259,SES00259,BROWSE,2025-10-29 19:14:24,,,Organic  ,Sports,0.0,Yes
USR07247,SES07247,Add to Cart,2025-10-02 03:17:56,Mobile,West,Social Media,Beauty,0.0,Yes
USR09029,SES09029,Browse,2025-10-11 09:14:33,Desktop,North,Social Media,Sports,0.0,Yes
USR01474,SES01474,BROWSE,2025-10-18 10:44:35,Tablet,West,Organic,Sports,0.0,Yes
USR09164,SES09164,Browse,2025-10-31 04:29:25,Tablet,West,Organic,Sports,0.0,Yes
USR03310,SES03310,Add to Cart,2025-10-19 20:46:09,Mobile,South,Google Ads,Sports,0.0,Yes
USR04136,SES04136,Add to Cart,2025-10-31 16:36:17,Tablet,North,Social Media,Sports,0.0,Yes
USR00545,SES00545,Purchase,2025-10-16 16:36:08,Tablet,,Email,Home,1958.29,No
USR06401,SES06401,Browse,2025-10-21 09:10:52,Tablet,,Google Ads,Beauty,0.0,Yes
USR03804,SES03804,Checkout,2025-10-02 16:18:25,Mobile,North,Social Media,Sports,0.0,Yes
USR00255,SES00255,Browse,2025-10-23 10:42:56,Desktop,East,Email,Fashion,0.0,Yes
USR05906,SES05906,ADD TO CART,2025-10-29 21:47:16,Desktop,,Email  ,Fashion,,Yes
USR00977,SES00977,Browse,2025-10-19 12:19:05,Tablet,East,Social Media  ,Electronics,0.0,Yes
USR07902,SES07902,Add to Cart,2025-10-15 13:02:42,,West,Organic,Fashion,0.0,No
USR03267,SES03267,Browse,2025-10-15 12:19:07,,West,Social Media  ,Home,0.0,Yes
USR01996,SES01996,Add to Cart,2025-10-04 11:05:00,,North,Google Ads,Home,0.0,Yes
USR00728,SES00728,Checkout,2025-10-24 04:18:13,Tablet,North,Organic  ,Home,0.0,Yes
USR08273,SES08273,Add to Cart,10/20/2025,Mobile,South,Email,Fashion,0.0,Yes
USR09062,SES09062,Add to Cart,2025-10-09 03:03:07,Tablet,South,Email,Fashion,0.0,Yes
USR02424,SES02424,browse,2025-10-06 22:50:21,Mobile,North,Email,Fashion,0.0,Yes
USR02722,SES02722,add to cart,2025-10-09 14:46:25,Mobile,South,Email,Beauty,0.0,Yes
USR09686,SES09686,Add to Cart,2025-10-07 10:35:13,Mobile,West,Organic  ,Electronics,0.0,Yes
USR02206,SES02206,Browse,2025-10-30 19:15:18,Desktop,West,Social Media,Sports,0.0,No
USR03997,SES03997,Browse,2025-10-20 01:07:44,Mobile,East,Organic,Beauty,0.0,Yes
USR03016,SES03016,browse,2025-10-29 16:36:05,Tablet,,Email,Fashion,0.0,No
USR01438,SES01438,CHECKOUT,2025-10-30 10:29:32,Tablet,North,Social Media,Electronics,0.0,No
USR04630,SES04630,browse,2025-10-23 11:21:53,Tablet,South,Email,Sports,0.0,Yes
USR05117,SES05117,Browse,2025-10-09 09:14:43,Tablet,North,Email,Home,0.0,Yes
USR02266,SES02266,BROWSE,2025-10-27 11:15:12,Tablet,North,Social Media,Electronics,0.0,Yes
USR04914,SES04914,Browse,2025-10-18 07:54:36,,South,Social Media,Sports,0.0,Yes
USR00668,SES00668,BROWSE,2025-10-27 19:38:49,Mobile,East,Organic,Home,0.0,Yes
USR09080,SES09080,Checkout,2025-10-28 13:11:02,,East,Google Ads,Fashion,0.0,No
USR02199,SES02199,Add to Cart,2025-10-07 01:53:07,Mobile,West,Organic,Electronics,0.0,Yes
USR07385,SES07385,Checkout,10/20/2025,Mobile,East,Organic,Electronics,0.0,Yes
USR03163,SES03163,CHECKOUT,2025-10-09 09:34:06,Desktop,East,Google Ads,Electronics,0.0,No
USR04135,SES04135,checkout,2025-10-22 11:48:21,,West,Email,Home,0.0,No
USR07114,SES07114,add to cart,2025-10-04 20:12:29,Tablet,West,Organic,Home,0.0,Yes
USR00573,SES00573,Browse,2025-10-14 06:15:14,Tablet,East,Email,Fashion,0.0,Yes
USR09917,SES09917,BROWSE,2025-10-22 04:19:30,,North,Organic  ,Fashion,0.0,Yes
USR02393,SES02393,BROWSE,2025-10-13 19:47:53,Mobile,South,Email,Beauty,0.0,Yes
USR07023,SES07023,Browse,2025-10-25 16:56:51,Mobile,,Organic  ,Beauty,0.0,Yes
USR08010,SES08010,Add to Cart,2025-10-30 00:47:02,Tablet,,Email,Home,0.0,Yes
USR04813,SES04813,BROWSE,2025-10-30 12:23:34,Desktop,North,Social Media  ,Beauty,,No
USR04034,SES04034,Purchase,2025-10-27 19:03:48,Tablet,West,Google Ads,Beauty,1778.38,No
USR04425,SES04425,Add to Cart,2025-10-09 03:28:47,Mobile,East,Google Ads,Electronics,0.0,No
USR06964,SES06964,Add to Cart,2025-10-07 23:02:09,Tablet,East,Organic,Beauty,0.0,No
USR02598,SES02598,Browse,2025-10-17 11:22:47,Mobile,North,Email,Beauty,0.0,Yes
USR08854,SES08854,Checkout,2025-10-20 19:15:10,Mobile,East,Google Ads,Electronics,0.0,Yes
USR09512,SES09512,Browse,2025-10-24 13:08:09,Mobile,West,Google Ads,Beauty,0.0,Yes
USR05046,SES05046,Checkout,2025-10-24 01:14:11,Tablet,East,Organic,Electronics,0.0,Yes
USR04560,SES04560,Purchase,2025-10-08 12:38:54,,,Organic,Beauty,1989.91,No
USR02645,SES02645,Checkout,2025-10-17 00:40:55,Mobile,,Google Ads,Fashion,0.0,No
USR09330,SES09330,Add to Cart,2025-10-15 16:02:02,Tablet,,Email,Sports,,Yes
USR04718,SES04718,Browse,2025-10-09 09:35:16,Mobile,North,Email,Fashion,0.0,Yes
USR03792,SES03792,Browse,2025-10-16 08:40:00,Desktop,West,Google Ads,Beauty,0.0,Yes
USR02308,SES02308,Browse,10/20/2025,Mobile,North,Organic,Electronics,0.0,Yes
USR09562,SES09562,Add to Cart,2025-10-20 10:46:47,Desktop,North,Google Ads  ,Fashion,0.0,Yes
USR08262,SES08262,Browse,2025-10-12 02:42:25,Mobile,South,Google Ads,Electronics,0.0,Yes
USR08944,SES08944,CHECKOUT,2025-10-23 22:32:56,Desktop,,Organic,Home,0.0,Yes
USR04899,SES04899,ADD TO CART,2025-10-22 00:41:54,Tablet,North,Social Media,Fashion,0.0,No
USR05830,SES05830,Browse,2025-10-26 09:00:17,Desktop,East,Google Ads,Fashion,0.0,Yes
USR04652,SES04652,Browse,2025-10-21 05:59:46,Desktop,South,Google Ads,Sports,0.0,Yes
USR07215,SES07215,Browse,2025-10-08 01:14:53,Tablet,West,Google Ads  ,Sports,0.0,Yes
USR04808,SES04808,browse,2025-10-22 05:25:49,Tablet,East,Social Media,Fashion,0.0,Yes
USR02140,SES02140,Browse,2025-10-03 06:06:48,Mobile,West,Social Media,Electronics,0.0,Yes
USR06092,SES06092,Checkout,2025-10-20 13:36:35,Tablet,East,Social Media,Sports,,No
USR02178,SES02178,Add to Cart,2025-10-30 02:07:11,Tablet,North,Organic  ,Home,0.0,Yes
USR03895,SES03895,add to cart,2025-10-05 06:24:24,Tablet,,Organic,Electronics,0.0,No
USR06743,SES06743,Add to Cart,2025-10-09 04:09:41,Desktop,North,Email,Home,0.0,Yes
USR09507,SES09507,Add to Cart,2025-10-19 03:10:43,Tablet,,Social Media,Fashion,0.0,Yes
USR03439,SES03439,Add to Cart,2025-10-18 22:55:41,Tablet,South,Email,Electronics,,Yes
USR06781,SES06781,Add to Cart,2025-10-20 03:14:11,Mobile,West,Organic,Electronics,0.0,Yes
USR06884,SES06884,BROWSE,2025-10-20 00:28:50,Mobile,North,Organic,Electronics,0.0,No
USR01668,SES01668,Purchase,2025-10-23 17:57:43,Tablet,South,Organic,Fashion,1909.4,No
USR05663,SES05663,Checkout,2025-10-22 06:54:53,Mobile,West,Google Ads,Beauty,,No
USR04828,SES04828,CHECKOUT,2025-10-03 23:18:46,Desktop,North,Google Ads,Electronics,-99.99,No
USR00966,SES00966,Browse,2025-10-15 08:57:36,Mobile,,Organic,Sports,0.0,No
USR04772,SES04772,BROWSE,2025-10-30 23:40:47,Desktop,North,Email,Home,0.0,Yes
USR06826,SES06826,Browse,2025-10-09 23:46:27,Mobile,,Social Media,Sports,0.0,Yes
USR04036,SES04036,Add to Cart,2025-10-02 23:20:46,Tablet,South,Google Ads,Electronics,0.0,Yes
USR01421,SES01421,add to cart,2025-10-05 21:29:26,Tablet,North,Google Ads,Sports,0.0,Yes
USR05138,SES05138,Checkout,2025-10-05 09:09:03,Desktop,South,Social Media,Beauty,0.0,No
USR02740,SES02740,Browse,2025-10-05 08:26:44,Tablet,North,Email,Home,0.0,Yes
USR03928,SES03928,Purchase,2025-10-15 13:02:58,Desktop,North,Social Media,Electronics,1880.43,No
USR09724,SES09724,purchase,10/20/2025,Mobile,South,Social Media,Home,1908.05,No
USR03639,SES03639,ADD TO CART,10/20/2025,Tablet,North,Social Media,Fashion,0.0,Yes
USR07177,SES07177,Add to Cart,2025-10-07 20:28:09,Tablet,West,Google Ads,Fashion,0.0,Yes
USR01382,SES01382,Purchase,2025-10-16 06:15:05,Mobile,East,Email,Electronics,1874.46,No
USR03334,SES03334,Browse,2025-10-27 10:23:14,Mobile,,Social Media,Beauty,0.0,No
USR02137,SES02137,Add to Cart,2025-10-27 16:53:45,,North,Social Media,Home,0.0,Yes
USR02594,SES02594,browse,2025-10-03 06:05:09,Tablet,East,Organic,Fashion,0.0,Yes
USR02240,SES02240,Add to Cart,2025-10-07 12:18:25,Desktop,East,Google Ads  ,Fashion,0.0,Yes
USR05985,SES05985,Add to Cart,2025-10-29 00:59:14,Tablet,East,Organic,Sports,0.0,Yes
USR05833,SES05833,Browse,2025-10-16 06:27:35,Mobile,East,Google Ads,Fashion,0.0,Yes
USR09952,SES09952,Browse,2025-10-11 10:31:00,Desktop,,Google Ads,Electronics,0.0,Yes
USR08711,SES08711,Browse,10/20/2025,Desktop,South,Organic,Beauty,,Yes
USR03531,SES03531,Add to Cart,2025-10-03 12:28:27,Tablet,West,Social Media,Fashion,0.0,No
USR05579,SES05579,BROWSE,2025-10-15 14:31:20,Mobile,East,Google Ads,Electronics,0.0,Yes
USR07192,SES07192,Add to Cart,2025-10-24 06:25:56,,North,Organic,Home,0.0,No
USR08859,SES08859,Browse,2025-10-10 08:42:19,Desktop,South,Google Ads,Home,0.0,Yes
USR04226,SES04226,Browse,2025-10-29 03:05:55,Tablet,,Organic,Electronics,0.0,Yes
USR07303,SES07303,Add to Cart,2025-10-07 20:05:59,Mobile,East,Organic,Home,0.0,Yes
USR07494,SES07494,Browse,2025-10-06 16:46:04,Desktop,South,Organic  ,Beauty,0.0,Yes
USR09620,SES09620,Browse,2025-10-15 05:01:38,Tablet,South,Organic,Home,,Yes
USR01730,SES01730,Browse,2025-10-01 20:47:09,Tablet,West,Organic,Fashion,,Yes
USR05333,SES05333,BROWSE,2025-10-08 22:29:11,Mobile,South,Organic,Beauty,0.0,Yes
USR01503,SES01503,Browse,2025-10-15 15:41:33,Mobile,West,Google Ads,Electronics,0.0,Yes
USR01508,SES01508,Add to Cart,2025-10-30 07:22:56,Desktop,,Email  ,Beauty,0.0,No
USR00332,SES00332,Checkout,2025-10-05 10:59:10,Mobile,East,Organic,Sports,999999.0,No
USR05811,SES05811,BROWSE,2025-10-11 23:03:41,Tablet,South,Email  ,Home,0.0,Yes
USR09871,SES09871,Browse,2025-10-14 18:32:11,Mobile,East,Social Media,Sports,0.0,Yes
USR03790,SES03790,CHECKOUT,2025-10-27 09:36:05,Mobile,West,Google Ads,Home,0.0,No
USR00956,SES00956,add to cart,2025-10-14 12:31:30,,South,Social Media  ,Sports,0.0,Yes
USR08883,SES08883,Add to Cart,10/20/2025,Mobile,West,Social Media,Fashion,,Yes
USR09247,SES09247,Browse,2025-10-09 12:20:22,,East,Social Media,Fashion,0.0,Yes
USR05696,SES05696,ADD TO CART,2025-10-02 04:20:22,Mobile,South,Google Ads,Home,0.0,Yes
USR07398,SES07398,Browse,2025-10-22 16:25:44,Tablet,West,Google Ads,Home,0.0,Yes
USR08009,SES08009,Add to Cart,2025-10-22 02:17:29,Tablet,North,Google Ads,Fashion,0.0,Yes
USR08503,SES08503,Add to Cart,2025-10-29 06:55:20,Desktop,West,Social Media,Sports,0.0,No
USR04935,SES04935,Browse,2025-10-24 18:07:10,Tablet,North,Google Ads,Electronics,0.0,Yes
USR00582,SES00582,Browse,2025-10-20 19:43:01,Desktop,West,Google Ads,Home,0.0,Yes
USR02745,SES02745,checkout,2025-10-10 21:47:48,Desktop,North,Email,Home,0.0,Yes
USR04274,SES04274,Checkout,2025-10-10 18:02:40,Tablet,South,Email,Beauty,0.0,Yes
USR00534,SES00534,Checkout,2025-10-04 03:46:02,Tablet,,Email,Electronics,0.0,No
USR02476,SES02476,Checkout,2025-10-09 08:10:02,Mobile,North,Social Media,Beauty,0.0,Yes
USR07270,SES07270,BROWSE,2025-10-27 08:31:29,Desktop,,Organic,Beauty,0.0,Yes
USR02260,SES02260,ADD TO CART,2025-10-05 12:04:32,Desktop,,Organic,Sports,0.0,Yes
USR04034,SES04034,ADD TO CART,2025-10-27 18:57:48,Tablet,North,Social Media,Sports,0.0,No
USR07660,SES07660,Purchase,2025-10-20 16:36:48,Mobile,East,Organic,Electronics,,No
USR08095,SES08095,Browse,2025-10-24 04:20:48,,South,Google Ads,Home,0.0,Yes
USR04253,SES04253,Checkout,2025-10-05 22:01:43,Desktop,North,Email,Home,0.0,Yes
USR03191,SES03191,Browse,2025-10-02 06:54:11,Mobile,North,Google Ads,Home,0.0,Yes
USR09123,SES09123,Add to Cart,2025-10-23 05:58:26,,West,Social Media,Home,0.0,Yes
USR09519,SES09519,Purchase,2025-10-31 13:54:35,Tablet,West,Email,Sports,1335.81,No
USR03852,SES03852,Purchase,2025-10-10 01:15:27,Desktop,South,Google Ads,Sports,730.28,No
USR01619,SES01619,Browse,2025-10-14 08:03:33,Desktop,South,Organic,Electronics,0.0,Yes
USR03351,SES03351,browse,2025-10-26 18:06:43,Mobile,East,Google Ads,Home,0.0,Yes
USR00451,SES00451,browse,2025-10-25 08:51:54,Desktop,South,Social Media,Fashion,0.0,Yes
USR09123,SES09123,Browse,2025-10-23 05:55:26,Desktop,South,Google Ads,Electronics,0.0,Yes
USR02748,SES02748,browse,10/20/2025,Desktop,North,Social Media,Sports,0.0,No
USR00726,SES00726,browse,2025-10-12 21:21:03,Tablet,East,Social Media,Home,0.0,Yes
USR06049,SES06049,browse,2025-10-07 21:32:12,Desktop,West,Email,Electronics,0.0,Yes
USR04488,SES04488,Add to Cart,2025-10-28 16:41:18,Mobile,South,Social Media,Beauty,0.0,Yes
USR02125,SES02125,Add to Cart,2025-10-19 12:40:42,Mobile,South,Social Media,Fashion,0.0,Yes
USR05135,SES05135,Browse,2025-10-29 15:39:08,Desktop,West,Social Media,Electronics,0.0,Yes
USR06885,SES06885,Purchase,2025-10-16 23:58:49,Tablet,,Google Ads,Home,704.12,No
USR08537,SES08537,BROWSE,2025-10-07 12:02:19,Desktop,East,Social Media,Beauty,,Yes
USR07592,SES07592,PURCHASE,2025-10-27 17:09:07,Tablet,East,Google Ads,Home,1056.24,No
USR07114,SES07114,BROWSE,2025-10-04 20:07:29,Mobile,East,Google Ads,Beauty,0.0,Yes
USR08104,SES08104,Add to Cart,2025-10-12 13:56:27,Mobile,South,Google Ads,Fashion,0.0,Yes
USR03179,SES03179,BROWSE,2025-10-07 00:14:19,Mobile,North,Social Media,Fashion,0.0,Yes
USR02999,SES02999,BROWSE,2025-10-30 20:56:07,Mobile,South,Google Ads,Home,0.0,Yes
USR08579,SES08579,browse,2025-10-22 06:13:07,Mobile,North,Organic,Home,0.0,Yes
USR01932,SES01932,browse,2025-10-18 10:33:47,Mobile,East,Email,Fashion,0.0,Yes
USR09851,SES09851,BROWSE,2025-10-11 20:26:39,Tablet,West,Organic,Beauty,0.0,Yes
USR04984,SES04984,BROWSE,2025-10-09 07:06:30,Mobile,,Email,Fashion,,Yes
USR07095,SES07095,BROWSE,2025-10-25 04:04:04,Mobile,South,Google Ads,Fashion,0.0,Yes
USR04619,SES04619,Checkout,2025-10-09 05:37:13,Mobile,North,Organic,Electronics,0.0,Yes
USR05286,SES05286,Checkout,2025-10-17 00:56:44,Desktop,South,Social Media,Sports,0.0,Yes
USR02558,SES02558,Browse,2025-10-21 18:46:23,,North,Organic,Sports,,Yes
USR09010,SES09010,Checkout,2025-10-21 16:26:05,Desktop,East,Social Media,Beauty,0.0,Yes
USR05643,SES05643,ADD TO CART,2025-10-26 04:05:16,Desktop,West,Organic  ,Home,0.0,Yes
USR01547,SES01547,BROWSE,2025-10-03 02:02:43,Mobile,,Organic,Beauty,0.0,Yes
USR01208,SES01208,Add to Cart,2025-10-24 17:27:55,Mobile,North,Google Ads  ,Electronics,0.0,Yes
USR07614,SES07614,BROWSE,2025-10-06 00:25:54,Desktop,North,Social Media,Sports,,No
USR07572,SES07572,Add to Cart,2025-10-11 14:12:54,Tablet,West,Social Media,Beauty,0.0,Yes
USR02615,SES02615,Add to Cart,2025-10-13 03:11:17,Mobile,East,Organic,Electronics,0.0,No
USR09977,SES09977,Add to Cart,2025-10-08 03:23:35,Desktop,West,Email,Fashion,0.0,Yes
USR09068,SES09068,BROWSE,10/20/2025,Tablet,West,Social Media,Beauty,0.0,Yes
USR03790,SES03790,Add to Cart,2025-10-27 09:31:05,Mobile,East,Organic,Beauty,0.0,No
USR05271,SES05271,browse,2025-10-08 08:32:03,Desktop,North,Social Media,Sports,0.0,Yes
USR01410,SES01410,Browse,2025-10-08 21:49:19,Mobile,South,Email,Fashion,-99.99,Yes
USR01101,SES01101,Browse,2025-10-15 04:04:25,Tablet,North,Social Media,Fashion,0.0,Yes
USR06205,SES06205,ADD TO CART,2025-10-30 05:29:54,Desktop,East,Social Media,Electronics,0.0,Yes
USR09466,SES09466,Browse,2025-10-18 00:50:17,Tablet,East,Social Media,Sports,0.0,Yes
USR04132,SES04132,Add to Cart,2025-10-02 22:26:49,Desktop,South,Email,Electronics,0.0,No
USR09070,SES09070,Purchase,2025-10-17 07:37:59,Desktop,East,Email  ,Beauty,839.15,No
USR00058,SES00058,CHECKOUT,2025-10-18 16:11:50,Tablet,South,Organic,Electronics,0.0,Yes
USR06142,SES06142,Browse,2025-10-26 16:29:35,Tablet,South,Social Media  ,Sports,0.0,Yes
USR01886,SES01886,browse,2025-10-17 16:16:10,Tablet,North,Email,Electronics,,Yes
USR07201,SES07201,Browse,2025-10-03 23:50:20,Tablet,South,Email,Home,0.0,Yes
USR06195,SES06195,Browse,2025-10-07 04:37:24,Mobile,West,Social Media,Sports,0.0,Yes
USR05546,SES05546,browse,2025-10-13 04:39:21,Mobile,,Social Media,Fashion,0.0,Yes
USR04233,SES04233,Browse,2025-10-08 17:12:49,Desktop,South,Google Ads,Electronics,0.0,Yes
USR06849,SES06849,Browse,2025-10-05 02:37:29,Desktop,,Organic  ,Sports,0.0,Yes
USR01607,SES01607,Add to Cart,2025-10-23 04:09:23,Tablet,East,Google Ads,Home,0.0,No
USR04657,SES04657,BROWSE,2025-10-07 23:13:02,Desktop,East,Social Media,Electronics,0.0,Yes
USR03626,SES03626,checkout,2025-10-07 21:06:33,Tablet,East,Social Media,Electronics,0.0,Yes
USR03625,SES03625,Browse,2025-10-19 06:27:30,Mobile,West,Organic,Home,,No
USR04974,SES04974,checkout,2025-10-27 05:10:34,Tablet,South,Organic  ,Home,0.0,Yes
USR01203,SES01203,Add to Cart,2025-10-29 14:27:38,,South,Email  ,Beauty,0.0,Yes
USR01468,SES01468,Add to Cart,2025-10-10 16:46:31,Desktop,West,Organic,Electronics,0.0,Yes
USR03998,SES03998,PURCHASE,2025-10-25 21:00:01,,,Organic,Electronics,1407.15,No
USR02206,SES02206,ADD TO CART,2025-10-30 19:20:18,Tablet,East,Email,Electronics,,No
USR09189,SES09189,Add to Cart,2025-10-14 12:59:39,Desktop,East,Email,Electronics,0.0,Yes
USR08384,SES08384,Add to Cart,2025-10-11 20:13:03,Desktop,West,Google Ads,Home,0.0,Yes
USR02902,SES02902,Add to Cart,2025-10-24 07:43:58,Desktop,South,Social Media,Sports,0.0,No
USR09390,SES09390,Checkout,2025-10-29 03:32:40,,West,Google Ads,Home,0.0,Yes
USR06763,SES06763,Browse,2025-10-02 19:23:28,Tablet,North,Social Media,Electronics,0.0,Yes
USR09066,SES09066,Browse,2025-10-15 07:38:29,,South,Email,Beauty,0.0,Yes
USR02238,SES02238,checkout,2025-10-25 02:33:09,Mobile,North,Social Media,Electronics,0.0,Yes
USR06025,SES06025,Purchase,2025-10-14 14:46:01,Tablet,West,Google Ads  ,Fashion,507.77,No
USR00778,SES00778,Purchase,2025-10-26 19:05:19,Desktop,,Organic,Home,868.17,No
USR00825,SES00825,ADD TO CART,2025-10-22 00:29:50,Desktop,South,Google Ads,Beauty,,Yes
USR09999,SES09999,Purchase,2025-10-03 17:34:58,Mobile,East,Email,Fashion,960.65,No
USR06748,SES06748,Add to Cart,2025-10-13 08:16:22,Tablet,North,Social Media,Home,0.0,Yes
USR01509,SES01509,Add to Cart,2025-10-19 13:13:27,Tablet,North,Email,Electronics,0.0,Yes
USR05528,SES05528,Add to Cart,2025-10-28 00:12:52,Mobile,South,Organic  ,Beauty,0.0,Yes
USR03963,SES03963,Checkout,2025-10-05 05:55:10,Desktop,East,Organic,Home,0.0,Yes
USR09209,SES09209,Checkout,2025-10-06 22:13:11,Desktop,South,Email,Beauty,0.0,Yes
USR09308,SES09308,Add to Cart,2025-10-27 13:50:58,Tablet,West,Organic,Electronics,0.0,Yes
USR03268,SES03268,add to cart,2025-10-17 11:24:16,Tablet,South,Email,Fashion,0.0,Yes
USR05757,SES05757,ADD TO CART,2025-10-03 18:50:14,Tablet,South,Social Media,Electronics,0.0,Yes
USR06559,SES06559,Browse,2025-10-22 06:25:06,Tablet,South,Organic,Beauty,0.0,Yes
USR00014,SES00014,Checkout,2025-10-30 17:23:50,Desktop,North,Social Media,Home,0.0,No
USR05278,SES05278,Checkout,2025-10-05 01:34:16,Desktop,North,Email,Sports,0.0,Yes
USR09944,SES09944,Browse,2025-10-13 13:58:22,Desktop,East,Email  ,Electronics,0.0,Yes
USR07583,SES07583,Browse,2025-10-28 20:34:36,,East,Social Media,Electronics,,Yes
USR09566,SES09566,Browse,2025-10-28 14:27:08,Tablet,East,Google Ads,Fashion,0.0,Yes
USR06168,SES06168,Add to Cart,2025-10-12 12:13:58,Mobile,East,Email,Home,999999.0,Yes
USR04938,SES04938,Checkout,2025-10-30 23:55:48,Mobile,South,Organic,Beauty,0.0,Yes
USR05988,SES05988,Add to Cart,2025-10-24 18:04:48,Mobile,,Email  ,Electronics,0.0,No
USR04173,SES04173,BROWSE,2025-10-16 18:32:22,Tablet,West,Social Media,Electronics,0.0,Yes
USR09046,SES09046,add to cart,2025-10-25 16:20:26,Tablet,East,Social Media,Sports,0.0,Yes
USR05332,SES05332,browse,2025-10-23 21:42:57,Tablet,North,Organic,Electronics,0.0,Yes
USR03177,SES03177,Add to Cart,2025-10-31 10:49:56,Mobile,South,Google Ads,Sports,0.0,Yes
USR00942,SES00942,browse,2025-10-08 16:15:34,Tablet,East,Organic,Electronics,0.0,No
USR01262,SES01262,Checkout,2025-10-08 10:35:38,Tablet,South,Google Ads,Beauty,,Yes
USR07169,SES07169,Add to Cart,2025-10-08 05:23:18,Mobile,,Organic,Sports,0.0,Yes
USR08772,SES08772,ADD TO CART,2025-10-09 12:18:48,Mobile,West,Organic  ,Sports,0.0,No
USR06167,SES06167,Checkout,2025-10-27 05:10:30,Tablet,South,Social Media,Sports,0.0,No
USR01756,SES01756,browse,2025-10-03 23:42:21,Desktop,South,Email,Electronics,0.0,Yes
USR01805,SES01805,Add to Cart,2025-10-21 21:26:12,Desktop,East,Google Ads,Sports,0.0,Yes
USR05628,SES05628,Add to Cart,2025-10-30 17:06:09,Mobile,North,Google Ads,Electronics,0.0,No
USR00008,SES00008,Add to Cart,10/20/2025,Desktop,East,Email,Fashion,0.0,No
USR02073,SES02073,browse,2025-10-24 07:32:27,Tablet,West,Email  ,Electronics,0.0,Yes
USR06194,SES06194,Browse,2025-10-18 13:54:38,Mobile,West,Email,Beauty,0.0,Yes
USR01127,SES01127,Add to Cart,2025-10-17 07:32:56,Mobile,West,Google Ads,Home,0.0,Yes
USR01625,SES01625,BROWSE,2025-10-12 14:05:37,Desktop,East,Google Ads,Beauty,0.0,Yes
USR01293,SES01293,ADD TO CART,2025-10-27 11:37:40,Tablet,West,Google Ads,Electronics,0.0,No
USR03653,SES03653,Add to Cart,2025-10-03 18:16:38,Desktop,,Organic,Sports,0.0,Yes
USR02969,SES02969,Browse,2025-10-21 02:03:37,Desktop,,Organic,Fashion,,Yes
USR05299,SES05299,Add to Cart,2025-10-07 08:59:32,Desktop,South,Organic,Sports,,Yes
USR08451,SES08451,Add to Cart,2025-10-28 00:02:21,Desktop,South,Email,Home,0.0,Yes
USR06392,SES06392,BROWSE,2025-10-31 05:42:27,Mobile,North,Email  ,Beauty,0.0,Yes
USR05464,SES05464,Add to Cart,2025-10-06 04:21:46,Tablet,North,Email,Fashion,0.0,Yes
USR05219,SES05219,Add to Cart,2025-10-23 17:26:27,Desktop,North,Organic,Fashion,0.0,No
USR06242,SES06242,Browse,2025-10-13 20:12:04,Tablet,West,Social Media,Home,0.0,Yes
USR05430,SES05430,BROWSE,2025-10-08 04:25:11,Mobile,South,Google Ads,Beauty,0.0,Yes
USR05781,SES05781,add to cart,2025-10-05 01:27:10,Desktop,East,Social Media,Beauty,0.0,Yes
USR03599,SES03599,ADD TO CART,2025-10-24 21:13:43,Desktop,East,Social Media,Beauty,0.0,Yes
USR00957,SES00957,Checkout,2025-10-05 00:52:05,Desktop,South,Social Media,Electronics,0.0,Yes
USR06366,SES06366,Add to Cart,2025-10-24 12:00:14,Tablet,South,Email,Fashion,0.0,No
USR06815,SES06815,ADD TO CART,2025-10-17 06:32:47,Mobile,West,Social Media,Sports,,Yes
USR08542,SES08542,BROWSE,2025-10-17 09:56:04,Tablet,East,Social Media,Home,,Yes
USR08760,SES08760,add to cart,2025-10-18 09:28:11,Mobile,South,Google Ads,Electronics,0.0,Yes
USR02852,SES02852,Browse,2025-10-24 11:51:13,Tablet,South,Social Media,Home,0.0,Yes
USR07738,SES07738,Checkout,2025-10-10 09:05:19,Tablet,West,Email,Beauty,0.0,Yes
USR08540,SES08540,add to cart,2025-10-10 19:33:01,Desktop,North,Organic,Sports,0.0,Yes
USR07847,SES07847,Browse,2025-10-15 13:01:51,Tablet,North,Social Media,Home,0.0,Yes
USR03726,SES03726,Purchase,2025-10-27 13:56:27,Tablet,West,Organic,Beauty,667.13,No
USR04129,SES04129,ADD TO CART,2025-10-06 23:24:00,,West,Social Media,Sports,,Yes
USR07497,SES07497,ADD TO CART,2025-10-20 13:58:15,Tablet,South,Organic,Beauty,0.0,Yes
USR05990,SES05990,add to cart,2025-10-31 13:15:24,Mobile,North,Google Ads,Sports,0.0,Yes
USR02186,SES02186,Add to Cart,2025-10-21 02:08:34,Mobile,South,Social Media,Beauty,0.0,No
USR03799,SES03799,Browse,2025-10-20 13:23:49,Mobile,West,Email,Electronics,0.0,Yes
USR06055,SES06055,Browse,2025-10-04 22:05:42,Tablet,West,Email,Electronics,0.0,Yes
USR06107,SES06107,Add to Cart,2025-10-05 12:35:53,,South,Social Media,Fashion,0.0,Yes
USR06560,SES06560,Browse,2025-10-08 09:14:01,Mobile,South,Organic,Beauty,0.0,Yes
USR07130,SES07130,Browse,2025-10-27 01:05:23,Desktop,West,Organic,Fashion,0.0,Yes
USR04763,SES04763,Browse,2025-10-24 08:35:16,Desktop,North,Email,Electronics,0.0,Yes
USR08763,SES08763,Add to Cart,10/20/2025,Tablet,North,Social Media,Fashion,0.0,Yes
USR08555,SES08555,browse,2025-10-20 21:35:07,Mobile,South,Email,Electronics,0.0,Yes
USR03038,SES03038,Browse,2025-10-21 14:47:28,,West,Organic,Fashion,0.0,Yes
USR07583,SES07583,Add to Cart,2025-10-28 20:38:36,Tablet,South,Social Media  ,Fashion,,Yes
USR06387,SES06387,Browse,2025-10-12 19:08:37,Desktop,South,Social Media,Fashion,0.0,Yes
USR05420,SES05420,BROWSE,2025-10-26 17:11:29,Tablet,East,Email,Electronics,0.0,Yes
USR00522,SES00522,Browse,2025-10-16 18:00:25,Mobile,North,Google Ads,Sports,0.0,No
USR04547,SES04547,Checkout,2025-10-16 06:18:00,Desktop,North,Organic,Fashion,0.0,Yes
USR01289,SES01289,Add to Cart,2025-10-18 03:25:37,Mobile,West,Social Media,Sports,0.0,Yes
USR06550,SES06550,Add to Cart,2025-10-29 20:11:02,Mobile,West,Email,Electronics,,Yes
USR08706,SES08706,Add to Cart,2025-10-30 14:45:41,Desktop,,Email,Sports,0.0,Yes
USR00639,SES00639,ADD TO CART,10/20/2025,Desktop,South,Google Ads,Home,0.0,Yes
USR06616,SES06616,Browse,2025-10-13 17:13:25,,West,Organic  ,Electronics,,Yes
USR07767,SES07767,Browse,2025-10-14 06:06:44,Mobile,North,Google Ads,Beauty,0.0,No
USR00064,SES00064,BROWSE,2025-10-03 20:40:36,Tablet,West,Email,Sports,,Yes
USR01416,SES01416,Add to Cart,2025-10-13 12:28:07,Mobile,,Organic,Beauty,0.0,Yes
USR07370,SES07370,Add to Cart,2025-10-24 10:15:00,Mobile,South,Google Ads,Beauty,0.0,Yes
USR02534,SES02534,BROWSE,2025-10-29 05:10:45,Mobile,South,Google Ads,Electronics,0.0,Yes
USR00979,SES00979,Browse,2025-10-25 10:03:05,Desktop,South,Google Ads,Sports,0.0,No
USR07541,SES07541,Browse,2025-10-23 18:30:02,Mobile,West,Email,Sports,0.0,No
USR04808,SES04808,Add to Cart,2025-10-22 05:29:49,Tablet,North,Google Ads,Beauty,,Yes
USR07477,SES07477,Browse,2025-10-15 12:20:07,Tablet,South,Email,Beauty,0.0,Yes
USR02959,SES02959,Browse,2025-10-16 09:28:30,Mobile,North,Organic,Beauty,-99.99,Yes
USR01585,SES01585,Browse,2025-10-22 07:50:56,Mobile,North,Organic,Fashion,0.0,No
USR04226,SES04226,BROWSE,2025-10-29 03:05:55,Tablet,,Organic,Electronics,0.0,Yes
USR01404,SES01404,ADD TO CART,2025-10-24 11:43:05,Mobile,East,Email,Electronics,0.0,Yes
USR01347,SES01347,add to cart,2025-10-17 06:52:57,Tablet,,Google Ads,Beauty,0.0,Yes
USR04862,SES04862,Browse,2025-10-02 13:44:55,Tablet,East,Email,Home,0.0,Yes
USR03794,SES03794,Browse,2025-10-26 13:43:51,Tablet,West,Google Ads,Fashion,0.0,Yes
USR06535,SES06535,checkout,2025-10-08 08:05:32,Tablet,North,Google Ads  ,Electronics,0.0,Yes
USR02556,SES02556,ADD TO CART,2025-10-27 18:41:39,Mobile,South,Organic,Sports,0.0,Yes
USR01302,SES01302,Browse,2025-10-09 03:14:19,Tablet,South,Email,Electronics,0.0,Yes
USR08593,SES08593,PURCHASE,2025-10-08 12:28:03,Tablet,East,Email,Sports,1451.4,No
USR05127,SES05127,BROWSE,2025-10-12 11:58:09,Desktop,East,Email,Home,0.0,Yes
USR07322,SES07322,Add to Cart,10/20/2025,Mobile,West,Organic,Fashion,0.0,Yes
USR04604,SES04604,Browse,2025-10-06 07:33:20,Mobile,South,Organic,Beauty,-99.99,Yes
USR09611,SES09611,Add to Cart,2025-10-25 11:08:03,,North,Google Ads,Electronics,0.0,Yes
USR02620,SES02620,BROWSE,2025-10-04 04:23:59,Tablet,West,Google Ads,Sports,0.0,Yes
USR01030,SES01030,Browse,2025-10-29 04:00:33,Tablet,East,Organic,Beauty,0.0,Yes
USR09266,SES09266,Browse,2025-10-05 00:10:37,,North,Google Ads,Electronics,0.0,Yes
USR07359,SES07359,Add to Cart,2025-10-29 05:12:45,Tablet,North,Social Media  ,Beauty,0.0,Yes
USR01307,SES01307,Add to Cart,2025-10-18 06:41:32,Mobile,West,Email,Fashion,0.0,Yes
USR00319,SES00319,Add to Cart,2025-10-05 07:04:20,Tablet,,Organic,Sports,0.0,Yes
USR02051,SES02051,add to cart,2025-10-04 08:10:14,Mobile,North,Organic,Sports,0.0,No
USR03879,SES03879,Checkout,2025-10-08 00:06:31,Mobile,,Email,Beauty,0.0,Yes
USR01746,SES01746,CHECKOUT,2025-10-15 19:59:23,Mobile,South,Organic,Electronics,0.0,Yes
USR01548,SES01548,Browse,2025-10-07 00:02:09,Mobile,,Email,Sports,0.0,No
USR01829,SES01829,Browse,2025-10-05 07:17:40,,West,Social Media,Fashion,0.0,Yes
USR09802,SES09802,Add to Cart,2025-10-05 02:22:19,Tablet,West,Social Media,Electronics,0.0,Yes
USR04938,SES04938,BROWSE,2025-10-30 23:51:48,Tablet,South,Google Ads,Electronics,0.0,Yes
USR01528,SES01528,Checkout,2025-10-08 09:35:34,Mobile,,Social Media,Home,0.0,Yes
USR06758,SES06758,ADD TO CART,2025-10-23 20:02:19,Tablet,East,Email,Beauty,0.0,Yes
USR07096,SES07096,Browse,10/20/2025,Tablet,,Social Media,Electronics,0.0,No
USR00620,SES00620,Add to Cart,2025-10-15 05:20:37,Mobile,,Email,Electronics,0.0,Yes
USR05925,SES05925,browse,2025-10-28 12:43:44,Tablet,North,Organic,Beauty,0.0,Yes
USR01928,SES01928,checkout,2025-10-18 06:18:46,Mobile,,Email,Beauty,0.0,Yes
USR00450,SES00450,Browse,2025-10-29 05:17:51,Tablet,South,Organic,Home,0.0,Yes
USR08960,SES08960,Browse,2025-10-15 20:20:32,Mobile,West,Email,Home,0.0,Yes
USR03899,SES03899,Browse,2025-10-20 05:20:40,Mobile,West,Organic  ,Electronics,0.0,Yes
USR08182,SES08182,Browse,2025-10-03 23:04:15,Tablet,South,Organic,Electronics,0.0,Yes
USR01666,SES01666,Add to Cart,2025-10-08 20:07:53,,North,Social Media,Electronics,0.0,Yes
USR07732,SES07732,Add to Cart,2025-10-01 21:32:25,Tablet,North,Email,Electronics,0.0,Yes
USR05077,SES05077,Add to Cart,2025-10-07 13:36:28,Mobile,West,Organic,Fashion,0.0,Yes
USR01259,SES01259,ADD TO CART,2025-10-03 03:18:53,Desktop,West,Social Media  ,Sports,0.0,Yes
USR05674,SES05674,Browse,2025-10-20 16:55:59,Mobile,West,Email,Sports,0.0,Yes
USR03900,SES03900,Browse,2025-10-18 12:53:48,,North,Organic,Electronics,0.0,Yes
USR08453,SES08453,Add to Cart,2025-10-07 16:41:20,Mobile,West,Social Media,Fashion,0.0,No
USR00471,SES00471,Purchase,2025-10-02 17:56:44,Tablet,,Organic,Sports,314.86,No
USR07113,SES07113,Browse,2025-10-16 22:15:45,,,Social Media,Fashion,0.0,No
USR02653,SES02653,BROWSE,2025-10-22 21:33:38,Desktop,,Email  ,Beauty,0.0,Yes
USR09621,SES09621,Add to Cart,2025-10-31 00:01:34,Tablet,South,Organic,Sports,0.0,No
USR09614,SES09614,ADD TO CART,2025-10-10 11:24:08,Desktop,North,Email,Sports,0.0,Yes
USR05458,SES05458,add to cart,2025-10-16 02:19:45,Mobile,West,Google Ads,Fashion,0.0,Yes
USR01070,SES01070,checkout,2025-10-02 02:46:10,Desktop,South,Email,Electronics,0.0,Yes
USR08247,SES08247,Add to Cart,10/20/2025,Desktop,West,Organic,Sports,0.0,Yes
USR00795,SES00795,ADD TO CART,2025-10-25 18:09:50,Desktop,North,Google Ads,Sports,0.0,Yes
USR03152,SES03152,browse,2025-10-25 14:07:54,Tablet,East,Social Media,Electronics,0.0,Yes
USR01145,SES01145,BROWSE,2025-10-20 12:35:03,Tablet,East,Organic,Beauty,,No
USR06746,SES06746,Checkout,2025-10-21 03:16:23,Tablet,West,Google Ads,Electronics,0.0,Yes
USR08743,SES08743,Browse,2025-10-04 12:06:55,Mobile,East,Social Media  ,Sports,0.0,Yes
USR05217,SES05217,BROWSE,2025-10-22 12:19:30,Desktop,West,Google Ads  ,Sports,0.0,Yes
USR02107,SES02107,Browse,2025-10-18 20:22:02,Desktop,South,Email,Sports,0.0,No
USR04817,SES04817,browse,2025-10-16 12:35:55,Tablet,East,Email,Beauty,0.0,Yes
USR06789,SES06789,ADD TO CART,2025-10-23 03:49:50,Desktop,South,Google Ads,Fashion,0.0,No
USR03202,SES03202,Checkout,2025-10-06 12:18:35,Desktop,West,Email,Fashion,0.0,Yes
USR00560,SES00560,Browse,2025-10-13 00:13:45,Desktop,West,Google Ads  ,Sports,0.0,Yes
USR03593,SES03593,ADD TO CART,10/20/2025,,,Organic,Electronics,0.0,Yes
USR07785,SES07785,Add to Cart,2025-10-15 01:04:43,,West,Organic,Electronics,,Yes
USR03345,SES03345,Browse,2025-10-18 19:46:53,Desktop,South,Email  ,Sports,0.0,Yes
USR05923,SES05923,Checkout,2025-10-18 13:01:28,,West,Organic,Fashion,,Yes
USR07661,SES07661,Add to Cart,2025-10-08 19:01:10,Mobile,North,Email,Beauty,0.0,Yes
USR02644,SES02644,browse,2025-10-29 03:50:48,Mobile,South,Email,Sports,0.0,Yes
USR02094,SES02094,Add to Cart,2025-10-03 16:35:19,Tablet,West,Organic,Sports,,Yes
USR05693,SES05693,BROWSE,2025-10-04 21:05:21,Desktop,West,Email,Fashion,0.0,Yes
USR05003,SES05003,Purchase,2025-10-27 10:03:10,Tablet,South,Organic,Fashion,472.4,No
USR05202,SES05202,browse,2025-10-23 02:04:29,Desktop,,Email,Beauty,,Yes
USR09789,SES09789,Browse,2025-10-05 22:58:18,Desktop,West,Email,Fashion,0.0,Yes
USR08830,SES08830,Purchase,2025-10-24 15:33:46,Tablet,North,Organic,Beauty,1575.63,No
USR04659,SES04659,ADD TO CART,2025-10-23 04:08:05,,East,Social Media,Electronics,0.0,Yes
USR09612,SES09612,Browse,2025-10-29 18:57:17,Desktop,East,Organic,Home,0.0,Yes
USR02216,SES02216,browse,2025-10-15 11:23:14,Tablet,South,Organic,Sports,0.0,Yes
USR07300,SES07300,Browse,2025-10-06 01:41:26,Tablet,West,Social Media,Home,0.0,No
USR00016,SES00016,ADD TO CART,2025-10-26 17:58:29,,South,Google Ads,Fashion,0.0,Yes
USR03965,SES03965,ADD TO CART,2025-10-06 00:24:12,Tablet,North,Google Ads  ,Beauty,0.0,Yes
USR05228,SES05228,BROWSE,2025-10-02 02:37:48,Tablet,West,Social Media,Beauty,0.0,Yes
USR08201,SES08201,Purchase,2025-10-23 22:00:56,,North,Social Media,Sports,,No
USR00276,SES00276,add to cart,2025-10-26 13:44:23,Mobile,West,Social Media,Electronics,0.0,Yes
USR08576,SES08576,Checkout,2025-10-14 10:35:29,Desktop,South,Social Media,Beauty,0.0,Yes
USR01917,SES01917,Checkout,10/20/2025,Mobile,North,Google Ads,Home,0.0,Yes
USR04096,SES04096,Add to Cart,2025-10-15 00:11:57,Mobile,North,Organic,Sports,0.0,Yes
USR04064,SES04064,Browse,2025-10-13 20:38:42,Mobile,North,Social Media,Fashion,0.0,No
USR07462,SES07462,Checkout,2025-10-25 20:56:48,Mobile,North,Google Ads,Sports,0.0,Yes
USR07913,SES07913,Browse,2025-10-19 07:36:02,Tablet,West,Email,Sports,0.0,Yes
USR05102,SES05102,add to cart,2025-10-24 01:06:21,Mobile,East,Email,Sports,0.0,Yes
USR01613,SES01613,BROWSE,2025-10-18 20:35:15,,,Organic  ,Sports,0.0,Yes
USR08992,SES08992,browse,2025-10-26 06:23:45,Tablet,West,Organic  ,Sports,0.0,Yes
USR02152,SES02152,Add to Cart,2025-10-16 03:08:40,Desktop,West,Google Ads,Electronics,0.0,Yes
USR07728,SES07728,Checkout,2025-10-02 22:58:35,Mobile,West,Organic,Beauty,0.0,Yes
USR04329,SES04329,Checkout,2025-10-30 10:02:58,Desktop,North,Google Ads,Electronics,0.0,Yes
USR08627,SES08627,Add to Cart,2025-10-05 04:47:34,Desktop,North,Social Media,Sports,0.0,Yes
USR06386,SES06386,ADD TO CART,2025-10-11 03:51:23,Tablet,South,Organic,Fashion,,Yes
USR00211,SES00211,Add to Cart,2025-10-27 03:57:14,,East,Organic,Home,,No
USR03537,SES03537,Browse,2025-10-28 23:18:42,Tablet,East,Social Media,Beauty,0.0,Yes
USR02308,SES02308,ADD TO CART,2025-10-11 02:39:53,,North,Email,Beauty,0.0,Yes
USR09326,SES09326,Checkout,2025-10-13 06:07:28,Tablet,West,Google Ads,Sports,0.0,Yes
USR08203,SES08203,Add to Cart,2025-10-30 01:34:37,Tablet,East,Email,Home,0.0,Yes
USR08061,SES08061,Add to Cart,2025-10-29 00:23:51,Desktop,,Email,Electronics,0.0,Yes
USR02846,SES02846,PURCHASE,2025-10-12 19:04:41,,West,Organic,Home,,No
USR08833,SES08833,Browse,2025-10-03 21:29:26,Tablet,North,Google Ads  ,Beauty,999999.0,Yes
USR00552,SES00552,Browse,2025-10-16 06:42:58,Tablet,West,Organic,Home,0.0,Yes
USR08967,SES08967,Add to Cart,2025-10-24 17:33:14,Desktop,West,Organic,Beauty,0.0,Yes
USR01989,SES01989,CHECKOUT,2025-10-22 11:15:07,Desktop,West,Google Ads,Beauty,0.0,Yes
USR07672,SES07672,Browse,2025-10-10 21:04:46,,East,Email,Electronics,0.0,No
USR08112,SES08112,Browse,2025-10-30 01:34:22,Mobile,West,Social Media,Home,0.0,Yes
USR08170,SES08170,Add to Cart,2025-10-04 18:19:39,Desktop,East,Email,Electronics,0.0,Yes
USR04656,SES04656,Browse,2025-10-23 20:16:15,Tablet,,Email,Fashion,0.0,No
USR06805,SES06805,Add to Cart,2025-10-31 09:55:50,Tablet,North,Organic,Fashion,0.0,Yes
USR08632,SES08632,BROWSE,2025-10-18 15:53:24,Tablet,West,Organic  ,Sports,0.0,No
USR03017,SES03017,Add to Cart,2025-10-01 19:35:56,Tablet,North,Google Ads,Beauty,0.0,Yes
USR02828,SES02828,browse,2025-10-18 05:49:46,Tablet,South,Google Ads,Sports,0.0,Yes
USR02880,SES02880,BROWSE,2025-10-24 18:24:46,Tablet,East,Google Ads,Electronics,0.0,Yes
USR04240,SES04240,Browse,2025-10-05 19:23:01,Mobile,South,Organic,Home,,Yes
USR00568,SES00568,Add to Cart,2025-10-28 14:27:50,Mobile,East,Organic,Electronics,,Yes
USR04413,SES04413,Add to Cart,2025-10-16 01:50:40,Desktop,North,Email  ,Fashion,0.0,No
USR00462,SES00462,Checkout,2025-10-25 14:54:53,Desktop,,Organic,Beauty,0.0,Yes
USR03090,SES03090,BROWSE,2025-10-03 22:38:34,Desktop,South,Organic,Home,0.0,Yes
USR08868,SES08868,Add to Cart,2025-10-05 12:56:53,Tablet,North,Organic,Sports,0.0,Yes
USR00892,SES00892,Add to Cart,2025-10-17 02:20:50,Mobile,,Organic,Fashion,0.0,Yes
USR09388,SES09388,Browse,10/20/2025,Desktop,South,Email,Sports,0.0,Yes
USR03141,SES03141,Add to Cart,2025-10-14 17:00:08,Desktop,West,Social Media,Electronics,,Yes
USR09735,SES09735,BROWSE,2025-10-18 12:53:26,Desktop,East,Google Ads,Fashion,0.0,Yes
USR01796,SES01796,browse,2025-10-14 02:50:10,Tablet,West,Organic,Beauty,0.0,Yes
USR07460,SES07460,Browse,2025-10-28 16:50:15,Mobile,South,Email,Fashion,0.0,No
USR07350,SES07350,browse,2025-10-12 19:24:20,Desktop,,Social Media,Fashion,0.0,Yes
USR04780,SES04780,CHECKOUT,2025-10-04 09:23:51,Mobile,East,Social Media  ,Fashion,0.0,Yes
USR02922,SES02922,ADD TO CART,2025-10-21 22:04:31,Tablet,West,Email,Fashion,0.0,Yes
USR07015,SES07015,Add to Cart,2025-10-10 07:33:31,Mobile,South,Social Media,Fashion,0.0,Yes
USR01736,SES01736,Checkout,2025-10-16 19:42:09,Mobile,East,Social Media  ,Electronics,0.0,Yes
USR00186,SES00186,Browse,2025-10-19 22:47:21,Tablet,West,Organic,Electronics,0.0,Yes
USR05077,SES05077,Browse,2025-10-07 13:31:28,Desktop,South,Organic,Sports,0.0,Yes
USR01248,SES01248,BROWSE,2025-10-14 02:54:27,Tablet,North,Email,Fashion,0.0,Yes
USR06119,SES06119,ADD TO CART,2025-10-28 22:10:13,Desktop,East,Organic,Sports,0.0,Yes
USR00666,SES00666,add to cart,2025-10-24 04:15:06,Desktop,North,Social Media,Electronics,0.0,Yes
USR03420,SES03420,BROWSE,2025-10-29 13:41:27,Desktop,South,Google Ads,Electronics,0.0,Yes
USR05388,SES05388,ADD TO CART,2025-10-13 17:17:49,Mobile,,Social Media,Beauty,0.0,Yes
USR00656,SES00656,add to cart,2025-10-17 19:55:46,Mobile,East,Social Media,Fashion,0.0,Yes
USR06487,SES06487,Browse,2025-10-28 17:04:55,Desktop,,Email,Electronics,0.0,Yes
USR08156,SES08156,checkout,2025-10-07 08:00:07,Tablet,North,Organic  ,Sports,0.0,Yes
USR03811,SES03811,add to cart,2025-10-26 08:47:02,Mobile,South,Google Ads,Sports,0.0,No
USR03064,SES03064,Browse,2025-10-20 10:07:49,Tablet,West,Social Media,Sports,0.0,Yes
USR08179,SES08179,Browse,10/20/2025,Desktop,South,Email,Home,0.0,Yes
USR01368,SES01368,Browse,2025-10-04 17:18:58,Desktop,West,Social Media,Electronics,0.0,Yes
USR07759,SES07759,checkout,2025-10-05 15:32:20,Mobile,West,Email,Electronics,0.0,No
USR07325,SES07325,Add to Cart,2025-10-05 05:55:12,Desktop,West,Google Ads,Beauty,0.0,Yes
USR06152,SES06152,purchase,2025-10-19 07:16:11,Desktop,North,Email  ,Sports,726.83,No
USR05498,SES05498,CHECKOUT,2025-10-06 10:59:21,Desktop,South,Social Media  ,Home,0.0,Yes
USR06929,SES06929,ADD TO CART,2025-10-24 14:00:00,Tablet,East,Organic,Home,0.0,Yes
USR07911,SES07911,Add to Cart,2025-10-31 10:24:47,Desktop,North,Social Media,Electronics,0.0,Yes
USR07010,SES07010,Add to Cart,2025-10-08 09:31:00,Tablet,South,Google Ads,Sports,,Yes
USR04151,SES04151,CHECKOUT,2025-10-10 21:17:20,Mobile,,Social Media,Sports,0.0,Yes
USR07744,SES07744,Checkout,2025-10-21 12:38:32,Tablet,East,Google Ads,Electronics,0.0,No
USR06536,SES06536,ADD TO CART,2025-10-29 09:23:15,Tablet,South,Email,Beauty,0.0,Yes
USR09224,SES09224,Browse,2025-10-02 04:38:48,Mobile,East,Email,Home,0.0,Yes
USR06764,SES06764,Browse,10/20/2025,Mobile,East,Organic,Electronics,0.0,Yes
USR02499,SES02499,CHECKOUT,2025-10-10 14:25:49,Tablet,South,Organic,Beauty,0.0,No
USR05677,SES05677,checkout,2025-10-29 20:52:23,Mobile,East,Google Ads,Beauty,0.0,No
USR09267,SES09267,Add to Cart,2025-10-10 02:31:49,Desktop,East,Social Media,Beauty,0.0,Yes
USR02632,SES02632,Browse,2025-10-29 18:35:56,Desktop,West,Google Ads,Beauty,0.0,Yes
USR05188,SES05188,add to cart,2025-10-25 09:10:21,Tablet,,Email,Fashion,,No
USR05203,SES05203,Browse,2025-10-28 18:48:22,Desktop,East,Organic,Home,0.0,Yes
USR08078,SES08078,CHECKOUT,2025-10-16 05:21:42,Tablet,North,Social Media,Electronics,0.0,Yes
USR06484,SES06484,BROWSE,2025-10-06 18:14:09,Mobile,East,Organic,Sports,0.0,Yes
USR04397,SES04397,Browse,2025-10-31 18:07:23,Mobile,North,Organic,Sports,0.0,Yes
USR04770,SES04770,PURCHASE,2025-10-31 13:32:44,Mobile,West,Organic,Electronics,840.72,No
USR03773,SES03773,Add to Cart,2025-10-02 13:07:57,Mobile,South,Email,Sports,,Yes
USR02316,SES02316,Add to Cart,2025-10-27 13:33:04,Tablet,West,Social Media,Electronics,0.0,Yes
USR05057,SES05057,browse,2025-10-15 02:10:33,Desktop,West,Email,Fashion,0.0,Yes
USR09906,SES09906,Browse,2025-10-10 16:34:16,,South,Organic,Electronics,0.0,Yes
USR03128,SES03128,ADD TO CART,2025-10-19 09:02:21,,North,Social Media,Electronics,0.0,Yes
USR02044,SES02044,Purchase,2025-10-18 05:16:18,Mobile,West,Organic,Sports,1350.27,No
USR04776,SES04776,Add to Cart,2025-10-05 02:56:31,Desktop,East,Social Media,Beauty,,Yes
USR09916,SES09916,purchase,2025-10-12 19:24:09,Tablet,South,Google Ads,Home,736.56,No
USR00578,SES00578,Checkout,2025-10-26 13:30:18,Mobile,East,Social Media,Beauty,0.0,No
USR00803,SES00803,BROWSE,2025-10-27 14:23:44,Desktop,East,Social Media,Sports,0.0,Yes
USR01380,SES01380,Browse,2025-10-28 01:36:11,Tablet,North,Organic,Sports,,Yes
USR04248,SES04248,Add to Cart,2025-10-10 00:10:59,Desktop,East,Organic,Beauty,0.0,Yes
USR08193,SES08193,Browse,2025-10-30 12:38:46,Mobile,West,Social Media,Home,0.0,Yes
USR09375,SES09375,BROWSE,2025-10-30 02:13:59,Tablet,South,Email,Home,0.0,Yes
USR08928,SES08928,Browse,2025-10-26 16:21:25,Desktop,East,Google Ads,Beauty,0.0,Yes
USR00638,SES00638,browse,2025-10-21 07:24:24,Tablet,East,Google Ads,Beauty,0.0,Yes
USR06395,SES06395,add to cart,2025-10-04 05:25:33,Tablet,West,Social Media,Beauty,0.0,No
USR03018,SES03018,BROWSE,2025-10-27 13:35:45,,South,Social Media,Fashion,0.0,Yes
USR02971,SES02971,browse,2025-10-04 02:04:02,,West,Organic,Beauty,0.0,Yes
USR05544,SES05544,Add to Cart,2025-10-14 12:36:44,Tablet,North,Social Media,Fashion,0.0,Yes
USR05250,SES05250,add to cart,2025-10-19 17:01:44,Desktop,East,Organic,Electronics,0.0,Yes
USR04955,SES04955,BROWSE,2025-10-18 07:54:42,Mobile,,Social Media,Beauty,,Yes
USR06254,SES06254,BROWSE,2025-10-26 23:07:18,Tablet,South,Organic  ,Fashion,0.0,Yes
USR01309,SES01309,Add to Cart,2025-10-30 08:01:59,Mobile,South,Email,Beauty,0.0,Yes
USR03377,SES03377,Purchase,2025-10-10 22:56:04,Tablet,West,Google Ads,Fashion,1849.22,No
USR04081,SES04081,Browse,2025-10-15 18:06:27,Desktop,North,Email,Home,0.0,Yes
USR04714,SES04714,Browse,10/20/2025,Mobile,East,Google Ads  ,Beauty,0.0,Yes
USR00291,SES00291,CHECKOUT,2025-10-28 17:01:09,Tablet,East,Google Ads,Home,0.0,Yes
USR02273,SES02273,Add to Cart,2025-10-05 01:04:01,,,Organic,Beauty,0.0,No
USR03742,SES03742,Browse,2025-10-02 07:07:10,Desktop,North,Email,Electronics,0.0,Yes
USR02301,SES02301,Add to Cart,10/20/2025,Desktop,North,Email,Sports,0.0,Yes
USR04549,SES04549,ADD TO CART,2025-10-31 17:20:27,Tablet,South,Google Ads  ,Electronics,,Yes
USR01107,SES01107,Add to Cart,10/20/2025,Tablet,,Social Media,Electronics,0.0,Yes
USR08018,SES08018,Browse,2025-10-11 14:36:12,Tablet,North,Email,Home,0.0,Yes
USR00148,SES00148,CHECKOUT,2025-10-03 20:01:01,Desktop,East,Google Ads,Sports,0.0,Yes
USR02504,SES02504,checkout,2025-10-06 02:29:59,,East,Social Media,Electronics,0.0,Yes
USR03743,SES03743,browse,2025-10-25 04:57:52,Tablet,West,Social Media,Fashion,0.0,Yes
USR01952,SES01952,browse,2025-10-27 15:40:53,Tablet,West,Social Media,Home,0.0,No
USR03405,SES03405,Add to Cart,2025-10-08 13:45:48,Mobile,South,Organic,Beauty,0.0,Yes
USR03876,SES03876,Browse,2025-10-15 16:04:26,Desktop,West,Social Media,Beauty,0.0,No
USR00215,SES00215,Checkout,2025-10-26 23:26:42,,East,Email,Beauty,0.0,No
USR01436,SES01436,Add to Cart,2025-10-10 02:36:22,Desktop,South,Email,Beauty,0.0,Yes
USR01366,SES01366,Checkout,2025-10-23 22:36:10,,South,Organic,Electronics,0.0,Yes
USR07562,SES07562,ADD TO CART,2025-10-31 04:03:43,Desktop,South,Organic  ,Electronics,0.0,Yes
USR06543,SES06543,Browse,2025-10-26 03:27:07,Mobile,East,Organic,Beauty,0.0,Yes
USR08233,SES08233,browse,2025-10-22 13:41:29,Tablet,West,Organic,Electronics,,Yes
USR06563,SES06563,Browse,2025-10-24 00:06:02,Desktop,West,Organic,Beauty,0.0,Yes
USR02615,SES02615,Checkout,2025-10-13 03:13:17,Tablet,South,Social Media,Home,,No
USR02141,SES02141,Checkout,2025-10-21 20:06:30,Mobile,South,Email,Sports,0.0,Yes
USR01122,SES01122,Browse,2025-10-24 16:50:40,Desktop,East,Social Media,Electronics,0.0,Yes
USR06337,SES06337,BROWSE,2025-10-08 18:26:02,Desktop,North,Social Media,Electronics,0.0,Yes
USR02173,SES02173,Browse,2025-10-14 06:00:35,Mobile,North,Social Media,Fashion,999999.0,Yes
USR03744,SES03744,purchase,2025-10-18 21:12:15,Mobile,North,Social Media,Fashion,218.34,No
USR02284,SES02284,add to cart,10/20/2025,Desktop,South,Google Ads,Beauty,0.0,Yes
USR03519,SES03519,browse,2025-10-06 07:54:38,Desktop,North,Organic,Electronics,,Yes
USR05554,SES05554,BROWSE,2025-10-15 13:48:43,Tablet,West,Google Ads,Sports,0.0,Yes
USR09718,SES09718,Browse,2025-10-14 23:26:11,Tablet,West,Social Media,Home,0.0,Yes
USR02423,SES02423,browse,2025-10-17 03:44:34,Desktop,West,Email  ,Electronics,0.0,Yes
USR01875,SES01875,Add to Cart,10/20/2025,Desktop,East,Social Media,Sports,0.0,Yes
USR04264,SES04264,PURCHASE,2025-10-13 11:52:59,Desktop,East,Google Ads,Fashion,666.57,No
USR08812,SES08812,Add to Cart,2025-10-23 01:35:03,Desktop,North,Organic,Sports,0.0,Yes
USR09858,SES09858,Purchase,2025-10-20 07:23:20,Tablet,West,Social Media,Home,990.65,No
USR07428,SES07428,Purchase,2025-10-23 20:22:22,Tablet,North,Social Media,Fashion,792.29,No
USR09356,SES09356,Checkout,2025-10-23 22:11:26,Desktop,,Social Media,Beauty,,Yes
USR00150,SES00150,Browse,2025-10-03 05:11:45,,North,Social Media,Beauty,0.0,Yes
USR04121,SES04121,Add to Cart,2025-10-10 23:56:09,,,Organic,Beauty,0.0,Yes
USR01558,SES01558,Browse,2025-10-19 06:19:07,Desktop,South,Google Ads,Electronics,0.0,Yes
USR05817,SES05817,ADD TO CART,2025-10-16 02:31:32,Desktop,West,Google Ads,Home,0.0,No
USR04606,SES04606,Purchase,2025-10-23 08:02:56,Tablet,North,Social Media,Fashion,,No
USR01844,SES01844,Add to Cart,2025-10-07 09:29:31,Tablet,West,Social Media,Sports,0.0,Yes
USR00132,SES00132,Add to Cart,2025-10-30 18:30:36,Mobile,West,Organic,Electronics,0.0,Yes
USR00626,SES00626,BROWSE,2025-10-01 20:13:57,Tablet,East,Email,Sports,0.0,Yes
USR00527,SES00527,browse,2025-10-14 22:03:40,,North,Social Media,Fashion,0.0,Yes
USR02368,SES02368,CHECKOUT,2025-10-21 12:50:22,,East,Social Media,Sports,0.0,Yes
USR05662,SES05662,Add to Cart,2025-10-28 20:06:01,Desktop,South,Organic,Sports,0.0,No
USR01498,SES01498,browse,2025-10-12 06:30:42,Mobile,East,Email,Home,0.0,Yes
USR06938,SES06938,ADD TO CART,2025-10-24 11:00:13,Desktop,East,Google Ads,Sports,0.0,Yes
USR01825,SES01825,Add to Cart,2025-10-22 05:29:04,,East,Organic,Fashion,0.0,Yes
USR02313,SES02313,Add to Cart,2025-10-25 22:16:48,Desktop,West,Email,Beauty,0.0,Yes
USR04356,SES04356,Add to Cart,10/20/2025,Mobile,East,Email,Home,0.0,Yes
USR07775,SES07775,Browse,2025-10-12 11:29:52,Mobile,East,Google Ads,Beauty,0.0,Yes
USR07164,SES07164,ADD TO CART,2025-10-04 16:12:30,Tablet,West,Email  ,Home,0.0,No
USR04230,SES04230,BROWSE,2025-10-20 18:33:06,Desktop,South,Social Media,Fashion,0.0,Yes
USR08070,SES08070,Browse,2025-10-08 04:32:53,Desktop,,Social Media,Sports,0.0,Yes
USR06910,SES06910,Add to Cart,2025-10-18 21:00:33,Mobile,North,Google Ads,Electronics,,Yes
USR03832,SES03832,Add to Cart,2025-10-25 07:15:43,Desktop,South,Email,Fashion,0.0,Yes
USR04204,SES04204,Browse,2025-10-02 19:38:10,Mobile,West,Organic,Home,0.0,Yes
USR02459,SES02459,PURCHASE,2025-10-05 08:12:35,Desktop,North,Social Media  ,Fashion,1751.87,No
USR07527,SES07527,Checkout,2025-10-04 11:27:03,Tablet,North,Organic,Sports,0.0,Yes
USR03117,SES03117,Browse,2025-10-22 21:09:32,Tablet,East,Email,Home,0.0,Yes
USR01678,SES01678,ADD TO CART,2025-10-09 20:37:21,Tablet,North,Social Media,Home,0.0,Yes
USR08676,SES08676,CHECKOUT,2025-10-08 21:45:04,Mobile,East,Organic,Home,,Yes
USR01399,SES01399,add to cart,2025-10-14 15:39:12,Desktop,West,Organic,Electronics,0.0,Yes
USR09383,SES09383,Browse,2025-10-05 11:08:30,Tablet,South,Social Media,Fashion,,Yes
USR07090,SES07090,BROWSE,2025-10-08 04:17:41,Desktop,North,Email,Electronics,0.0,Yes
USR02081,SES02081,Add to Cart,2025-10-19 22:54:53,Desktop,East,Email,Fashion,0.0,Yes
USR08725,SES08725,browse,2025-10-22 10:49:27,Desktop,East,Google Ads,Home,0.0,Yes
USR06922,SES06922,Add to Cart,2025-10-07 23:57:44,Mobile,North,Social Media,Electronics,0.0,Yes
USR04497,SES04497,Add to Cart,2025-10-25 13:44:33,Desktop,North,Google Ads,Beauty,0.0,Yes
USR07481,SES07481,CHECKOUT,2025-10-31 13:33:49,Desktop,East,Organic,Beauty,0.0,Yes
USR01572,SES01572,Checkout,2025-10-13 20:45:25,Desktop,West,Social Media,Fashion,0.0,No
USR06958,SES06958,Add to Cart,2025-10-05 14:14:27,Tablet,East,Organic,Electronics,0.0,Yes
USR01477,SES01477,Browse,2025-10-02 00:27:17,Mobile,West,Google Ads,Fashion,0.0,Yes
USR09380,SES09380,ADD TO CART,2025-10-28 03:36:54,Tablet,East,Social Media,Sports,0.0,No
USR08112,SES08112,Add to Cart,2025-10-30 01:37:22,Tablet,North,Google Ads,Sports,0.0,Yes
USR07143,SES07143,add to cart,2025-10-05 10:51:57,Mobile,East,Social Media,Beauty,0.0,Yes
USR01521,SES01521,Add to Cart,2025-10-03 07:44:02,Mobile,North,Email,Home,0.0,No
USR01201,SES01201,Browse,2025-10-15 14:55:43,Desktop,East,Google Ads,Sports,0.0,No
USR07713,SES07713,Add to Cart,2025-10-08 00:25:44,,East,Social Media,Fashion,0.0,Yes
USR04996,SES04996,Checkout,2025-10-30 06:22:03,Desktop,East,Organic,Home,0.0,Yes
USR08323,SES08323,Browse,10/20/2025,Tablet,East,Google Ads,Electronics,0.0,Yes
USR05678,SES05678,Browse,2025-10-24 22:10:10,Desktop,,Organic,Home,0.0,Yes
USR09242,SES09242,Checkout,2025-10-15 03:24:47,Desktop,South,Organic  ,Sports,0.0,No
USR03140,SES03140,Browse,2025-10-31 06:41:38,,West,Google Ads,Sports,0.0,Yes
USR04002,SES04002,purchase,2025-10-24 10:36:06,,East,Organic,Electronics,,No
USR00583,SES00583,Browse,2025-10-14 03:11:32,Tablet,South,Social Media,Electronics,0.0,No
USR08022,SES08022,Checkout,2025-10-03 23:10:40,Desktop,South,Organic,Sports,0.0,No
USR06970,SES06970,Browse,2025-10-02 20:30:07,Tablet,North,Google Ads,Electronics,0.0,Yes
USR04962,SES04962,Browse,2025-10-27 11:50:07,Mobile,North,Email,Sports,0.0,Yes
USR07818,SES07818,BROWSE,2025-10-03 05:07:19,Mobile,South,Social Media,Sports,,Yes
USR03079,SES03079,Checkout,2025-10-16 01:41:49,Tablet,,Google Ads,Home,0.0,No
USR02816,SES02816,Browse,2025-10-16 11:27:29,Mobile,North,Organic,Electronics,0.0,Yes
USR08670,SES08670,Add to Cart,2025-10-04 22:33:53,Tablet,North,Email,Electronics,0.0,Yes
USR00675,SES00675,Add to Cart,2025-10-31 16:35:14,Tablet,South,Social Media,Sports,0.0,Yes
USR00980,SES00980,PURCHASE,2025-10-27 13:02:25,,West,Organic  ,Sports,497.87,No
USR04004,SES04004,add to cart,2025-10-11 10:52:12,,South,Google Ads  ,Sports,0.0,Yes
USR08411,SES08411,ADD TO CART,2025-10-04 15:05:09,Tablet,West,Email,Fashion,0.0,Yes
USR06223,SES06223,checkout,2025-10-11 12:04:26,Desktop,South,Email,Fashion,0.0,Yes
USR04471,SES04471,Browse,2025-10-30 04:04:11,Tablet,North,Google Ads,Sports,,Yes
USR03433,SES03433,Browse,2025-10-28 07:11:11,Mobile,East,Organic,Sports,,Yes
USR03181,SES03181,Browse,2025-10-02 18:33:11,Mobile,,Organic,Home,0.0,No
USR04535,SES04535,browse,2025-10-26 06:51:26,Mobile,North,Google Ads,Fashion,0.0,Yes
USR06217,SES06217,Checkout,2025-10-25 12:08:19,Mobile,North,Organic,Electronics,0.0,No
USR07872,SES07872,Add to Cart,10/20/2025,Desktop,South,Google Ads,Electronics,0.0,Yes
USR08434,SES08434,Add to Cart,2025-10-20 08:57:37,Desktop,North,Social Media,Fashion,0.0,Yes
USR02383,SES02383,Browse,2025-10-05 05:35:55,Mobile,East,Social Media,Sports,0.0,Yes
USR06922,SES06922,checkout,2025-10-08 00:02:44,Tablet,West,Google Ads,Home,0.0,Yes
USR00834,SES00834,PURCHASE,2025-10-20 08:20:19,Mobile,North,Email,Sports,1207.84,No
USR00914,SES00914,BROWSE,2025-10-24 01:27:02,Desktop,East,Google Ads,Sports,0.0,Yes
USR00605,SES00605,BROWSE,2025-10-30 05:38:34,,South,Organic,Electronics,,Yes
USR08253,SES08253,Browse,2025-10-05 18:38:15,Mobile,North,Email,Beauty,0.0,Yes
USR07071,SES07071,BROWSE,2025-10-06 13:51:41,Tablet,West,Social Media,Sports,0.0,Yes
USR06533,SES06533,browse,2025-10-05 22:15:27,Tablet,West,Organic,Fashion,0.0,Yes
USR03562,SES03562,Add to Cart,2025-10-05 16:59:45,Mobile,East,Social Media,Fashion,0.0,Yes
USR04052,SES04052,Add to Cart,2025-10-26 07:27:28,Mobile,East,Social Media,Electronics,0.0,Yes
USR01818,SES01818,browse,2025-10-23 01:51:08,Tablet,North,Email,Electronics,0.0,Yes
USR01602,SES01602,browse,2025-10-15 06:47:39,,South,Google Ads,Beauty,0.0,Yes
USR03712,SES03712,Checkout,2025-10-18 12:40:45,Desktop,North,Google Ads,Beauty,0.0,Yes
USR08589,SES08589,Checkout,2025-10-16 04:22:27,Mobile,South,Social Media,Sports,0.0,Yes
USR09100,SES09100,ADD TO CART,2025-10-09 22:47:38,Desktop,West,Google Ads,Beauty,0.0,Yes
USR01336,SES01336,Checkout,2025-10-17 11:41:59,Desktop,North,Google Ads,Sports,0.0,Yes
USR03725,SES03725,Add to Cart,2025-10-29 04:50:06,,South,Social Media,Home,0.0,Yes
USR01632,SES01632,Add to Cart,2025-10-17 02:13:17,Tablet,East,Social Media,Electronics,0.0,Yes
USR03780,SES03780,Browse,2025-10-06 01:38:48,Mobile,South,Google Ads,Electronics,0.0,Yes
USR03836,SES03836,Add to Cart,2025-10-03 09:00:47,Mobile,South,Social Media,Home,0.0,Yes
USR03279,SES03279,CHECKOUT,2025-10-25 08:02:20,Tablet,,Google Ads  ,Home,0.0,Yes
USR05805,SES05805,BROWSE,2025-10-26 09:45:21,Desktop,,Email,Home,0.0,Yes
USR09584,SES09584,Add to Cart,2025-10-12 09:38:57,Tablet,North,Email,Sports,0.0,Yes
USR08055,SES08055,Browse,2025-10-04 20:07:37,Mobile,North,Social Media  ,Electronics,0.0,Yes
USR02659,SES02659,BROWSE,2025-10-24 14:03:16,Desktop,North,Organic,Fashion,0.0,Yes
USR02881,SES02881,Browse,2025-10-20 22:16:17,Desktop,West,Google Ads  ,Fashion,0.0,No
USR07263,SES07263,browse,2025-10-29 21:42:38,Desktop,North,Google Ads,Home,0.0,Yes
USR05438,SES05438,Purchase,2025-10-10 11:55:51,Mobile,North,Google Ads,Sports,1117.1,No
USR01511,SES01511,add to cart,2025-10-26 16:57:57,Mobile,East,Email,Electronics,0.0,Yes
USR01607,SES01607,Checkout,10/20/2025,Tablet,North,Email  ,Fashion,0.0,No
USR01797,SES01797,checkout,2025-10-23 04:31:11,Tablet,North,Organic,Electronics,0.0,No
USR04113,SES04113,purchase,2025-10-21 00:30:13,Tablet,South,Social Media,Electronics,1038.49,No
USR01616,SES01616,CHECKOUT,2025-10-07 02:33:05,Desktop,North,Google Ads,Home,0.0,Yes
USR08576,SES08576,Browse,2025-10-14 10:30:29,,North,Google Ads,Electronics,0.0,Yes
USR08168,SES08168,Add to Cart,2025-10-10 18:58:04,,,Email,Fashion,0.0,No
USR01396,SES01396,CHECKOUT,2025-10-01 20:58:43,Tablet,West,Social Media,Beauty,0.0,Yes
USR02586,SES02586,Browse,2025-10-07 14:50:08,Mobile,South,Google Ads,Sports,0.0,Yes
USR03403,SES03403,Add to Cart,2025-10-10 19:57:23,Mobile,,Email,Electronics,0.0,Yes
USR04873,SES04873,BROWSE,2025-10-04 03:49:09,Mobile,North,Email,Electronics,0.0,Yes
USR08511,SES08511,Add to Cart,2025-10-10 14:58:29,Desktop,,Organic,Electronics,0.0,No
USR04696,SES04696,Add to Cart,10/20/2025,Desktop,East,Email,Fashion,0.0,Yes
USR03754,SES03754,BROWSE,2025-10-16 01:32:06,Tablet,South,Email,Electronics,0.0,Yes
USR04891,SES04891,Browse,2025-10-18 21:24:31,Desktop,East,Organic  ,Electronics,0.0,Yes
USR05841,SES05841,Add to Cart,2025-10-25 10:36:41,Mobile,West,Social Media  ,Home,0.0,Yes
USR09205,SES09205,ADD TO CART,2025-10-13 17:27:33,Tablet,South,Email,Sports,0.0,Yes
USR02051,SES02051,Checkout,2025-10-04 08:12:14,Mobile,East,Social Media  ,Beauty,0.0,No
USR01888,SES01888,Browse,2025-10-08 01:53:19,Tablet,South,Email,Fashion,,Yes
USR05890,SES05890,Add to Cart,2025-10-15 02:57:50,Mobile,West,Organic,Beauty,0.0,Yes
USR05355,SES05355,Add to Cart,2025-10-31 11:15:45,Mobile,East,Email  ,Beauty,0.0,Yes
USR00165,SES00165,add to cart,2025-10-27 05:36:47,Desktop,North,Organic,Beauty,,Yes
USR01604,SES01604,add to cart,2025-10-19 20:52:01,Desktop,South,Google Ads,Home,0.0,Yes
USR01208,SES01208,BROWSE,2025-10-24 17:25:55,,North,Google Ads  ,Beauty,0.0,Yes
USR00495,SES00495,browse,2025-10-21 20:14:08,Desktop,North,Email  ,Electronics,0.0,No
USR04141,SES04141,Add to Cart,2025-10-09 21:27:23,Mobile,East,Email,Beauty,0.0,Yes
USR02450,SES02450,Browse,2025-10-10 06:34:37,Tablet,South,Google Ads  ,Sports,0.0,Yes
USR09783,SES09783,Checkout,2025-10-06 19:45:23,Desktop,North,Social Media,Electronics,,Yes
USR01994,SES01994,ADD TO CART,2025-10-11 02:37:31,Desktop,South,Google Ads,Beauty,0.0,Yes
USR09077,SES09077,Checkout,2025-10-15 02:12:46,,South,Google Ads  ,Home,0.0,Yes
USR04688,SES04688,Add to Cart,10/20/2025,Tablet,,Social Media,Home,0.0,No
USR01554,SES01554,BROWSE,2025-10-09 08:35:58,Mobile,West,Google Ads,Electronics,,Yes
USR03638,SES03638,Browse,2025-10-26 03:46:05,Mobile,South,Email,Beauty,0.0,Yes
USR08689,SES08689,Checkout,2025-10-28 13:22:37,Mobile,North,Google Ads  ,Home,0.0,Yes
USR02928,SES02928,Browse,2025-10-27 04:29:03,,West,Organic,Electronics,0.0,Yes
USR00377,SES00377,Browse,2025-10-17 03:00:45,Desktop,South,Google Ads,Beauty,0.0,Yes
USR00698,SES00698,Browse,2025-10-19 23:21:44,Desktop,East,Social Media,Electronics,0.0,Yes
USR01995,SES01995,Add to Cart,2025-10-18 15:04:21,Tablet,North,Organic,Electronics,0.0,Yes
USR08285,SES08285,Browse,2025-10-06 12:04:34,Tablet,North,Social Media,Fashion,0.0,Yes
USR02270,SES02270,Browse,2025-10-16 23:33:50,Mobile,North,Email,Sports,999999.0,Yes
USR03611,SES03611,Browse,2025-10-07 00:41:45,,South,Google Ads  ,Beauty,0.0,Yes
USR07397,SES07397,BROWSE,2025-10-04 18:36:02,Mobile,South,Email,Fashion,0.0,Yes
USR07741,SES07741,Checkout,2025-10-14 06:27:37,Desktop,South,Organic,Home,,Yes
USR05005,SES05005,Checkout,2025-10-12 18:10:18,Tablet,West,Organic,Electronics,0.0,Yes
USR07400,SES07400,ADD TO CART,2025-10-14 19:56:18,Desktop,West,Email,Fashion,0.0,Yes
USR02333,SES02333,Add to Cart,2025-10-09 08:42:16,Mobile,East,Google Ads,Electronics,0.0,No
USR00615,SES00615,Add to Cart,2025-10-13 14:41:13,Tablet,East,Email,Home,0.0,Yes
USR09921,SES09921,BROWSE,2025-10-06 01:37:25,Mobile,East,Organic,Sports,,Yes
USR07882,SES07882,browse,2025-10-14 09:47:23,Desktop,North,Organic,Beauty,0.0,Yes
USR09446,SES09446,add to cart,2025-10-12 19:24:05,Desktop,South,Email  ,Electronics,0.0,Yes
USR03815,SES03815,Browse,2025-10-10 23:42:45,Tablet,,Organic  ,Beauty,0.0,No
USR03238,SES03238,Add to Cart,2025-10-28 09:24:02,Desktop,,Google Ads,Home,0.0,Yes
USR08748,SES08748,browse,2025-10-09 17:19:41,Desktop,East,Organic,Home,0.0,Yes
USR06927,SES06927,browse,2025-10-21 08:45:56,,West,Organic,Electronics,0.0,Yes
USR09425,SES09425,Browse,2025-10-27 21:15:24,Mobile,North,Social Media,Fashion,0.0,No
USR00752,SES00752,add to cart,2025-10-14 04:18:23,Desktop,South,Social Media,Beauty,0.0,Yes
USR08244,SES08244,ADD TO CART,2025-10-23 12:29:40,Desktop,South,Organic,Beauty,0.0,Yes
USR02799,SES02799,browse,2025-10-30 00:10:11,Desktop,North,Organic,Sports,0.0,Yes
USR09714,SES09714,browse,2025-10-05 05:50:48,Desktop,North,Social Media,Electronics,,Yes
USR04757,SES04757,Purchase,2025-10-14 15:43:58,Desktop,East,Social Media,Home,795.25,No
USR06399,SES06399,BROWSE,10/20/2025,Mobile,,Google Ads,Sports,0.0,Yes
USR00471,SES00471,browse,2025-10-02 17:46:44,Tablet,East,Email,Sports,0.0,No
USR01695,SES01695,BROWSE,2025-10-04 15:21:28,Tablet,East,Email,Beauty,,Yes
USR06694,SES06694,Checkout,2025-10-03 16:12:07,Tablet,South,Social Media,Sports,0.0,No
USR00154,SES00154,Add to Cart,2025-10-25 10:31:37,Desktop,West,Organic,Beauty,0.0,No
USR07233,SES07233,ADD TO CART,2025-10-15 07:16:54,Mobile,West,Google Ads,Beauty,0.0,Yes
USR05184,SES05184,Checkout,2025-10-15 00:49:16,Tablet,West,Social Media,Beauty,0.0,No
USR07134,SES07134,Browse,2025-10-02 16:32:12,Desktop,West,Organic,Beauty,0.0,Yes
USR03667,SES03667,add to cart,2025-10-18 17:09:45,Tablet,West,Email,Electronics,0.0,Yes
USR03889,SES03889,browse,2025-10-08 09:26:19,Mobile,South,Google Ads,Beauty,0.0,Yes
USR00175,SES00175,browse,2025-10-07 15:59:53,Mobile,West,Organic,Sports,0.0,Yes
USR05112,SES05112,BROWSE,2025-10-17 22:06:05,Mobile,,Google Ads,Home,0.0,Yes
USR07359,SES07359,Browse,2025-10-29 05:09:45,Desktop,North,Email,Beauty,0.0,Yes
USR09816,SES09816,Checkout,2025-10-29 16:42:05,Desktop,East,Organic  ,Fashion,0.0,Yes
USR00031,SES00031,PURCHASE,2025-10-31 06:53:07,Desktop,West,Google Ads,Electronics,952.45,No
USR09895,SES09895,Add to Cart,2025-10-13 06:42:24,Tablet,South,Social Media,Beauty,0.0,Yes
USR00091,SES00091,Browse,2025-10-12 15:30:36,Desktop,East,Email,Home,0.0,Yes
USR02954,SES02954,Add to Cart,2025-10-18 03:08:49,Tablet,South,Social Media,Fashion,0.0,Yes
USR07509,SES07509,add to cart,10/20/2025,Mobile,South,Google Ads,Beauty,,Yes
USR06313,SES06313,Checkout,2025-10-17 02:59:19,Desktop,,Email,Sports,0.0,No
USR02825,SES02825,Add to Cart,2025-10-29 16:21:57,Desktop,West,Organic,Beauty,0.0,Yes
USR08230,SES08230,Checkout,2025-10-17 02:24:17,,North,Google Ads  ,Sports,0.0,Yes
USR01682,SES01682,Add to Cart,2025-10-12 01:21:10,Mobile,East,Organic,Electronics,0.0,Yes
USR02061,SES02061,add to cart,2025-10-08 11:30:38,Desktop,East,Google Ads,Electronics,0.0,Yes
USR09984,SES09984,Add to Cart,2025-10-01 22:59:14,Desktop,East,Social Media,Home,0.0,Yes
USR01321,SES01321,browse,10/20/2025,Tablet,East,Social Media,Beauty,0.0,Yes
USR04266,SES04266,add to cart,2025-10-18 00:02:35,Tablet,South,Organic,Sports,0.0,Yes
USR04313,SES04313,BROWSE,2025-10-11 08:10:10,Tablet,West,Email,Beauty,0.0,No
USR03665,SES03665,Browse,2025-10-27 10:31:36,Tablet,South,Organic  ,Electronics,0.0,Yes
USR09320,SES09320,Browse,2025-10-28 05:16:19,,East,Social Media,Sports,0.0,Yes
USR09633,SES09633,Browse,2025-10-19 21:15:05,Tablet,South,Social Media,Sports,0.0,Yes
USR07054,SES07054,CHECKOUT,2025-10-29 13:39:31,Tablet,South,Organic,Beauty,999999.0,Yes
USR03979,SES03979,CHECKOUT,2025-10-12 22:49:41,Mobile,East,Social Media,Beauty,0.0,Yes
USR07806,SES07806,browse,2025-10-19 07:37:17,Mobile,,Social Media,Fashion,0.0,Yes
USR00155,SES00155,Checkout,2025-10-04 11:06:44,Desktop,West,Organic,Fashion,0.0,Yes
USR04447,SES04447,Add to Cart,2025-10-24 03:12:39,Desktop,West,Social Media,Fashion,0.0,Yes
USR00493,SES00493,Browse,2025-10-23 17:06:14,Desktop,West,Organic,Beauty,,Yes
USR03365,SES03365,Browse,2025-10-02 17:51:28,Mobile,East,Email,Electronics,0.0,Yes
USR06627,SES06627,Browse,2025-10-21 16:30:57,Tablet,North,Email  ,Beauty,0.0,Yes
USR06823,SES06823,checkout,2025-10-16 20:19:10,Tablet,,Social Media,Electronics,0.0,No
USR07894,SES07894,Browse,2025-10-12 02:11:17,Desktop,North,Google Ads,Sports,0.0,Yes
USR08039,SES08039,ADD TO CART,2025-10-02 04:57:53,Tablet,North,Organic,Home,0.0,Yes
USR04286,SES04286,Checkout,2025-10-02 06:57:53,Tablet,South,Email,Electronics,0.0,Yes
USR00491,SES00491,Add to Cart,2025-10-15 23:52:43,,South,Social Media,Beauty,0.0,Yes
USR00018,SES00018,Browse,2025-10-19 23:13:10,Mobile,East,Organic,Sports,0.0,Yes
USR09353,SES09353,Browse,2025-10-11 15:54:08,Desktop,South,Social Media,Electronics,0.0,No
USR00418,SES00418,Browse,2025-10-02 09:42:43,Desktop,,Organic,Home,0.0,Yes
USR05572,SES05572,BROWSE,2025-10-14 07:09:29,Desktop,East,Email,Beauty,0.0,Yes
USR08039,SES08039,checkout,2025-10-02 04:59:53,Tablet,,Organic  ,Sports,0.0,Yes
USR06414,SES06414,ADD TO CART,10/20/2025,Mobile,,Social Media,Beauty,0.0,Yes
USR02892,SES02892,Checkout,2025-10-22 13:24:55,,South,Email  ,Beauty,999999.0,Yes
USR02538,SES02538,CHECKOUT,2025-10-16 12:32:43,Mobile,West,Google Ads,Sports,0.0,No
USR08489,SES08489,Add to Cart,2025-10-12 15:23:52,Tablet,East,Google Ads,Sports,0.0,Yes
USR02221,SES02221,Checkout,2025-10-21 08:03:57,Tablet,,Social Media,Beauty,0.0,No
USR08408,SES08408,BROWSE,2025-10-05 07:40:46,Desktop,South,Google Ads,Sports,0.0,Yes
USR00633,SES00633,Browse,2025-10-02 09:29:23,Mobile,East,Organic,Beauty,,Yes
USR02953,SES02953,Browse,2025-10-01 20:34:03,Mobile,North,Organic,Fashion,0.0,Yes
USR04414,SES04414,Add to Cart,2025-10-12 16:11:48,Mobile,East,Social Media,Fashion,0.0,Yes
USR03802,SES03802,purchase,2025-10-06 21:23:15,Mobile,North,Social Media  ,Fashion,390.54,No
USR09176,SES09176,Checkout,2025-10-01 23:48:28,Mobile,North,Email,Sports,,Yes
USR09454,SES09454,Browse,2025-10-02 09:01:14,Desktop,East,Organic,Fashion,0.0,Yes
USR02451,SES02451,Browse,2025-10-13 06:28:31,Mobile,East,Organic,Home,0.0,Yes
USR08443,SES08443,Add to Cart,2025-10-14 20:52:54,,South,Organic,Electronics,0.0,Yes
USR05127,SES05127,add to cart,2025-10-12 12:02:09,,South,Social Media,Fashion,0.0,Yes
USR02752,SES02752,Add to Cart,2025-10-19 11:20:05,Desktop,North,Email,Fashion,0.0,Yes
USR02890,SES02890,Browse,2025-10-22 07:04:52,,East,Google Ads,Fashion,0.0,Yes
USR08979,SES08979,browse,10/20/2025,Desktop,East,Google Ads,Home,0.0,Yes
USR00840,SES00840,ADD TO CART,2025-10-18 05:21:06,Mobile,East,Social Media,Beauty,0.0,Yes
USR05456,SES05456,add to cart,2025-10-14 05:25:18,Tablet,East,Email,Home,0.0,No
USR07946,SES07946,ADD TO CART,2025-10-28 17:56:26,Mobile,North,Organic,Fashion,0.0,Yes
USR09242,SES09242,purchase,2025-10-15 03:26:47,Tablet,South,Google Ads,Sports,,No
USR03589,SES03589,Add to Cart,2025-10-08 08:34:23,Mobile,West,Social Media  ,Home,0.0,Yes
USR03524,SES03524,BROWSE,2025-10-14 11:14:49,Desktop,East,Social Media,Home,,Yes
USR01363,SES01363,Browse,2025-10-27 19:17:44,Desktop,North,Google Ads,Fashion,0.0,Yes
USR05630,SES05630,Add to Cart,2025-10-15 07:11:51,Mobile,South,Email,Home,0.0,Yes
USR03973,SES03973,Browse,2025-10-07 08:34:42,Tablet,North,Social Media,Beauty,0.0,Yes
USR05647,SES05647,add to cart,2025-10-20 09:56:13,,North,Organic,Sports,0.0,Yes
USR05359,SES05359,ADD TO CART,2025-10-25 07:05:41,Mobile,South,Google Ads,Electronics,0.0,Yes
USR05867,SES05867,Browse,2025-10-26 19:24:05,Tablet,North,Organic,Beauty,0.0,Yes
USR05305,SES05305,Browse,2025-10-09 17:21:48,Mobile,North,Social Media  ,Sports,0.0,Yes
USR09126,SES09126,BROWSE,2025-10-20 21:09:21,Desktop,North,Organic  ,Sports,0.0,Yes
USR08420,SES08420,Add to Cart,2025-10-04 00:31:09,Mobile,East,Social Media,Sports,0.0,Yes
USR01933,SES01933,Browse,2025-10-17 11:06:17,,East,Google Ads,Home,0.0,Yes
USR03193,SES03193,Browse,2025-10-28 22:40:39,Mobile,West,Organic,Fashion,0.0,Yes
USR06141,SES06141,Browse,2025-10-29 21:28:00,Desktop,South,Organic,Sports,0.0,Yes
USR03885,SES03885,Browse,2025-10-15 04:26:44,Tablet,South,Email,Electronics,0.0,Yes
USR08664,SES08664,Browse,2025-10-03 06:49:25,Desktop,North,Organic,Fashion,0.0,Yes
USR01881,SES01881,BROWSE,2025-10-07 21:25:04,Desktop,South,Email,Fashion,0.0,Yes
USR09631,SES09631,checkout,2025-10-05 06:24:51,Mobile,North,Google Ads,Home,0.0,No
USR05097,SES05097,Browse,2025-10-13 08:01:32,,,Google Ads,Beauty,0.0,Yes
USR09723,SES09723,Add to Cart,2025-10-22 17:02:47,,East,Organic,Fashion,0.0,Yes
USR03290,SES03290,checkout,2025-10-17 21:12:02,Desktop,West,Organic,Home,0.0,Yes
USR09072,SES09072,add to cart,2025-10-02 20:55:12,Desktop,North,Organic,Sports,0.0,Yes
USR08235,SES08235,Checkout,2025-10-12 00:24:49,Desktop,North,Google Ads,Home,0.0,Yes
USR01015,SES01015,Browse,2025-10-13 13:59:24,Desktop,West,Email,Electronics,0.0,Yes
USR05964,SES05964,ADD TO CART,2025-10-04 10:57:24,Mobile,South,Email,Fashion,0.0,Yes
USR09454,SES09454,ADD TO CART,2025-10-02 09:03:14,Desktop,North,Google Ads,Sports,0.0,Yes
USR07838,SES07838,Browse,2025-10-24 13:40:52,Tablet,,Social Media,Beauty,0.0,Yes
USR07586,SES07586,Checkout,2025-10-07 13:39:33,,East,Organic,Beauty,,No
USR01615,SES01615,ADD TO CART,2025-10-23 12:17:57,Desktop,West,Google Ads,Fashion,0.0,Yes
USR08481,SES08481,BROWSE,2025-10-16 16:57:57,Mobile,,Email,Electronics,0.0,Yes
USR00401,SES00401,Browse,2025-10-04 22:54:02,Tablet,,Social Media,Home,,Yes
USR02774,SES02774,Checkout,2025-10-21 02:02:44,Desktop,South,Social Media,Fashion,0.0,Yes
USR00986,SES00986,Browse,2025-10-19 15:03:33,Desktop,West,Google Ads,Electronics,0.0,Yes
USR04697,SES04697,CHECKOUT,2025-10-02 10:13:59,Tablet,South,Organic,Electronics,0.0,Yes
USR06287,SES06287,CHECKOUT,2025-10-08 17:12:33,,South,Organic,Fashion,,Yes
USR01328,SES01328,add to cart,2025-10-05 21:42:36,Mobile,South,Social Media,Beauty,0.0,No
USR00860,SES00860,Browse,2025-10-31 02:31:21,Mobile,South,Google Ads,Fashion,0.0,Yes
USR07869,SES07869,BROWSE,2025-10-08 20:45:55,Mobile,East,Social Media,Fashion,0.0,Yes
USR03529,SES03529,Browse,2025-10-19 09:40:26,Mobile,West,Organic,Electronics,0.0,Yes
USR09192,SES09192,Add to Cart,2025-10-23 14:58:40,Mobile,East,Social Media,Beauty,0.0,Yes
USR00683,SES00683,Checkout,2025-10-19 04:01:53,Tablet,East,Social Media,Beauty,0.0,Yes
USR02247,SES02247,Checkout,2025-10-12 17:47:14,Desktop,East,Organic  ,Fashion,,No
USR04322,SES04322,Add to Cart,2025-10-12 04:56:46,,West,Email,Fashion,0.0,Yes
USR09103,SES09103,ADD TO CART,2025-10-16 23:28:41,Desktop,South,Email,Beauty,0.0,Yes
USR06358,SES06358,Browse,2025-10-07 12:11:49,Tablet,East,Email,Sports,0.0,No
USR09310,SES09310,Add to Cart,2025-10-29 06:55:28,Mobile,,Social Media,Sports,0.0,Yes
USR02749,SES02749,Checkout,2025-10-15 04:38:53,Desktop,South,Email,Home,,Yes
USR07196,SES07196,purchase,2025-10-22 00:45:48,Mobile,West,Email,Sports,1228.27,No
USR07447,SES07447,CHECKOUT,2025-10-12 02:18:21,Desktop,South,Google Ads,Home,0.0,Yes
USR08068,SES08068,Add to Cart,2025-10-19 20:49:56,Desktop,South,Organic,Beauty,0.0,Yes
USR02396,SES02396,Browse,2025-10-22 07:25:43,Mobile,North,Google Ads,Beauty,0.0,Yes
USR08065,SES08065,Browse,2025-10-18 08:22:02,Tablet,South,Email,Beauty,0.0,Yes
USR03302,SES03302,Add to Cart,2025-10-04 23:56:02,,East,Email,Fashion,0.0,Yes
USR05937,SES05937,Browse,2025-10-08 01:22:23,Mobile,West,Organic,Electronics,0.0,Yes
USR07508,SES07508,Browse,2025-10-23 16:23:04,Tablet,West,Organic  ,Electronics,0.0,Yes
USR03032,SES03032,Add to Cart,2025-10-12 21:43:11,Desktop,West,Email  ,Beauty,999999.0,Yes
USR00881,SES00881,add to cart,2025-10-30 02:08:46,Mobile,West,Social Media,Beauty,0.0,Yes
USR02420,SES02420,browse,2025-10-26 13:11:46,Desktop,East,Google Ads,Electronics,,Yes
USR04217,SES04217,Browse,2025-10-18 22:18:10,Desktop,East,Social Media,Fashion,0.0,Yes
USR09654,SES09654,Browse,2025-10-07 19:28:23,Mobile,East,Organic,Electronics,0.0,No
USR06127,SES06127,Browse,2025-10-25 05:10:14,Tablet,North,Organic,Home,0.0,Yes
USR00486,SES00486,Add to Cart,2025-10-05 19:23:46,Mobile,North,Organic  ,Home,0.0,Yes
USR05350,SES05350,Browse,2025-10-08 13:10:45,Mobile,South,Email,Electronics,0.0,Yes
USR00224,SES00224,browse,2025-10-12 02:49:55,Desktop,South,Social Media,Fashion,0.0,Yes
USR03104,SES03104,Browse,2025-10-12 10:58:15,Mobile,South,Social Media,Electronics,0.0,Yes
USR09775,SES09775,add to cart,2025-10-06 15:45:09,Tablet,North,Email,Home,0.0,Yes
USR05504,SES05504,browse,2025-10-26 20:56:48,Desktop,North,Organic,Electronics,0.0,Yes
USR01285,SES01285,Browse,2025-10-19 22:49:44,Desktop,West,Google Ads,Home,0.0,Yes
USR02746,SES02746,Browse,2025-10-12 21:29:09,Tablet,South,Social Media,Beauty,,Yes
USR00044,SES00044,ADD TO CART,2025-10-26 13:42:42,,West,Email,Beauty,,Yes
USR05996,SES05996,Checkout,2025-10-10 17:10:54,Tablet,East,Email,Home,0.0,Yes
USR00100,SES00100,Add to Cart,2025-10-31 13:58:19,Mobile,East,Email,Beauty,0.0,Yes
USR02289,SES02289,Add to Cart,2025-10-23 04:19:48,Mobile,East,Google Ads,Electronics,-99.99,Yes
USR03908,SES03908,Add to Cart,10/20/2025,Tablet,East,Email,Sports,0.0,Yes
USR05619,SES05619,BROWSE,2025-10-30 20:52:33,Mobile,,Google Ads,Fashion,0.0,Yes
USR03472,SES03472,BROWSE,2025-10-25 07:57:51,Desktop,North,Organic,Electronics,0.0,Yes
USR00588,SES00588,Add to Cart,10/20/2025,Desktop,East,Social Media,Electronics,0.0,Yes
USR03622,SES03622,browse,2025-10-13 17:00:20,Desktop,South,Organic,Electronics,0.0,Yes
USR03382,SES03382,browse,2025-10-06 16:27:56,,North,Social Media,Electronics,0.0,Yes
USR05172,SES05172,Browse,2025-10-20 12:52:32,Tablet,East,Google Ads,Electronics,0.0,Yes
USR01907,SES01907,Purchase,2025-10-01 22:22:52,Desktop,North,Organic,Electronics,1557.56,No
USR06476,SES06476,add to cart,2025-10-14 06:29:52,Desktop,East,Social Media,Electronics,0.0,Yes
USR01821,SES01821,CHECKOUT,2025-10-11 20:45:17,Desktop,North,Google Ads,Sports,0.0,Yes
USR03948,SES03948,Checkout,2025-10-07 07:54:22,Tablet,North,Social Media,Beauty,0.0,Yes
USR08430,SES08430,Browse,2025-10-15 14:09:48,,East,Organic,Home,0.0,Yes
USR01512,SES01512,add to cart,2025-10-25 01:50:18,Mobile,South,Google Ads,Beauty,0.0,Yes
USR00255,SES00255,Browse,10/20/2025,Desktop,East,Email,Fashion,0.0,Yes
USR07192,SES07192,checkout,2025-10-24 06:30:56,Tablet,East,Email,Home,0.0,No
USR00785,SES00785,Add to Cart,2025-10-03 00:02:01,Mobile,East,Organic,Beauty,0.0,No
USR00668,SES00668,Add to Cart,2025-10-27 19:41:49,Desktop,North,Social Media,Electronics,0.0,Yes
USR06158,SES06158,Browse,2025-10-31 11:02:31,Mobile,West,Social Media,Beauty,0.0,Yes
USR00704,SES00704,checkout,2025-10-16 04:15:21,Desktop,South,Google Ads,Electronics,0.0,Yes
USR07933,SES07933,Browse,10/20/2025,Mobile,North,Organic,Sports,0.0,Yes
USR08079,SES08079,PURCHASE,2025-10-10 22:16:44,Tablet,West,Organic,Beauty,1619.71,No
USR05600,SES05600,BROWSE,2025-10-19 08:47:36,Desktop,West,Google Ads,Home,0.0,Yes
USR08298,SES08298,Browse,2025-10-25 18:21:52,Tablet,East,Social Media,Home,0.0,Yes
USR01400,SES01400,Add to Cart,2025-10-15 00:09:07,,West,Organic,Electronics,0.0,Yes
USR00915,SES00915,Browse,10/20/2025,Desktop,East,Organic,Beauty,0.0,Yes
USR09319,SES09319,Add to Cart,2025-10-13 12:05:33,Desktop,North,Organic,Beauty,0.0,Yes
USR09287,SES09287,Checkout,2025-10-24 16:38:47,Mobile,North,Social Media,Home,0.0,Yes
USR07136,SES07136,Add to Cart,2025-10-28 19:01:11,Tablet,North,Organic,Sports,0.0,No
USR06778,SES06778,Browse,2025-10-28 15:48:11,Desktop,West,Email,Home,0.0,Yes
USR07631,SES07631,Browse,2025-10-04 01:46:09,Desktop,West,Google Ads,Home,0.0,Yes
USR01077,SES01077,Browse,2025-10-08 06:58:32,Desktop,West,Organic  ,Home,0.0,Yes
USR04280,SES04280,Checkout,2025-10-26 22:11:22,Mobile,West,Organic  ,Home,,Yes
USR05714,SES05714,Add to Cart,2025-10-02 21:52:40,,,Organic  ,Sports,0.0,Yes
USR04228,SES04228,browse,2025-10-28 19:24:53,Desktop,,Google Ads,Beauty,,Yes
USR04122,SES04122,Add to Cart,2025-10-04 12:04:52,Tablet,South,Email,Sports,0.0,Yes
USR03026,SES03026,Browse,2025-10-26 06:41:01,Mobile,West,Google Ads,Home,0.0,Yes
USR03267,SES03267,Add to Cart,2025-10-15 12:21:07,Desktop,West,Social Media,Beauty,0.0,Yes
USR08610,SES08610,Add to Cart,2025-10-28 17:51:24,Mobile,West,Social Media,Beauty,0.0,Yes
USR07044,SES07044,browse,2025-10-22 05:33:16,Mobile,North,Social Media,Home,0.0,Yes
USR07227,SES07227,Purchase,2025-10-14 17:47:34,Tablet,,Google Ads,Sports,321.04,No
USR09230,SES09230,Add to Cart,2025-10-23 04:14:17,Tablet,West,Email,Electronics,0.0,Yes
USR00892,SES00892,Add to Cart,2025-10-17 02:20:50,Mobile,,Organic,Fashion,0.0,Yes
USR03931,SES03931,Browse,2025-10-15 04:03:36,Desktop,North,Email,Fashion,0.0,Yes
USR03410,SES03410,Add to Cart,2025-10-07 20:19:23,Tablet,East,Google Ads,Fashion,0.0,Yes
USR00290,SES00290,CHECKOUT,2025-10-24 03:17:56,Desktop,North,Email,Sports,0.0,Yes
USR06063,SES06063,Browse,2025-10-02 12:42:43,Mobile,,Email,Beauty,0.0,Yes
USR08480,SES08480,Add to Cart,2025-10-07 06:52:22,Tablet,East,Social Media,Fashion,0.0,Yes
USR04380,SES04380,Browse,2025-10-17 16:43:16,Mobile,South,Google Ads,Fashion,0.0,Yes
USR03452,SES03452,browse,2025-10-07 14:25:33,Desktop,West,Social Media,Home,0.0,Yes
USR06655,SES06655,Checkout,2025-10-29 16:02:49,Tablet,West,Google Ads,Sports,0.0,Yes
USR07919,SES07919,CHECKOUT,2025-10-23 20:14:58,Desktop,West,Organic,Electronics,0.0,Yes
USR08207,SES08207,Browse,2025-10-15 07:10:57,Tablet,North,Google Ads,Home,0.0,Yes
USR01441,SES01441,Browse,2025-10-27 20:08:28,Desktop,South,Social Media  ,Home,0.0,No
USR04876,SES04876,checkout,2025-10-17 16:41:33,Desktop,North,Social Media,Electronics,0.0,No
USR03011,SES03011,Add to Cart,10/20/2025,Desktop,North,Organic  ,Beauty,0.0,Yes
USR06355,SES06355,add to cart,2025-10-28 10:52:07,Desktop,West,Social Media,Sports,0.0,Yes
USR08162,SES08162,add to cart,2025-10-15 22:52:17,Tablet,South,Social Media,Sports,0.0,Yes
USR04159,SES04159,Browse,2025-10-05 13:01:28,Desktop,West,Social Media,Electronics,0.0,Yes
USR02334,SES02334,BROWSE,2025-10-14 13:12:37,Mobile,South,Google Ads,Electronics,0.0,Yes
USR04089,SES04089,Browse,2025-10-24 18:07:23,Mobile,West,Organic,Fashion,0.0,Yes
USR08683,SES08683,browse,10/20/2025,Tablet,East,Organic,Beauty,,Yes
USR03486,SES03486,BROWSE,2025-10-31 05:04:16,Mobile,North,Social Media,Electronics,0.0,Yes
USR08047,SES08047,BROWSE,2025-10-12 22:04:18,Tablet,East,Email,Home,0.0,Yes
USR03085,SES03085,Browse,2025-10-06 16:52:50,Mobile,,Organic  ,Beauty,,Yes
USR08342,SES08342,BROWSE,2025-10-02 18:27:35,Mobile,North,Organic,Beauty,0.0,Yes
USR03154,SES03154,browse,2025-10-25 05:21:26,Tablet,West,Organic,Fashion,0.0,Yes
USR09054,SES09054,Browse,2025-10-28 14:43:13,Mobile,West,Email,Fashion,0.0,No
USR06608,SES06608,browse,2025-10-24 07:34:17,Tablet,East,Google Ads,Home,0.0,Yes
USR03713,SES03713,ADD TO CART,2025-10-07 14:56:55,Desktop,West,Google Ads,Fashion,0.0,Yes
USR03036,SES03036,BROWSE,2025-10-20 06:29:52,Mobile,West,Google Ads,Fashion,0.0,Yes
USR06423,SES06423,browse,2025-10-30 11:56:04,Tablet,West,Social Media  ,Fashion,0.0,Yes
USR03614,SES03614,Browse,2025-10-23 17:22:46,,North,Organic  ,Beauty,0.0,No
USR03554,SES03554,purchase,2025-10-20 03:28:49,Tablet,East,Social Media  ,Home,315.55,No
USR04811,SES04811,Checkout,2025-10-16 20:39:21,Tablet,West,Email  ,Beauty,0.0,Yes
USR04153,SES04153,Checkout,2025-10-19 03:50:34,Desktop,North,Email,Home,0.0,Yes
USR07613,SES07613,Browse,2025-10-23 18:12:52,,South,Organic,Sports,,Yes
USR07348,SES07348,Checkout,2025-10-08 09:04:19,,East,Email,Home,0.0,Yes
USR06395,SES06395,CHECKOUT,2025-10-04 05:29:33,Desktop,East,Social Media,Beauty,0.0,No
USR06435,SES06435,BROWSE,2025-10-16 12:45:31,,South,Email,Fashion,0.0,Yes
USR02570,SES02570,Browse,2025-10-03 05:14:37,Desktop,East,Organic,Fashion,0.0,Yes
USR03110,SES03110,ADD TO CART,10/20/2025,Mobile,,Google Ads,Electronics,0.0,Yes
USR04295,SES04295,Add to Cart,2025-10-28 07:15:55,Desktop,North,Social Media  ,Home,0.0,Yes
USR03583,SES03583,BROWSE,2025-10-11 13:57:16,Tablet,East,Google Ads,Fashion,0.0,Yes
USR08723,SES08723,Add to Cart,2025-10-13 16:27:55,,South,Google Ads,Beauty,0.0,Yes
USR09931,SES09931,Browse,2025-10-13 04:20:50,Mobile,North,Email,Fashion,0.0,Yes
USR08698,SES08698,Add to Cart,2025-10-09 00:18:55,Desktop,West,Organic,Home,0.0,Yes
USR08427,SES08427,BROWSE,2025-10-27 12:25:38,Mobile,North,Google Ads,Sports,,Yes
USR05246,SES05246,Browse,2025-10-18 00:15:42,Tablet,South,Google Ads,Fashion,0.0,Yes
USR04541,SES04541,Add to Cart,2025-10-08 18:58:18,Tablet,East,Google Ads  ,Fashion,0.0,Yes
USR00001,SES00001,BROWSE,2025-10-28 07:33:50,Desktop,West,Organic  ,Home,0.0,Yes
USR04321,SES04321,Browse,2025-10-21 13:46:59,Mobile,West,Email,Electronics,0.0,No
USR01613,SES01613,checkout,2025-10-18 20:43:15,Desktop,,Organic  ,Beauty,0.0,Yes
USR03128,SES03128,browse,2025-10-19 08:58:21,Mobile,North,Email,Beauty,0.0,Yes
USR06279,SES06279,Browse,10/20/2025,Desktop,South,Email,Beauty,0.0,Yes
USR03681,SES03681,browse,2025-10-19 04:18:21,Tablet,West,Google Ads,Home,0.0,Yes
USR00813,SES00813,browse,2025-10-05 06:54:43,,West,Email,Sports,0.0,Yes
USR03421,SES03421,add to cart,2025-10-09 06:45:25,Desktop,,Social Media,Fashion,0.0,Yes
USR08781,SES08781,Add to Cart,2025-10-30 10:39:45,Mobile,West,Google Ads,Fashion,0.0,Yes
USR07958,SES07958,Browse,2025-10-11 20:00:52,Tablet,,Email,Home,0.0,Yes
USR03559,SES03559,Add to Cart,2025-10-03 04:20:47,Mobile,West,Google Ads,Beauty,,Yes
USR08962,SES08962,browse,2025-10-02 04:43:07,Mobile,West,Google Ads,Home,0.0,No
USR06756,SES06756,PURCHASE,2025-10-25 02:29:59,Tablet,South,Organic,Home,543.67,No
USR02067,SES02067,Checkout,2025-10-31 04:39:17,Mobile,East,Google Ads,Home,0.0,Yes
USR03203,SES03203,Browse,2025-10-22 20:59:03,Mobile,West,Google Ads,Beauty,,Yes
USR09788,SES09788,browse,2025-10-16 08:28:59,Mobile,South,Social Media  ,Sports,0.0,Yes
USR01395,SES01395,Add to Cart,2025-10-15 10:51:03,Tablet,South,Google Ads,Home,0.0,Yes
USR03230,SES03230,checkout,2025-10-11 05:49:18,,North,Email,Electronics,0.0,No
USR01905,SES01905,PURCHASE,2025-10-19 13:38:38,Tablet,North,Organic,Electronics,1520.01,No
USR07465,SES07465,Purchase,2025-10-26 01:03:00,Tablet,South,Social Media,Electronics,1411.35,No
USR07006,SES07006,ADD TO CART,2025-10-20 21:24:54,Desktop,East,Social Media,Fashion,0.0,No
USR07958,SES07958,Add to Cart,2025-10-11 20:02:52,Tablet,West,Organic,Fashion,0.0,Yes
USR05832,SES05832,Add to Cart,2025-10-19 07:34:09,Desktop,North,Social Media,Home,,Yes
USR02119,SES02119,add to cart,2025-10-13 17:49:41,Desktop,South,Organic,Sports,0.0,Yes
USR01098,SES01098,CHECKOUT,2025-10-25 23:09:10,Desktop,,Email,Fashion,0.0,Yes
USR08844,SES08844,Browse,10/20/2025,Desktop,South,Social Media,Beauty,0.0,No
USR00210,SES00210,Add to Cart,2025-10-27 11:21:08,Desktop,East,Organic,Sports,0.0,Yes
USR05056,SES05056,ADD TO CART,2025-10-03 01:50:30,Desktop,West,Organic,Electronics,0.0,Yes
USR09293,SES09293,browse,2025-10-13 13:47:23,,South,Social Media,Home,0.0,Yes
USR05299,SES05299,Browse,2025-10-07 08:56:32,Tablet,South,Email,Beauty,0.0,Yes
USR04493,SES04493,BROWSE,2025-10-15 20:23:30,Tablet,East,Organic,Beauty,0.0,Yes
USR06373,SES06373,Browse,2025-10-04 19:26:05,Desktop,West,Organic,Fashion,0.0,Yes
USR00924,SES00924,Add to Cart,2025-10-03 00:39:04,Tablet,South,Google Ads,Home,0.0,Yes
USR06291,SES06291,Browse,2025-10-25 09:11:03,Desktop,North,Google Ads,Fashion,0.0,Yes
USR03476,SES03476,Browse,2025-10-13 03:28:13,Mobile,East,Social Media,Home,0.0,Yes
USR05632,SES05632,Purchase,2025-10-15 18:58:27,Desktop,South,Organic,Fashion,1073.79,No
USR07701,SES07701,Add to Cart,2025-10-11 21:52:21,Mobile,North,Organic,Fashion,,Yes
USR01481,SES01481,CHECKOUT,2025-10-21 16:11:36,Mobile,South,Social Media,Electronics,0.0,Yes
USR00940,SES00940,Browse,2025-10-26 13:14:34,Tablet,South,Organic,Beauty,0.0,Yes
USR02419,SES02419,ADD TO CART,2025-10-07 06:54:09,Desktop,South,Social Media,Beauty,0.0,Yes
USR01653,SES01653,add to cart,2025-10-21 16:25:02,Tablet,,Social Media,Home,0.0,No
USR05999,SES05999,Browse,2025-10-20 14:02:01,Tablet,South,Social Media,Beauty,0.0,Yes
USR05946,SES05946,Add to Cart,2025-10-02 03:55:36,Mobile,North,Organic,Home,0.0,Yes
USR00129,SES00129,CHECKOUT,2025-10-07 23:16:34,Mobile,East,Social Media,Sports,0.0,No
USR05445,SES05445,Browse,2025-10-16 06:29:27,Desktop,South,Google Ads,Electronics,0.0,Yes
USR06481,SES06481,Browse,2025-10-16 11:40:51,Tablet,East,Social Media  ,Sports,0.0,Yes
USR05896,SES05896,purchase,10/20/2025,Tablet,West,Social Media,Sports,1056.15,No
USR06758,SES06758,Browse,10/20/2025,Mobile,East,Social Media,Beauty,0.0,Yes
USR07045,SES07045,BROWSE,2025-10-24 00:27:44,Desktop,East,Social Media,Sports,0.0,Yes
USR01760,SES01760,ADD TO CART,2025-10-08 22:22:46,,South,Social Media,Fashion,0.0,Yes
USR08512,SES08512,BROWSE,2025-10-26 21:51:55,Mobile,South,Google Ads,Sports,0.0,Yes
USR02324,SES02324,browse,2025-10-30 03:14:34,Mobile,West,Organic,Fashion,0.0,Yes
USR07478,SES07478,Checkout,2025-10-04 08:59:46,Mobile,East,Social Media,Sports,0.0,Yes
USR09269,SES09269,Browse,2025-10-19 04:04:48,Mobile,South,Organic  ,Electronics,0.0,Yes
USR09970,SES09970,Browse,2025-10-25 07:12:56,Tablet,West,Organic,Home,,Yes
USR01737,SES01737,Add to Cart,2025-10-13 18:18:43,Mobile,North,Social Media,Electronics,0.0,Yes
USR06855,SES06855,Add to Cart,2025-10-04 13:44:44,Mobile,West,Google Ads,Fashion,0.0,Yes
USR05495,SES05495,Checkout,2025-10-09 13:01:47,Tablet,South,Social Media,Fashion,0.0,No
USR05434,SES05434,Browse,2025-10-05 03:36:27,Tablet,South,Organic,Sports,0.0,Yes
USR03006,SES03006,Browse,2025-10-17 06:08:51,Desktop,West,Email,Electronics,0.0,Yes
USR09059,SES09059,browse,2025-10-28 04:27:55,Mobile,South,Google Ads,Beauty,0.0,Yes
USR04379,SES04379,CHECKOUT,2025-10-21 21:48:22,Mobile,North,Email,Electronics,0.0,No
USR09660,SES09660,Browse,2025-10-10 13:35:18,Tablet,South,Google Ads,Electronics,0.0,Yes
USR04582,SES04582,Browse,2025-10-05 14:52:41,Tablet,East,Email,Sports,0.0,Yes
USR03932,SES03932,ADD TO CART,2025-10-16 04:34:37,Mobile,West,Organic,Fashion,0.0,Yes
USR07593,SES07593,Add to Cart,2025-10-20 02:15:37,Mobile,South,Google Ads,Sports,0.0,Yes
USR07268,SES07268,browse,2025-10-11 05:32:01,Mobile,South,Email,Home,0.0,Yes
USR02656,SES02656,ADD TO CART,2025-10-18 17:19:32,Tablet,West,Organic,Electronics,0.0,Yes
USR09626,SES09626,ADD TO CART,2025-10-15 21:42:45,Tablet,South,Social Media,Fashion,0.0,Yes
USR00919,SES00919,Add to Cart,2025-10-16 16:08:15,Mobile,South,Email,Home,0.0,Yes
USR02912,SES02912,ADD TO CART,2025-10-21 09:06:48,Desktop,North,Social Media  ,Sports,0.0,Yes
USR00448,SES00448,BROWSE,2025-10-11 16:58:57,Tablet,North,Organic,Sports,0.0,Yes
USR04431,SES04431,checkout,2025-10-20 09:33:09,,West,Email,Electronics,0.0,No
USR02876,SES02876,BROWSE,2025-10-31 09:07:13,Mobile,South,Google Ads,Beauty,0.0,Yes
USR02708,SES02708,CHECKOUT,2025-10-19 06:25:27,Mobile,South,Google Ads,Fashion,0.0,No
USR09099,SES09099,browse,2025-10-17 04:30:10,Desktop,West,Social Media,Home,,Yes
USR07821,SES07821,browse,2025-10-07 18:44:05,Mobile,North,Google Ads,Beauty,0.0,Yes
USR02748,SES02748,PURCHASE,2025-10-01 23:48:35,Mobile,West,Organic,Home,,No
USR06829,SES06829,Browse,2025-10-22 20:12:28,Mobile,North,Email  ,Beauty,0.0,Yes
USR01499,SES01499,Add to Cart,2025-10-18 13:42:22,Mobile,,Organic,Fashion,0.0,Yes
USR03317,SES03317,Add to Cart,10/20/2025,Tablet,East,Email,Electronics,0.0,Yes
USR00202,SES00202,Browse,2025-10-09 20:49:23,Tablet,East,Email,Sports,0.0,Yes
USR00289,SES00289,Browse,2025-10-26 15:49:45,Desktop,North,Social Media,Home,,Yes
USR07956,SES07956,browse,2025-10-09 01:01:02,Mobile,South,Social Media,Beauty,0.0,Yes
USR02674,SES02674,Checkout,2025-10-28 17:12:57,Desktop,North,Google Ads,Home,0.0,Yes
USR07922,SES07922,Browse,2025-10-29 12:06:02,Tablet,East,Google Ads,Sports,0.0,Yes
USR02205,SES02205,browse,2025-10-22 14:35:02,Desktop,West,Email  ,Home,0.0,Yes
USR01946,SES01946,add to cart,2025-10-06 05:39:30,Tablet,North,Email,Electronics,0.0,Yes
USR05662,SES05662,checkout,2025-10-28 20:09:01,Mobile,West,Social Media,Home,0.0,No
USR03042,SES03042,BROWSE,2025-10-18 10:53:20,Mobile,South,Social Media,Beauty,0.0,Yes
USR07684,SES07684,Browse,2025-10-05 23:32:30,,East,Google Ads,Fashion,0.0,No
USR03883,SES03883,Add to Cart,2025-10-10 09:58:20,Mobile,East,Email,Fashion,0.0,Yes
USR08570,SES08570,Browse,2025-10-12 23:12:12,Mobile,East,Organic,Fashion,0.0,Yes
USR07270,SES07270,Add to Cart,10/20/2025,Tablet,North,Organic,Fashion,0.0,Yes
USR09640,SES09640,browse,2025-10-20 04:37:55,Tablet,West,Email,Fashion,0.0,Yes
USR08445,SES08445,BROWSE,2025-10-03 09:33:49,Mobile,South,Social Media,Beauty,0.0,No
USR07212,SES07212,Checkout,2025-10-05 16:29:07,Desktop,West,Social Media  ,Beauty,,Yes
USR08612,SES08612,Browse,2025-10-16 22:10:51,Desktop,South,Social Media,Fashion,0.0,Yes
USR05000,SES05000,Browse,2025-10-25 12:55:28,Tablet,East,Organic,Fashion,0.0,Yes
USR06367,SES06367,Add to Cart,2025-10-29 17:18:38,,East,Social Media,Electronics,0.0,Yes
USR01870,SES01870,Browse,2025-10-21 21:46:47,,West,Organic,Fashion,0.0,Yes
USR03016,SES03016,purchase,10/20/2025,Tablet,East,Google Ads,Home,1746.05,No
USR03197,SES03197,Browse,2025-10-27 03:36:21,Mobile,,Organic,Beauty,0.0,Yes
USR08966,SES08966,Browse,2025-10-11 09:51:40,Mobile,West,Organic  ,Electronics,0.0,Yes
USR04347,SES04347,Browse,2025-10-02 20:11:36,Desktop,West,Social Media,Sports,0.0,Yes
USR05292,SES05292,Browse,2025-10-18 03:48:22,Mobile,North,Social Media,Beauty,0.0,Yes
USR02736,SES02736,BROWSE,2025-10-11 13:06:53,Tablet,East,Social Media,Beauty,0.0,Yes
USR06005,SES06005,Add to Cart,2025-10-28 04:58:09,Tablet,West,Email  ,Electronics,0.0,Yes
USR09636,SES09636,Add to Cart,2025-10-03 23:28:46,Desktop,West,Social Media,Home,0.0,Yes
USR02349,SES02349,purchase,2025-10-27 05:49:48,Desktop,East,Social Media,Electronics,970.36,No
USR09082,SES09082,Browse,2025-10-21 09:23:07,Tablet,East,Social Media,Sports,0.0,No
USR08611,SES08611,Add to Cart,2025-10-13 04:12:00,Desktop,East,Organic,Sports,0.0,Yes
USR07634,SES07634,Browse,2025-10-31 16:10:45,Tablet,East,Google Ads,Electronics,0.0,Yes
USR08450,SES08450,Add to Cart,2025-10-16 21:28:57,,East,Email,Electronics,0.0,Yes
USR05218,SES05218,browse,2025-10-13 07:41:46,Desktop,,Social Media  ,Electronics,0.0,Yes
USR03495,SES03495,Browse,2025-10-27 02:21:40,,North,Social Media,Home,0.0,Yes
USR04220,SES04220,Browse,2025-10-21 13:52:05,Desktop,South,Organic,Electronics,0.0,Yes
USR09708,SES09708,Add to Cart,2025-10-22 23:28:18,Desktop,East,Social Media,Electronics,0.0,Yes
USR07068,SES07068,Add to Cart,2025-10-09 18:30:16,Tablet,South,Organic,Home,0.0,Yes
USR05244,SES05244,Browse,2025-10-28 13:47:23,Tablet,West,Google Ads,Sports,0.0,Yes
USR05226,SES05226,Add to Cart,2025-10-16 09:33:36,Desktop,North,Social Media,Home,0.0,Yes
USR07533,SES07533,browse,2025-10-06 23:21:34,Desktop,South,Organic,Sports,,Yes
USR09178,SES09178,Checkout,2025-10-04 18:27:10,Mobile,North,Social Media,Sports,0.0,Yes
USR01033,SES01033,Purchase,2025-10-10 05:38:13,Mobile,South,Google Ads,Beauty,514.92,No
USR00039,SES00039,Browse,10/20/2025,Desktop,East,Email,Sports,0.0,Yes
USR06809,SES06809,BROWSE,2025-10-04 09:35:01,Mobile,West,Organic,Home,0.0,Yes
USR05829,SES05829,add to cart,2025-10-11 07:00:37,Tablet,South,Organic,Beauty,0.0,Yes
USR04507,SES04507,Browse,10/20/2025,Desktop,West,Google Ads,Electronics,0.0,Yes
USR02980,SES02980,browse,2025-10-11 03:48:48,Tablet,North,Social Media,Home,0.0,Yes
USR08030,SES08030,Checkout,2025-10-24 02:35:02,Tablet,,Social Media,Sports,0.0,No
USR09213,SES09213,Browse,2025-10-21 02:37:24,Tablet,West,Social Media,Electronics,0.0,Yes
USR06047,SES06047,Add to Cart,10/20/2025,Mobile,East,Email,Electronics,0.0,Yes
USR06245,SES06245,ADD TO CART,2025-10-18 01:31:35,,East,Organic,Fashion,0.0,Yes
USR04678,SES04678,Add to Cart,2025-10-21 09:37:22,Mobile,East,Organic,Electronics,0.0,No
USR02310,SES02310,Add to Cart,2025-10-20 18:41:00,Desktop,South,Google Ads,Electronics,0.0,No
USR09267,SES09267,Browse,2025-10-10 02:28:49,Tablet,North,Email,Home,0.0,Yes
USR00038,SES00038,Browse,10/20/2025,Tablet,North,Google Ads,Beauty,0.0,Yes
USR03080,SES03080,browse,2025-10-29 08:13:09,Desktop,East,Email,Sports,0.0,Yes
USR03863,SES03863,add to cart,2025-10-06 06:22:10,Desktop,East,Email,Electronics,,Yes
USR08437,SES08437,Add to Cart,2025-10-10 13:38:48,Mobile,North,Social Media  ,Fashion,0.0,Yes
USR01275,SES01275,CHECKOUT,2025-10-29 03:47:27,Mobile,South,Organic,Home,0.0,Yes
USR06088,SES06088,ADD TO CART,2025-10-08 10:02:00,Tablet,West,Google Ads,Home,,Yes
USR09122,SES09122,BROWSE,2025-10-23 08:16:54,Mobile,North,Social Media,Home,0.0,Yes
USR02245,SES02245,Checkout,2025-10-08 21:17:20,Desktop,East,Organic,Home,,Yes
USR08677,SES08677,Browse,10/20/2025,Tablet,South,Email  ,Home,0.0,Yes
USR07396,SES07396,Purchase,10/20/2025,,South,Google Ads,Electronics,290.23,No
USR09440,SES09440,Browse,2025-10-18 11:08:35,Tablet,South,Google Ads,Fashion,0.0,Yes
USR03660,SES03660,browse,2025-10-08 23:33:41,Tablet,East,Organic,Home,0.0,Yes
USR06251,SES06251,Browse,2025-10-09 10:07:45,Mobile,West,Social Media  ,Home,0.0,Yes
USR01858,SES01858,Browse,2025-10-21 21:26:44,Mobile,,Email,Sports,0.0,Yes
USR05533,SES05533,Add to Cart,2025-10-12 00:29:45,Tablet,West,Social Media,Sports,0.0,No
USR09947,SES09947,Checkout,2025-10-24 06:01:08,,North,Social Media,Fashion,0.0,No
USR07740,SES07740,Checkout,2025-10-26 13:44:33,Mobile,West,Email,Electronics,0.0,Yes
USR02281,SES02281,browse,2025-10-25 05:29:58,Mobile,North,Organic,Electronics,,Yes
USR04708,SES04708,Browse,2025-10-03 01:07:36,Tablet,West,Email,Home,0.0,Yes
USR05314,SES05314,Add to Cart,2025-10-18 00:00:32,Mobile,North,Social Media,Sports,0.0,Yes
USR01868,SES01868,Browse,2025-10-06 04:36:41,Tablet,North,Organic,Fashion,0.0,Yes
USR07228,SES07228,Browse,2025-10-21 17:27:28,Desktop,West,Email,Beauty,0.0,Yes
USR04363,SES04363,Browse,2025-10-08 04:19:54,Mobile,East,Organic,Beauty,,No
USR07007,SES07007,Checkout,2025-10-24 23:30:29,Tablet,South,Organic,Fashion,0.0,Yes
USR00830,SES00830,Add to Cart,2025-10-26 23:20:07,Tablet,East,Organic  ,Beauty,,Yes
USR08036,SES08036,ADD TO CART,2025-10-04 20:49:39,Desktop,North,Email,Fashion,,Yes
USR07400,SES07400,Browse,2025-10-14 19:52:18,Desktop,East,Google Ads,Sports,0.0,Yes
USR05023,SES05023,Browse,2025-10-18 19:03:21,Tablet,South,Social Media,Electronics,0.0,Yes
USR04742,SES04742,Browse,2025-10-30 16:26:24,Desktop,West,Google Ads,Fashion,,Yes
USR00135,SES00135,BROWSE,2025-10-17 02:55:36,Mobile,South,Google Ads,Sports,0.0,Yes
USR03578,SES03578,Browse,2025-10-03 12:04:05,Mobile,North,Social Media  ,Sports,0.0,No
USR07251,SES07251,browse,2025-10-19 05:18:15,Desktop,South,Organic,Sports,0.0,Yes
USR03033,SES03033,Browse,2025-10-12 08:52:46,,West,Social Media,Sports,0.0,Yes
USR01722,SES01722,Browse,2025-10-09 06:48:01,Tablet,East,Email,Fashion,0.0,Yes
USR02494,SES02494,add to cart,2025-10-19 17:44:54,Desktop,West,Organic,Fashion,0.0,Yes
USR04807,SES04807,add to cart,2025-10-11 11:06:52,Tablet,South,Google Ads,Electronics,-99.99,Yes
USR04354,SES04354,Add to Cart,2025-10-19 10:56:37,Desktop,South,Organic,Fashion,0.0,Yes
USR04361,SES04361,Browse,2025-10-07 20:07:10,Tablet,East,Email,Electronics,0.0,Yes
USR08080,SES08080,Checkout,2025-10-30 01:12:09,Tablet,West,Organic,Home,0.0,No
USR06198,SES06198,add to cart,2025-10-05 03:45:16,,South,Email,Electronics,,Yes
USR04169,SES04169,add to cart,2025-10-21 04:44:53,Desktop,East,Email,Beauty,0.0,Yes
USR00954,SES00954,Browse,2025-10-09 08:51:36,Mobile,East,Google Ads  ,Home,0.0,Yes
USR02038,SES02038,Browse,2025-10-09 08:57:30,Desktop,South,Social Media,Sports,0.0,Yes
USR08283,SES08283,Checkout,2025-10-30 15:28:09,Tablet,West,Social Media,Home,0.0,No
USR00060,SES00060,browse,2025-10-05 23:25:11,Tablet,West,Organic,Sports,0.0,No
USR01934,SES01934,Add to Cart,2025-10-15 03:07:05,Tablet,West,Email,Beauty,0.0,Yes
USR02321,SES02321,add to cart,2025-10-17 09:08:30,Desktop,North,Social Media,Beauty,,Yes
USR00533,SES00533,BROWSE,2025-10-06 13:01:49,Mobile,,Social Media,Beauty,0.0,Yes
USR05735,SES05735,Browse,2025-10-13 12:13:10,Mobile,,Organic,Electronics,0.0,Yes
USR02547,SES02547,Add to Cart,2025-10-15 01:59:36,Desktop,East,Social Media,Beauty,0.0,Yes
USR04456,SES04456,Add to Cart,2025-10-09 08:02:02,Mobile,South,Google Ads,Home,,Yes
USR04572,SES04572,BROWSE,2025-10-13 05:26:12,,East,Email,Beauty,0.0,Yes
USR02305,SES02305,Add to Cart,2025-10-29 07:52:15,Tablet,West,Google Ads,Beauty,0.0,Yes
USR03088,SES03088,Browse,2025-10-14 03:44:16,Mobile,South,Organic,Home,0.0,Yes
USR08188,SES08188,Browse,10/20/2025,Tablet,West,Email,Electronics,0.0,Yes
USR07423,SES07423,CHECKOUT,2025-10-23 11:03:40,Mobile,North,Organic,Electronics,,Yes
USR01594,SES01594,Browse,2025-10-15 00:00:41,Mobile,,Organic,Home,0.0,No
USR02432,SES02432,Add to Cart,2025-10-10 20:19:12,Desktop,West,Organic,Electronics,0.0,Yes
USR07166,SES07166,Add to Cart,2025-10-10 10:17:00,Tablet,North,Social Media  ,Electronics,,Yes
USR08726,SES08726,CHECKOUT,2025-10-14 18:58:48,,South,Google Ads,Sports,0.0,Yes
USR06524,SES06524,Checkout,2025-10-17 22:35:35,Desktop,North,Social Media,Beauty,,Yes
USR09695,SES09695,Browse,2025-10-14 09:36:13,Tablet,West,Organic,Beauty,0.0,Yes
USR05554,SES05554,Add to Cart,2025-10-15 13:50:43,Mobile,North,Google Ads,Sports,0.0,Yes
USR07061,SES07061,Purchase,2025-10-07 05:08:53,,East,Organic,Home,633.24,No
USR06662,SES06662,Browse,2025-10-25 07:48:58,Mobile,South,Email,Home,0.0,Yes
USR08098,SES08098,Browse,2025-10-26 07:10:36,Tablet,East,Social Media,Home,0.0,Yes
USR05652,SES05652,ADD TO CART,2025-10-04 00:46:14,Desktop,West,Social Media,Beauty,0.0,Yes
USR06331,SES06331,ADD TO CART,2025-10-16 10:47:18,Tablet,,Organic,Electronics,0.0,Yes
USR04293,SES04293,Browse,2025-10-12 01:03:07,Mobile,East,Google Ads,Fashion,0.0,No
USR01630,SES01630,Add to Cart,2025-10-16 19:47:21,Tablet,East,Email,Electronics,0.0,Yes
USR04292,SES04292,Browse,2025-10-04 12:44:30,Tablet,,Social Media,Home,0.0,Yes
USR06912,SES06912,Browse,2025-10-08 09:51:38,Tablet,North,Organic,Sports,0.0,Yes
USR09441,SES09441,Browse,2025-10-03 17:48:05,Tablet,East,Google Ads,Fashion,0.0,Yes
USR02411,SES02411,Add to Cart,2025-10-20 03:46:59,Mobile,West,Google Ads,Sports,,Yes
USR06274,SES06274,Browse,2025-10-26 19:34:03,,South,Organic,Electronics,0.0,No
USR04822,SES04822,Checkout,2025-10-04 14:50:00,Mobile,West,Google Ads,Electronics,0.0,No
USR09018,SES09018,Purchase,2025-10-02 14:54:17,Desktop,East,Google Ads,Home,1949.93,No
USR00901,SES00901,browse,2025-10-08 14:47:50,Desktop,East,Organic,Fashion,0.0,No
USR00979,SES00979,PURCHASE,2025-10-25 10:11:05,Tablet,,Organic,Electronics,1998.51,No
USR06482,SES06482,BROWSE,2025-10-13 16:14:22,Mobile,South,Social Media,Home,0.0,Yes
USR02547,SES02547,Browse,2025-10-15 01:56:36,Mobile,,Social Media,Sports,0.0,Yes
USR08930,SES08930,browse,2025-10-30 19:43:02,,East,Organic,Home,0.0,Yes
USR07368,SES07368,Browse,2025-10-10 11:55:14,Desktop,East,Google Ads,Electronics,0.0,Yes
USR09413,SES09413,browse,2025-10-09 04:09:39,,West,Social Media,Beauty,0.0,Yes
USR00330,SES00330,checkout,2025-10-18 04:10:26,Desktop,East,Email,Home,0.0,No
USR08157,SES08157,checkout,2025-10-11 05:52:06,Desktop,North,Social Media,Home,0.0,Yes
USR08526,SES08526,browse,2025-10-15 11:30:32,Mobile,South,Social Media  ,Home,0.0,Yes
USR02706,SES02706,Checkout,2025-10-03 18:05:17,Mobile,East,Email,Home,0.0,Yes
USR09345,SES09345,browse,2025-10-31 16:38:51,Tablet,North,Google Ads,Home,0.0,Yes
USR07463,SES07463,Browse,2025-10-28 16:53:52,Desktop,North,Organic,Fashion,,Yes
USR06262,SES06262,checkout,2025-10-21 07:50:37,Tablet,West,Organic  ,Beauty,0.0,Yes
USR06811,SES06811,purchase,2025-10-27 12:49:16,Tablet,South,Email,Beauty,956.87,No
USR09389,SES09389,BROWSE,2025-10-16 16:03:36,Mobile,West,Google Ads  ,Sports,0.0,Yes
USR00173,SES00173,PURCHASE,10/20/2025,Desktop,East,Social Media,Beauty,1424.95,No
USR06703,SES06703,Add to Cart,2025-10-04 19:26:22,Desktop,West,Social Media,Electronics,0.0,No
USR00372,SES00372,ADD TO CART,2025-10-09 11:37:13,Desktop,North,Email,Beauty,,Yes
USR05474,SES05474,Browse,2025-10-11 15:00:26,Mobile,East,Social Media,Sports,0.0,Yes
USR03388,SES03388,Browse,2025-10-18 01:08:22,Tablet,East,Organic,Home,0.0,Yes
USR09374,SES09374,Purchase,2025-10-21 09:42:44,,South,Social Media,Sports,1222.91,No
USR03749,SES03749,Add to Cart,2025-10-23 18:29:52,Mobile,North,Email  ,Sports,0.0,Yes
USR01391,SES01391,Browse,2025-10-28 04:26:59,Desktop,North,Organic,Home,0.0,Yes
USR05499,SES05499,CHECKOUT,2025-10-23 09:04:30,Mobile,East,Google Ads,Fashion,0.0,No
USR07202,SES07202,Checkout,10/20/2025,Desktop,,Social Media,Home,0.0,Yes
USR03209,SES03209,Browse,2025-10-03 21:12:48,Mobile,,Social Media  ,Sports,0.0,Yes
USR05266,SES05266,Add to Cart,2025-10-27 16:37:53,Desktop,East,Organic,Electronics,0.0,Yes
USR08168,SES08168,Checkout,2025-10-10 19:01:04,Desktop,,Organic,Electronics,0.0,No
USR01372,SES01372,Browse,2025-10-25 21:27:01,Mobile,East,Organic,Electronics,0.0,Yes
USR00413,SES00413,Checkout,2025-10-18 01:02:26,Tablet,South,Google Ads,Sports,,No
USR01149,SES01149,Browse,2025-10-23 03:17:57,Mobile,South,Email,Sports,0.0,Yes
USR02145,SES02145,purchase,2025-10-02 10:43:21,Mobile,West,Email,Electronics,1525.55,No
USR04975,SES04975,BROWSE,2025-10-23 07:42:50,Mobile,East,Social Media  ,Sports,0.0,Yes
USR05495,SES05495,browse,2025-10-09 12:55:47,Desktop,East,Google Ads,Sports,0.0,No
USR08388,SES08388,Checkout,2025-10-14 21:59:22,,West,Organic,Home,0.0,Yes
USR06019,SES06019,Add to Cart,2025-10-23 22:53:07,Mobile,East,Email,Sports,0.0,Yes
USR08561,SES08561,Checkout,2025-10-02 12:00:53,Tablet,West,Email,Electronics,0.0,Yes
USR09625,SES09625,Purchase,2025-10-05 11:21:37,Desktop,West,Google Ads  ,Beauty,457.82,No
USR05823,SES05823,Add to Cart,2025-10-08 22:10:31,Desktop,,Organic,Beauty,0.0,Yes
USR04253,SES04253,Checkout,2025-10-05 22:01:43,Desktop,North,Email  ,Home,0.0,Yes
USR01400,SES01400,Browse,2025-10-15 00:06:07,Tablet,North,Social Media,Beauty,0.0,Yes
USR04103,SES04103,browse,2025-10-08 04:36:33,Mobile,West,Email,Home,0.0,Yes
USR07602,SES07602,add to cart,2025-10-25 15:41:52,,North,Email,Home,0.0,No
USR00816,SES00816,Checkout,2025-10-10 05:19:23,Mobile,West,Organic,Home,0.0,No
USR04887,SES04887,Add to Cart,2025-10-16 13:17:53,Desktop,North,Google Ads,Fashion,0.0,No
USR09276,SES09276,BROWSE,2025-10-11 14:45:57,Mobile,North,Social Media,Electronics,0.0,Yes
USR06007,SES06007,Browse,2025-10-21 08:15:24,Tablet,East,Social Media,Home,0.0,Yes
USR09018,SES09018,browse,2025-10-02 14:42:17,Mobile,South,Organic,Home,0.0,No
USR02141,SES02141,Checkout,2025-10-21 20:06:30,Mobile,South,Email,Sports,0.0,Yes
USR03788,SES03788,Checkout,2025-10-09 23:28:06,Tablet,North,Email  ,Electronics,,Yes
USR02249,SES02249,Browse,2025-10-04 20:41:50,Desktop,South,Organic  ,Beauty,0.0,No
USR07921,SES07921,ADD TO CART,2025-10-18 20:00:15,Desktop,East,Social Media,Beauty,,Yes
USR00292,SES00292,BROWSE,10/20/2025,Tablet,West,Email,Electronics,0.0,Yes
USR03512,SES03512,BROWSE,2025-10-09 15:38:52,Desktop,South,Email  ,Beauty,0.0,Yes
USR08633,SES08633,browse,2025-10-12 00:52:06,Tablet,North,Organic,Electronics,0.0,Yes
USR00901,SES00901,Checkout,2025-10-08 14:55:50,Desktop,North,Email,Fashion,-99.99,No
USR03246,SES03246,Add to Cart,2025-10-14 22:16:16,Mobile,North,Google Ads,Sports,0.0,Yes
USR00318,SES00318,Browse,2025-10-16 15:29:34,Tablet,South,Organic,Home,,Yes
USR07795,SES07795,Checkout,2025-10-03 19:50:52,Tablet,,Email,Sports,0.0,Yes
USR01143,SES01143,Browse,2025-10-16 10:12:46,Mobile,North,Google Ads,Home,0.0,Yes
USR08705,SES08705,Add to Cart,2025-10-25 10:04:14,Desktop,South,Social Media,Electronics,0.0,Yes
USR00332,SES00332,Purchase,2025-10-05 11:01:10,Desktop,,Email,Beauty,1621.3,No
USR08693,SES08693,Browse,2025-10-27 22:57:29,Tablet,East,Organic,Electronics,0.0,Yes
USR01377,SES01377,Browse,2025-10-02 05:42:25,Mobile,West,Organic,Beauty,0.0,Yes
USR03121,SES03121,ADD TO CART,2025-10-13 18:56:10,Tablet,South,Google Ads,Home,0.0,Yes
USR09555,SES09555,CHECKOUT,2025-10-15 06:40:43,Tablet,South,Organic  ,Sports,0.0,No
USR05524,SES05524,Browse,2025-10-19 01:15:01,,East,Email,Beauty,0.0,Yes
USR06366,SES06366,Browse,2025-10-24 11:58:14,Mobile,East,Google Ads,Sports,,No
USR04554,SES04554,checkout,2025-10-17 01:48:46,Tablet,North,Email,Home,0.0,Yes
USR04861,SES04861,BROWSE,2025-10-24 15:41:06,Tablet,South,Social Media,Electronics,0.0,Yes
USR05197,SES05197,browse,2025-10-24 05:26:48,Desktop,,Social Media,Fashion,,No
USR07939,SES07939,checkout,2025-10-20 21:37:12,Tablet,North,Google Ads,Beauty,0.0,Yes
USR03404,SES03404,BROWSE,2025-10-02 22:05:55,Tablet,West,Organic  ,Beauty,0.0,Yes
USR07457,SES07457,Purchase,2025-10-31 02:19:18,Mobile,West,Social Media,Fashion,1620.27,No
USR02299,SES02299,Browse,2025-10-22 12:01:37,Desktop,,Email,Sports,0.0,No
USR09580,SES09580,browse,2025-10-10 08:12:40,Tablet,East,Social Media,Beauty,0.0,Yes
USR00972,SES00972,ADD TO CART,2025-10-25 16:31:25,Tablet,East,Google Ads,Electronics,0.0,No
USR01709,SES01709,Browse,2025-10-11 12:25:22,Mobile,South,Social Media,Sports,0.0,Yes
USR09259,SES09259,BROWSE,2025-10-31 10:21:55,Mobile,North,Organic,Fashion,0.0,Yes
USR04787,SES04787,Add to Cart,2025-10-31 17:27:20,Mobile,South,Organic,Home,0.0,Yes
USR07228,SES07228,Browse,2025-10-21 17:27:28,Desktop,West,Email,Beauty,0.0,Yes
USR06672,SES06672,Browse,2025-10-24 07:53:43,Desktop,North,Google Ads  ,Home,0.0,Yes
USR08338,SES08338,Add to Cart,2025-10-31 15:01:47,,West,Organic,Sports,0.0,Yes
USR04414,SES04414,Add to Cart,2025-10-12 16:11:48,Mobile,East,Social Media,Fashion,0.0,Yes
USR00860,SES00860,ADD TO CART,2025-10-31 02:36:21,Tablet,North,Email,Sports,0.0,Yes
USR07186,SES07186,Browse,10/20/2025,Tablet,West,Google Ads,Fashion,0.0,Yes
USR01483,SES01483,Browse,10/20/2025,Tablet,South,Social Media,Home,0.0,No
USR04749,SES04749,Browse,2025-10-10 10:38:40,Tablet,East,Organic,Home,0.0,Yes
USR08872,SES08872,Browse,10/20/2025,Tablet,West,Organic,Fashion,0.0,Yes
USR00925,SES00925,Checkout,2025-10-23 15:39:56,Desktop,North,Email,Electronics,0.0,No
USR01714,SES01714,ADD TO CART,2025-10-18 07:07:24,,East,Google Ads,Beauty,0.0,No
USR04632,SES04632,Browse,2025-10-04 04:11:58,Tablet,East,Google Ads,Electronics,0.0,Yes
USR05500,SES05500,add to cart,2025-10-13 00:25:51,,East,Email,Electronics,0.0,Yes
USR04404,SES04404,CHECKOUT,2025-10-23 11:44:37,Tablet,North,Organic,Electronics,0.0,Yes
USR04248,SES04248,browse,2025-10-10 00:08:59,Tablet,South,Organic,Home,0.0,Yes
USR08701,SES08701,Add to Cart,2025-10-30 04:37:35,Mobile,South,Google Ads,Fashion,0.0,Yes
USR00516,SES00516,Add to Cart,2025-10-17 12:49:23,Tablet,South,Social Media,Home,999999.0,Yes
USR08398,SES08398,ADD TO CART,2025-10-20 21:33:58,Mobile,East,Email,Electronics,,No
USR09570,SES09570,BROWSE,2025-10-02 23:14:44,Mobile,,Organic,Home,0.0,Yes
USR07045,SES07045,Checkout,2025-10-24 00:34:44,,East,Google Ads,Home,0.0,Yes
USR03280,SES03280,BROWSE,2025-10-09 06:33:45,,East,Organic,Fashion,0.0,Yes
USR01068,SES01068,Browse,2025-10-19 08:05:29,Tablet,South,Organic,Home,0.0,Yes
USR00577,SES00577,Browse,2025-10-14 07:42:56,Desktop,South,Google Ads,Electronics,0.0,Yes
USR09417,SES09417,Browse,2025-10-17 05:40:04,Desktop,South,Email,Beauty,0.0,Yes
USR00294,SES00294,purchase,2025-10-04 04:45:46,Desktop,East,Organic,Fashion,1621.61,No
USR03987,SES03987,Add to Cart,2025-10-10 04:25:36,Desktop,North,Email,Beauty,0.0,Yes
USR09729,SES09729,Browse,2025-10-09 07:18:20,,East,Organic,Sports,0.0,Yes
USR05748,SES05748,Add to Cart,2025-10-10 03:50:40,Mobile,,Google Ads,Fashion,0.0,Yes
USR04104,SES04104,BROWSE,2025-10-30 19:37:53,Desktop,East,Organic  ,Home,,Yes
USR00511,SES00511,add to cart,2025-10-12 04:55:07,,South,Organic,Sports,0.0,No
USR04437,SES04437,Checkout,2025-10-18 11:08:38,Tablet,West,Social Media,Sports,0.0,No
USR06744,SES06744,Browse,2025-10-15 20:37:15,Mobile,South,Google Ads,Home,0.0,Yes
USR04968,SES04968,checkout,2025-10-13 05:40:19,Tablet,East,Organic  ,Beauty,,No
USR08370,SES08370,Browse,2025-10-21 08:51:56,Tablet,West,Organic  ,Sports,0.0,Yes
USR06535,SES06535,Add to Cart,2025-10-08 08:01:32,Tablet,South,Organic,Fashion,0.0,Yes
USR06624,SES06624,Add to Cart,2025-10-17 00:42:38,Tablet,South,Email,Home,,Yes
USR07009,SES07009,BROWSE,2025-10-03 00:22:50,Tablet,South,Google Ads,Home,0.0,Yes
USR05882,SES05882,add to cart,2025-10-16 19:51:45,,South,Google Ads,Beauty,,Yes
USR02583,SES02583,ADD TO CART,2025-10-11 09:51:40,Mobile,North,Social Media,Sports,0.0,Yes
USR02530,SES02530,browse,2025-10-09 14:17:33,Desktop,,Organic,Home,0.0,Yes
USR04309,SES04309,Browse,2025-10-04 23:32:27,Mobile,,Google Ads,Electronics,0.0,Yes
USR02976,SES02976,PURCHASE,2025-10-09 12:56:08,Tablet,West,Google Ads,Home,817.88,No
USR02217,SES02217,Purchase,2025-10-31 10:28:37,Mobile,South,Email,Sports,1075.74,No
USR03797,SES03797,BROWSE,2025-10-09 17:50:06,Desktop,East,Email,Electronics,0.0,Yes
USR01894,SES01894,Browse,2025-10-09 22:02:42,Tablet,East,Email,Fashion,0.0,Yes
USR02578,SES02578,BROWSE,2025-10-18 15:47:49,Mobile,East,Social Media,Fashion,0.0,No
USR07962,SES07962,Checkout,2025-10-21 12:59:30,Tablet,West,Google Ads,Fashion,0.0,Yes
USR02120,SES02120,ADD TO CART,2025-10-20 03:01:38,Mobile,East,Email,Fashion,0.0,Yes
USR06577,SES06577,Checkout,2025-10-09 19:53:38,Desktop,West,Social Media,Home,0.0,No
USR07912,SES07912,Add to Cart,2025-10-02 11:54:05,Tablet,,Organic,Sports,0.0,Yes
USR07660,SES07660,add to cart,2025-10-20 16:30:48,Mobile,South,Organic  ,Fashion,0.0,No
USR07298,SES07298,ADD TO CART,2025-10-31 01:13:00,Mobile,East,Organic,Beauty,0.0,Yes
USR07767,SES07767,Purchase,2025-10-14 06:17:44,Mobile,North,Email,Electronics,,No
USR03475,SES03475,Add to Cart,2025-10-05 11:54:09,,South,Social Media,Sports,0.0,Yes
USR00026,SES00026,purchase,2025-10-28 01:44:26,Desktop,South,Google Ads,Fashion,522.19,No
USR05633,SES05633,Browse,2025-10-06 15:49:59,Tablet,South,Google Ads,Home,0.0,Yes
USR07635,SES07635,add to cart,2025-10-13 19:08:08,Tablet,East,Organic,Beauty,0.0,No
USR08881,SES08881,Browse,10/20/2025,Tablet,South,Email,Electronics,0.0,Yes
USR03572,SES03572,ADD TO CART,2025-10-28 12:04:32,Tablet,East,Email  ,Beauty,0.0,Yes
USR00969,SES00969,Checkout,2025-10-07 13:08:00,Mobile,West,Email,Fashion,0.0,Yes
USR02434,SES02434,Checkout,2025-10-16 19:41:25,Tablet,,Google Ads,Sports,0.0,Yes
USR08826,SES08826,Add to Cart,2025-10-26 02:45:52,Tablet,South,Google Ads,Home,0.0,No
USR05745,SES05745,Checkout,2025-10-18 17:05:00,Desktop,South,Google Ads,Electronics,0.0,Yes
USR06260,SES06260,Checkout,2025-10-23 20:07:01,,South,Social Media,Electronics,0.0,No
USR04119,SES04119,Add to Cart,2025-10-02 07:57:46,Desktop,North,Organic  ,Beauty,0.0,Yes
USR02459,SES02459,Checkout,2025-10-05 08:08:35,Mobile,East,Email,Beauty,0.0,No
USR07215,SES07215,Add to Cart,2025-10-08 01:19:53,Mobile,West,Google Ads,Beauty,0.0,Yes
USR04833,SES04833,BROWSE,2025-10-10 00:35:29,Mobile,West,Social Media,Electronics,0.0,Yes
USR05085,SES05085,Browse,2025-10-19 00:32:34,Mobile,West,Social Media,Electronics,0.0,Yes
USR03393,SES03393,Checkout,2025-10-26 15:36:41,Mobile,West,Google Ads,Sports,-99.99,Yes
USR06803,SES06803,BROWSE,2025-10-27 09:18:36,Tablet,East,Email,Home,0.0,Yes
USR05351,SES05351,Browse,2025-10-08 13:49:23,Desktop,South,Google Ads,Electronics,0.0,No
USR03234,SES03234,BROWSE,2025-10-29 15:38:00,Tablet,East,Organic,Home,0.0,Yes
USR08209,SES08209,Checkout,2025-10-27 13:18:23,Tablet,West,Social Media,Home,0.0,Yes
USR04588,SES04588,ADD TO CART,2025-10-03 02:20:11,Mobile,North,Google Ads,Sports,0.0,Yes
USR03252,SES03252,browse,2025-10-20 12:36:02,Desktop,West,Email,Beauty,0.0,Yes
USR06138,SES06138,PURCHASE,2025-10-14 08:36:55,Desktop,West,Google Ads,Sports,1246.9,No
USR09847,SES09847,Browse,2025-10-20 13:06:40,Mobile,North,Organic,Home,,Yes
USR04790,SES04790,Browse,2025-10-31 10:21:44,Mobile,West,Organic,Beauty,0.0,Yes
USR08870,SES08870,Add to Cart,2025-10-29 23:15:21,Tablet,East,Google Ads,Sports,0.0,No
USR01440,SES01440,Checkout,2025-10-05 02:29:11,Desktop,,Social Media,Home,0.0,No
USR01394,SES01394,Checkout,2025-10-27 04:57:56,Desktop,North,Email,Sports,0.0,No
USR00378,SES00378,Browse,2025-10-22 19:21:07,Mobile,,Email  ,Beauty,0.0,Yes
USR04546,SES04546,Add to Cart,2025-10-09 22:06:21,Desktop,South,Organic,Beauty,0.0,No
USR01438,SES01438,ADD TO CART,2025-10-30 10:24:32,Tablet,East,Organic,Electronics,0.0,No
USR04198,SES04198,Browse,2025-10-23 16:16:03,Tablet,South,Google Ads,Fashion,0.0,Yes
USR00905,SES00905,Add to Cart,2025-10-24 17:41:35,Mobile,West,Social Media,Electronics,0.0,Yes
USR05398,SES05398,Add to Cart,2025-10-18 10:14:33,,East,Email,Sports,0.0,Yes
USR09819,SES09819,Add to Cart,2025-10-20 07:45:00,Tablet,South,Organic,Home,,Yes
USR03007,SES03007,Browse,2025-10-02 20:52:02,Mobile,East,Organic,Home,0.0,Yes
USR07858,SES07858,BROWSE,2025-10-26 16:59:42,Desktop,South,Social Media,Home,0.0,Yes
USR01509,SES01509,BROWSE,2025-10-19 13:10:27,Desktop,North,Email,Sports,0.0,Yes
USR08006,SES08006,Browse,2025-10-20 20:01:24,Tablet,South,Email,Sports,0.0,Yes
USR02250,SES02250,Browse,2025-10-27 11:58:50,Tablet,West,Email  ,Fashion,0.0,Yes
USR00971,SES00971,ADD TO CART,10/20/2025,Tablet,West,Social Media,Fashion,0.0,Yes
USR02519,SES02519,Browse,2025-10-30 09:12:53,Desktop,East,Email,Beauty,0.0,Yes
USR01080,SES01080,purchase,2025-10-23 15:22:35,,East,Google Ads  ,Fashion,1466.85,No
USR01841,SES01841,Add to Cart,10/20/2025,Desktop,South,Google Ads,Electronics,0.0,Yes
USR09821,SES09821,browse,2025-10-28 09:20:43,Desktop,West,Organic,Beauty,0.0,No
USR06290,SES06290,Add to Cart,2025-10-06 20:35:30,Tablet,East,Social Media,Beauty,0.0,No
USR00180,SES00180,Checkout,2025-10-27 01:43:18,Mobile,East,Organic  ,Home,0.0,Yes
USR03314,SES03314,browse,2025-10-04 17:22:11,Mobile,North,Email,Fashion,0.0,No
USR09685,SES09685,Browse,2025-10-09 23:06:58,Desktop,North,Social Media,Electronics,,Yes
USR06275,SES06275,add to cart,2025-10-06 23:01:48,Mobile,,Email  ,Fashion,,Yes
USR01256,SES01256,Add to Cart,2025-10-26 03:15:13,Desktop,North,Email  ,Beauty,0.0,Yes
USR06907,SES06907,Checkout,2025-10-24 11:04:01,Desktop,East,Google Ads,Home,0.0,Yes
USR09212,SES09212,Add to Cart,2025-10-31 00:21:19,,South,Social Media  ,Sports,0.0,Yes
USR06064,SES06064,Add to Cart,2025-10-15 10:07:26,Desktop,East,Google Ads  ,Beauty,0.0,Yes
USR02976,SES02976,BROWSE,2025-10-09 12:48:08,Desktop,,Organic,Sports,0.0,No
USR02103,SES02103,Add to Cart,2025-10-30 17:22:28,Desktop,West,Email,Electronics,0.0,Yes
USR02005,SES02005,Browse,2025-10-14 01:47:31,Mobile,South,Google Ads,Electronics,0.0,Yes
USR00332,SES00332,Checkout,2025-10-05 10:59:10,Mobile,East,Organic,Sports,,No
USR05441,SES05441,Browse,2025-10-18 18:10:04,Tablet,East,Organic,Beauty,0.0,Yes
USR06985,SES06985,Checkout,2025-10-25 14:26:41,Mobile,,Social Media,Home,0.0,Yes
USR03742,SES03742,add to cart,2025-10-02 07:09:10,Tablet,South,Social Media  ,Beauty,0.0,Yes
USR02821,SES02821,Checkout,2025-10-14 15:56:28,Desktop,West,Google Ads,Fashion,0.0,Yes
USR09188,SES09188,Browse,2025-10-17 02:23:00,Mobile,East,Google Ads,Beauty,0.0,Yes
USR03559,SES03559,Browse,2025-10-03 04:17:47,Mobile,South,Google Ads,Electronics,0.0,Yes
USR05493,SES05493,CHECKOUT,2025-10-09 21:40:23,Desktop,East,Google Ads,Sports,0.0,No
USR02805,SES02805,Add to Cart,2025-10-21 02:26:02,,East,Social Media,Beauty,0.0,No
USR03393,SES03393,Browse,2025-10-26 15:29:41,Mobile,East,Social Media,Fashion,0.0,Yes
USR01020,SES01020,Browse,2025-10-26 08:42:36,Mobile,East,Google Ads,Home,0.0,Yes
USR06874,SES06874,Browse,2025-10-18 11:40:41,Tablet,East,Google Ads  ,Fashion,0.0,Yes
USR04748,SES04748,Browse,10/20/2025,Tablet,South,Email,Home,0.0,Yes
USR05239,SES05239,BROWSE,2025-10-05 12:39:16,Tablet,East,Social Media,Beauty,0.0,No
USR07074,SES07074,Browse,2025-10-17 11:22:00,Desktop,North,Social Media,Electronics,0.0,Yes
USR02525,SES02525,add to cart,2025-10-11 03:47:15,Desktop,North,Google Ads,Beauty,0.0,Yes
USR08837,SES08837,Checkout,2025-10-22 00:11:14,,South,Email,Home,0.0,No
USR02778,SES02778,add to cart,2025-10-27 15:51:37,Mobile,West,Social Media,Electronics,0.0,Yes
USR06297,SES06297,Add to Cart,2025-10-12 21:12:43,,North,Social Media,Sports,0.0,Yes
USR01530,SES01530,Checkout,2025-10-25 16:52:29,,North,Social Media,Electronics,0.0,No
USR06001,SES06001,ADD TO CART,2025-10-28 02:18:48,Desktop,East,Google Ads,Fashion,0.0,Yes
USR02338,SES02338,Checkout,2025-10-27 10:39:18,Tablet,North,Organic,Sports,,Yes
USR01528,SES01528,Checkout,2025-10-08 09:35:34,Mobile,,Social Media,Home,0.0,Yes
USR04673,SES04673,Purchase,2025-10-03 01:45:15,,South,Google Ads,Sports,406.62,No
USR01485,SES01485,Add to Cart,2025-10-03 09:27:28,Mobile,West,Google Ads  ,Sports,0.0,Yes
USR09432,SES09432,Browse,2025-10-05 07:49:21,Desktop,East,Google Ads,Beauty,,Yes
USR03398,SES03398,add to cart,2025-10-24 19:31:39,,West,Social Media,Sports,0.0,Yes
USR02056,SES02056,Add to Cart,2025-10-30 00:02:36,Tablet,East,Google Ads,Beauty,0.0,Yes
USR03734,SES03734,Browse,2025-10-23 02:55:28,Tablet,North,Google Ads,Home,0.0,No
USR05035,SES05035,Purchase,2025-10-03 15:57:34,Tablet,East,Email  ,Electronics,243.24,No
USR06804,SES06804,browse,2025-10-10 00:02:37,Mobile,South,Email,Beauty,0.0,Yes
USR01947,SES01947,Checkout,2025-10-05 00:31:25,Tablet,North,Organic  ,Home,0.0,No
USR09031,SES09031,Checkout,2025-10-10 04:43:37,Mobile,South,Google Ads,Fashion,0.0,Yes
USR03889,SES03889,Add to Cart,2025-10-08 09:30:19,Mobile,,Email,Home,0.0,Yes
USR01206,SES01206,ADD TO CART,10/20/2025,Tablet,South,Email,Beauty,0.0,Yes
USR06617,SES06617,CHECKOUT,2025-10-28 17:00:41,,South,Social Media,Fashion,0.0,No
USR01808,SES01808,Purchase,2025-10-23 17:26:11,,East,Google Ads,Fashion,1773.64,No
USR09597,SES09597,Browse,2025-10-14 02:37:50,Mobile,South,Organic,Electronics,0.0,Yes
USR03354,SES03354,Add to Cart,2025-10-16 15:59:38,,West,Social Media,Electronics,0.0,Yes
USR00554,SES00554,Browse,2025-10-30 12:44:27,Mobile,North,Social Media,Beauty,0.0,Yes
USR02313,SES02313,Browse,2025-10-25 22:12:48,,North,Google Ads,Beauty,0.0,Yes
USR01022,SES01022,Add to Cart,10/20/2025,Tablet,North,Social Media,Home,,No
USR00101,SES00101,Browse,2025-10-16 04:11:54,,North,Organic,Home,0.0,Yes
USR06602,SES06602,BROWSE,2025-10-26 19:57:51,Desktop,North,Social Media,Home,999999.0,Yes
USR09061,SES09061,BROWSE,2025-10-08 02:32:06,Mobile,East,Email,Fashion,0.0,Yes
USR08189,SES08189,Browse,2025-10-25 07:15:38,Tablet,East,Social Media,Beauty,0.0,Yes
USR04190,SES04190,ADD TO CART,2025-10-30 15:33:34,Tablet,North,Social Media,Electronics,-99.99,Yes
USR03963,SES03963,ADD TO CART,2025-10-05 05:53:10,Mobile,East,Social Media,Electronics,0.0,Yes
USR03507,SES03507,Browse,2025-10-30 08:13:04,Desktop,East,Organic,Beauty,0.0,Yes
USR03079,SES03079,add to cart,2025-10-16 01:37:49,Tablet,North,Email,Sports,0.0,No
USR04368,SES04368,Browse,2025-10-26 20:45:55,Desktop,North,Social Media,Fashion,0.0,Yes
USR04428,SES04428,Browse,2025-10-10 12:03:46,Desktop,South,Email,Home,0.0,Yes
USR01129,SES01129,Browse,2025-10-01 20:03:04,Mobile,East,Email,Beauty,0.0,Yes
USR06865,SES06865,Browse,2025-10-12 08:41:12,Mobile,West,Google Ads,Home,0.0,Yes
USR09928,SES09928,Browse,2025-10-16 22:38:57,Mobile,East,Organic,Electronics,0.0,Yes
USR06239,SES06239,BROWSE,2025-10-05 02:35:48,Tablet,South,Email,Beauty,0.0,Yes
USR04283,SES04283,Browse,2025-10-17 20:41:06,Tablet,South,Google Ads,Fashion,0.0,Yes
USR06664,SES06664,Add to Cart,2025-10-06 06:11:15,Desktop,East,Email,Home,0.0,Yes
USR07219,SES07219,Browse,2025-10-16 22:03:14,Mobile,East,Social Media,Home,0.0,Yes
USR07942,SES07942,Browse,2025-10-12 19:38:13,Tablet,,Email,Sports,0.0,Yes
USR07678,SES07678,Browse,2025-10-08 15:37:47,Desktop,East,Organic,Beauty,0.0,No
USR02247,SES02247,add to cart,2025-10-12 17:42:14,Mobile,South,Social Media  ,Sports,0.0,No
USR00314,SES00314,Purchase,2025-10-04 05:55:28,Mobile,West,Email,Home,292.63,No
USR04028,SES04028,Add to Cart,2025-10-17 05:44:37,Mobile,East,Organic,Sports,0.0,Yes
USR01007,SES01007,Purchase,2025-10-28 13:43:26,Tablet,East,Google Ads,Fashion,1853.04,No
USR01600,SES01600,browse,2025-10-13 12:07:34,Mobile,West,Email,Fashion,0.0,Yes
USR06374,SES06374,Browse,2025-10-13 04:54:48,Desktop,East,Organic  ,Home,0.0,Yes
USR05208,SES05208,Add to Cart,2025-10-10 19:38:59,Mobile,South,Email,Sports,0.0,Yes
USR01978,SES01978,Browse,2025-10-29 06:11:32,Mobile,East,Organic,Home,0.0,Yes
USR07633,SES07633,Browse,2025-10-31 02:34:24,Tablet,West,Email,Fashion,0.0,Yes
USR00208,SES00208,browse,2025-10-19 06:15:53,Mobile,South,Social Media,Home,0.0,Yes
USR08195,SES08195,Add to Cart,2025-10-02 10:37:43,Tablet,North,Organic,Beauty,0.0,Yes
USR09177,SES09177,purchase,2025-10-07 07:09:45,Desktop,,Email,Electronics,,No
USR00267,SES00267,add to cart,2025-10-03 19:57:59,Desktop,North,Email,Sports,0.0,No
USR02970,SES02970,Add to Cart,2025-10-29 17:41:37,Tablet,North,Social Media,Fashion,0.0,Yes
USR08000,SES08000,Add to Cart,2025-10-25 08:00:57,Mobile,East,Social Media,Fashion,0.0,Yes
USR05284,SES05284,CHECKOUT,2025-10-19 10:47:46,Tablet,West,Organic,Fashion,0.0,No
USR08027,SES08027,ADD TO CART,2025-10-14 08:47:45,Mobile,North,Google Ads,Home,0.0,Yes
USR05514,SES05514,Browse,2025-10-09 15:51:42,Mobile,West,Google Ads  ,Sports,0.0,Yes
USR08513,SES08513,Add to Cart,2025-10-22 18:59:58,Desktop,North,Email,Fashion,0.0,Yes
USR08972,SES08972,Browse,2025-10-02 13:26:53,Tablet,West,Email,Sports,0.0,Yes
USR07808,SES07808,Add to Cart,2025-10-02 20:59:18,Mobile,South,Google Ads,Beauty,0.0,Yes
USR03664,SES03664,Browse,2025-10-05 21:41:50,Desktop,,Email,Beauty,0.0,No
USR01820,SES01820,Checkout,2025-10-08 09:19:10,Tablet,South,Social Media,Electronics,0.0,Yes
USR05480,SES05480,Checkout,2025-10-25 23:33:58,Tablet,South,Email,Beauty,0.0,No
USR01540,SES01540,Purchase,2025-10-09 01:37:25,Desktop,South,Organic,Electronics,494.2,No
USR04899,SES04899,browse,2025-10-22 00:38:54,Mobile,North,Organic,Electronics,,No
USR03719,SES03719,Checkout,2025-10-20 01:46:57,Mobile,East,Email,Home,0.0,Yes
USR03786,SES03786,Browse,2025-10-14 06:20:54,,South,Organic  ,Home,,Yes
USR03473,SES03473,ADD TO CART,2025-10-02 20:17:01,Tablet,West,Google Ads,Home,0.0,Yes
USR01582,SES01582,Browse,2025-10-05 10:06:34,Mobile,West,Organic,Sports,0.0,Yes
USR02506,SES02506,Browse,2025-10-15 05:52:07,Mobile,East,Google Ads,Sports,,Yes
USR08365,SES08365,Browse,2025-10-21 10:22:31,Mobile,South,Social Media,Fashion,0.0,Yes
USR03571,SES03571,Browse,2025-10-04 11:58:35,Mobile,North,Email,Sports,0.0,Yes
USR07638,SES07638,Add to Cart,2025-10-25 08:07:19,Tablet,East,Email  ,Home,,Yes
USR08252,SES08252,add to cart,2025-10-05 15:28:19,Mobile,West,Organic,Beauty,0.0,Yes
USR06377,SES06377,Browse,10/20/2025,Desktop,North,Email,Fashion,0.0,Yes
USR07547,SES07547,add to cart,2025-10-29 07:11:51,Desktop,,Social Media,Fashion,0.0,Yes
USR01903,SES01903,browse,2025-10-04 08:52:02,Tablet,North,Google Ads,Beauty,0.0,Yes
USR08713,SES08713,Browse,2025-10-30 15:36:59,Mobile,North,Organic,Electronics,0.0,Yes
USR08822,SES08822,Add to Cart,2025-10-24 09:54:27,Desktop,South,Email,Sports,,Yes
USR05553,SES05553,ADD TO CART,2025-10-12 08:41:39,,North,Email,Fashion,0.0,Yes
USR09568,SES09568,Browse,2025-10-29 03:32:44,Tablet,South,Google Ads,Home,0.0,Yes
USR06882,SES06882,add to cart,2025-10-19 16:46:49,Mobile,West,Email,Electronics,0.0,Yes
USR02810,SES02810,browse,2025-10-05 05:16:01,,,Google Ads,Sports,0.0,Yes
USR08081,SES08081,PURCHASE,2025-10-26 02:28:07,Mobile,South,Organic,Electronics,275.66,No
USR00156,SES00156,Add to Cart,2025-10-11 10:52:08,Tablet,East,Email  ,Beauty,0.0,Yes
USR07154,SES07154,Browse,2025-10-17 02:23:13,Mobile,,Social Media,Home,0.0,Yes
USR03863,SES03863,BROWSE,2025-10-06 06:20:10,Mobile,East,Social Media,Home,0.0,Yes
USR01628,SES01628,Browse,2025-10-13 21:45:21,Desktop,North,Social Media,Fashion,999999.0,Yes
USR02881,SES02881,Checkout,2025-10-20 22:22:17,Mobile,South,Email,Beauty,0.0,No
USR02177,SES02177,browse,2025-10-15 05:31:52,Tablet,,Email,Beauty,0.0,Yes
USR09844,SES09844,browse,2025-10-29 23:56:45,,South,Social Media,Electronics,0.0,Yes
USR09155,SES09155,Add to Cart,10/20/2025,Tablet,East,Email,Fashion,0.0,Yes
USR02198,SES02198,Browse,2025-10-07 16:22:40,Mobile,,Organic,Sports,0.0,Yes
USR00895,SES00895,add to cart,2025-10-19 14:01:26,Tablet,,Social Media  ,Fashion,0.0,Yes
USR03880,SES03880,Add to Cart,2025-10-08 23:02:26,Desktop,North,Organic,Fashion,0.0,Yes
USR06299,SES06299,Browse,2025-10-18 03:50:35,Mobile,North,Google Ads,Sports,0.0,Yes
USR07924,SES07924,BROWSE,10/20/2025,,East,Social Media,Sports,0.0,Yes
USR03210,SES03210,add to cart,2025-10-23 20:18:18,Mobile,East,Email,Fashion,0.0,Yes
USR09861,SES09861,Checkout,2025-10-24 09:19:41,Mobile,East,Email,Sports,0.0,Yes
USR00427,SES00427,Checkout,2025-10-12 16:22:48,Tablet,West,Google Ads,Home,0.0,Yes
USR01951,SES01951,Add to Cart,2025-10-13 21:12:58,Desktop,North,Google Ads,Home,0.0,No
USR07689,SES07689,browse,2025-10-10 20:15:12,Mobile,North,Organic,Fashion,0.0,Yes
USR07944,SES07944,Add to Cart,2025-10-23 04:49:59,Desktop,West,Social Media,Electronics,0.0,Yes
USR09285,SES09285,Add to Cart,2025-10-27 17:56:29,,South,Email,Sports,,Yes
USR01039,SES01039,BROWSE,2025-10-12 08:40:46,Desktop,South,Organic,Electronics,0.0,Yes
USR02730,SES02730,Browse,2025-10-18 08:46:25,Mobile,,Social Media,Electronics,0.0,Yes
USR06877,SES06877,add to cart,2025-10-18 21:17:25,Tablet,North,Email  ,Sports,0.0,Yes
USR05926,SES05926,add to cart,2025-10-26 19:12:49,Desktop,South,Organic,Fashion,0.0,Yes
USR08056,SES08056,add to cart,2025-10-31 19:02:46,Mobile,West,Email,Sports,,Yes
USR08073,SES08073,Browse,2025-10-16 10:03:11,Desktop,East,Organic,Fashion,,Yes
USR04599,SES04599,Browse,2025-10-06 19:57:04,Mobile,South,Google Ads,Electronics,0.0,Yes
USR09617,SES09617,Add to Cart,2025-10-06 16:32:49,Mobile,,Google Ads  ,Beauty,0.0,Yes
USR07064,SES07064,Add to Cart,2025-10-05 05:18:07,Desktop,North,Social Media,Sports,0.0,Yes
USR04711,SES04711,Add to Cart,2025-10-24 02:01:51,Tablet,North,Google Ads,Sports,0.0,Yes
USR02855,SES02855,Browse,2025-10-11 09:00:31,Desktop,North,Google Ads,Electronics,0.0,Yes
USR08981,SES08981,Browse,2025-10-02 01:35:04,Mobile,North,Social Media,Electronics,0.0,Yes
USR08127,SES08127,Browse,2025-10-04 01:35:48,Desktop,North,Google Ads,Fashion,0.0,Yes
USR07703,SES07703,CHECKOUT,2025-10-17 04:17:47,Tablet,North,Organic,Sports,0.0,No
USR02643,SES02643,add to cart,2025-10-31 05:12:50,Mobile,West,Google Ads,Fashion,0.0,Yes
USR00314,SES00314,checkout,2025-10-04 05:50:28,Desktop,South,Google Ads,Electronics,0.0,No
USR05742,SES05742,Browse,2025-10-04 08:43:37,Desktop,West,Social Media  ,Sports,,Yes
USR08199,SES08199,browse,2025-10-18 22:07:56,Mobile,North,Google Ads,Beauty,0.0,Yes
USR05382,SES05382,Browse,10/20/2025,Mobile,North,Google Ads,Fashion,0.0,Yes
USR04927,SES04927,ADD TO CART,2025-10-31 08:26:17,,East,Email,Beauty,0.0,Yes
USR01644,SES01644,browse,2025-10-18 18:35:24,Desktop,West,Google Ads,Sports,0.0,Yes
USR04113,SES04113,add to cart,2025-10-21 00:23:13,Desktop,South,Google Ads,Fashion,0.0,No
USR01328,SES01328,Purchase,2025-10-05 21:47:36,Mobile,,Email,Sports,1803.4,No
USR00735,SES00735,Add to Cart,2025-10-17 09:03:51,Desktop,West,Email,Beauty,0.0,Yes
USR02762,SES02762,Browse,2025-10-12 05:28:30,Tablet,North,Social Media,Home,0.0,Yes
USR05216,SES05216,Add to Cart,2025-10-12 17:44:10,Tablet,North,Organic,Beauty,0.0,Yes
USR09129,SES09129,add to cart,2025-10-31 16:32:08,Tablet,North,Social Media,Home,0.0,Yes
USR02774,SES02774,Add to Cart,2025-10-21 01:57:44,Tablet,East,Google Ads,Beauty,0.0,Yes
USR03504,SES03504,Add to Cart,2025-10-08 18:45:13,Desktop,South,Email,Electronics,0.0,Yes
USR02773,SES02773,Browse,2025-10-31 01:14:09,Tablet,East,Organic,Sports,0.0,Yes
USR06144,SES06144,BROWSE,2025-10-10 11:10:50,Tablet,,Social Media,Sports,0.0,Yes
USR01017,SES01017,Checkout,2025-10-04 01:41:28,Tablet,East,Google Ads,Fashion,0.0,Yes
USR09433,SES09433,BROWSE,2025-10-13 16:00:21,Mobile,West,Email,Sports,0.0,Yes
USR02172,SES02172,browse,2025-10-08 14:22:31,Mobile,North,Organic,Sports,0.0,Yes
USR08324,SES08324,Add to Cart,2025-10-19 13:45:14,Desktop,,Social Media,Sports,0.0,Yes
USR05663,SES05663,Add to Cart,2025-10-22 06:50:53,Mobile,West,Google Ads,Fashion,0.0,No
USR06797,SES06797,Browse,2025-10-25 15:10:35,,North,Google Ads,Electronics,0.0,No
USR03196,SES03196,checkout,2025-10-21 04:44:35,Desktop,,Google Ads,Fashion,0.0,Yes
USR05891,SES05891,Add to Cart,2025-10-08 09:36:32,Desktop,West,Email,Fashion,0.0,Yes
USR07366,SES07366,Browse,2025-10-30 06:47:17,Desktop,North,Google Ads,Home,0.0,Yes
USR01411,SES01411,Add to Cart,2025-10-18 15:01:46,Mobile,West,Organic,Electronics,0.0,Yes
USR00358,SES00358,Browse,2025-10-04 11:23:08,,West,Google Ads,Fashion,0.0,Yes
USR05754,SES05754,add to cart,2025-10-18 12:05:02,Tablet,North,Google Ads,Fashion,0.0,No
USR06468,SES06468,Browse,2025-10-02 02:13:17,Desktop,North,Email,Home,0.0,Yes
USR01920,SES01920,Add to Cart,2025-10-18 21:39:58,Desktop,,Google Ads,Electronics,0.0,Yes
USR06741,SES06741,browse,2025-10-25 11:10:03,Mobile,East,Social Media,Fashion,0.0,Yes
USR05271,SES05271,ADD TO CART,2025-10-08 08:34:03,Mobile,West,Social Media,Sports,0.0,Yes
USR06441,SES06441,Add to Cart,2025-10-02 10:13:33,Tablet,West,Social Media,Sports,,Yes
USR02052,SES02052,add to cart,2025-10-02 13:00:33,Mobile,North,Organic,Sports,0.0,Yes
USR02412,SES02412,Checkout,10/20/2025,Mobile,South,Google Ads,Electronics,0.0,Yes
USR03110,SES03110,Browse,2025-10-26 07:31:31,Mobile,North,Social Media,Beauty,0.0,Yes
USR00949,SES00949,Checkout,2025-10-10 22:10:14,Mobile,West,Social Media,Electronics,0.0,Yes
USR02712,SES02712,ADD TO CART,2025-10-09 05:00:10,Mobile,East,Google Ads,Electronics,0.0,Yes
USR00749,SES00749,Add to Cart,2025-10-07 09:47:43,Tablet,North,Email,Beauty,0.0,Yes
USR02882,SES02882,Add to Cart,2025-10-19 01:50:37,Mobile,,Social Media,Beauty,0.0,Yes
USR06038,SES06038,add to cart,2025-10-11 02:17:41,Desktop,North,Organic,Sports,,Yes
USR09601,SES09601,Browse,2025-10-07 15:41:22,Mobile,North,Social Media,Home,,Yes
USR04086,SES04086,ADD TO CART,2025-10-02 17:09:49,Tablet,East,Google Ads,Electronics,,Yes
USR02137,SES02137,CHECKOUT,2025-10-27 16:58:45,Tablet,West,Social Media,Beauty,0.0,Yes
USR03736,SES03736,Browse,2025-10-20 09:59:56,Mobile,North,Email,Fashion,0.0,Yes
USR02035,SES02035,Add to Cart,2025-10-28 00:31:31,Mobile,West,Organic,Home,0.0,Yes
USR06778,SES06778,Add to Cart,2025-10-28 15:51:11,Mobile,South,Organic,Electronics,0.0,Yes
USR01495,SES01495,Browse,2025-10-21 22:37:22,Desktop,East,Google Ads,Fashion,0.0,No
USR03670,SES03670,ADD TO CART,2025-10-21 15:16:42,Desktop,West,Google Ads,Electronics,0.0,Yes
USR01254,SES01254,Add to Cart,2025-10-28 07:11:39,Desktop,,Google Ads,Sports,0.0,Yes
USR04595,SES04595,Browse,2025-10-10 06:16:33,Desktop,South,Social Media,Electronics,0.0,Yes
USR09296,SES09296,Browse,10/20/2025,,East,Google Ads,Sports,0.0,Yes
USR08987,SES08987,Add to Cart,2025-10-03 07:52:15,Tablet,West,Organic,Home,0.0,Yes
USR04238,SES04238,add to cart,2025-10-07 12:11:44,,West,Google Ads,Beauty,0.0,Yes
USR04991,SES04991,ADD TO CART,2025-10-17 21:29:36,Mobile,West,Social Media,Home,0.0,Yes
USR00499,SES00499,ADD TO CART,2025-10-16 20:36:08,Tablet,South,Organic,Fashion,0.0,Yes
USR02939,SES02939,browse,2025-10-30 16:30:11,Mobile,West,Google Ads,Beauty,0.0,Yes
USR04120,SES04120,Checkout,2025-10-02 01:05:31,Desktop,West,Google Ads  ,Beauty,0.0,No
USR08721,SES08721,Browse,2025-10-21 10:17:45,Mobile,South,Google Ads,Home,0.0,Yes
USR06353,SES06353,Add to Cart,2025-10-29 00:37:43,Desktop,South,Email,Sports,0.0,No
USR09873,SES09873,Browse,2025-10-10 04:15:08,Mobile,South,Social Media,Fashion,0.0,Yes
USR01326,SES01326,Checkout,2025-10-06 03:33:19,Mobile,South,Email,Electronics,0.0,Yes
USR04403,SES04403,browse,2025-10-23 21:40:24,Tablet,West,Email  ,Sports,0.0,Yes
USR09149,SES09149,Checkout,2025-10-26 10:13:42,Desktop,East,Google Ads,Sports,0.0,Yes
USR02335,SES02335,Browse,2025-10-10 04:23:39,Mobile,East,Email,Sports,0.0,Yes
USR06343,SES06343,Browse,2025-10-16 10:24:22,Tablet,East,Organic,Sports,0.0,Yes
USR00022,SES00022,Checkout,2025-10-12 05:35:26,Tablet,West,Social Media  ,Electronics,,Yes
USR06751,SES06751,add to cart,2025-10-23 09:13:38,Mobile,West,Organic,Fashion,,No
USR09257,SES09257,browse,2025-10-18 21:39:10,Tablet,West,Email,Home,999999.0,Yes
USR08608,SES08608,Browse,2025-10-30 23:18:17,Desktop,,Email,Electronics,0.0,Yes
USR05929,SES05929,Add to Cart,2025-10-13 12:15:24,,South,Social Media,Sports,0.0,Yes
USR07406,SES07406,BROWSE,2025-10-20 14:35:50,,East,Organic  ,Sports,0.0,Yes
USR03384,SES03384,browse,2025-10-19 14:29:56,,East,Social Media,Sports,0.0,Yes
USR00927,SES00927,Browse,2025-10-05 01:41:35,Mobile,East,Organic,Electronics,0.0,Yes
USR01657,SES01657,Checkout,2025-10-06 01:33:51,,West,Social Media,Home,0.0,Yes
USR07892,SES07892,ADD TO CART,2025-10-02 06:56:45,Desktop,West,Email,Beauty,0.0,Yes
USR05654,SES05654,Browse,2025-10-26 09:37:57,Desktop,South,Organic,Electronics,0.0,Yes
USR09302,SES09302,purchase,2025-10-20 14:10:48,Tablet,South,Social Media,Home,409.24,No
USR01736,SES01736,Add to Cart,2025-10-16 19:39:09,Tablet,South,Organic,Home,0.0,Yes
USR00798,SES00798,Checkout,2025-10-26 08:03:42,Desktop,East,Social Media,Fashion,0.0,Yes
USR02345,SES02345,Browse,2025-10-21 18:41:55,Desktop,South,Organic,Fashion,0.0,Yes
USR09824,SES09824,Add to Cart,2025-10-06 13:20:10,Tablet,North,Organic,Electronics,0.0,Yes
USR00949,SES00949,Add to Cart,2025-10-10 22:08:14,Mobile,North,Email,Electronics,0.0,Yes
USR05587,SES05587,Browse,2025-10-17 10:36:41,Desktop,West,Organic,Home,0.0,Yes
USR05484,SES05484,Add to Cart,2025-10-26 05:28:18,Mobile,East,Social Media,Electronics,0.0,No
USR04901,SES04901,add to cart,2025-10-14 17:22:06,Tablet,North,Social Media,Electronics,0.0,Yes
USR08024,SES08024,browse,2025-10-15 07:38:35,Mobile,West,Social Media,Fashion,0.0,Yes
USR03710,SES03710,BROWSE,2025-10-15 23:29:15,Mobile,West,Email,Beauty,0.0,Yes
USR02206,SES02206,Purchase,2025-10-30 19:26:18,Mobile,North,Email,Fashion,1749.57,No
USR02526,SES02526,checkout,2025-10-19 00:18:56,Mobile,South,Google Ads,Beauty,0.0,Yes
USR09695,SES09695,Add to Cart,2025-10-14 09:40:13,Desktop,North,Organic,Sports,0.0,Yes
USR08250,SES08250,Browse,2025-10-24 06:43:38,Desktop,,Organic,Electronics,0.0,Yes
USR04727,SES04727,Browse,2025-10-15 13:56:51,Mobile,West,Social Media,Home,0.0,Yes
USR06045,SES06045,Browse,2025-10-08 20:05:42,Desktop,North,Organic,Home,0.0,No
USR02782,SES02782,checkout,2025-10-13 05:27:05,Desktop,South,Google Ads,Fashion,0.0,Yes
USR01038,SES01038,Checkout,2025-10-04 01:03:54,Mobile,South,Email,Sports,0.0,Yes
USR07254,SES07254,Checkout,2025-10-16 10:16:30,Mobile,East,Organic,Fashion,0.0,Yes
USR03469,SES03469,CHECKOUT,2025-10-18 20:55:59,Tablet,North,Social Media,Electronics,0.0,Yes
USR05943,SES05943,Add to Cart,2025-10-15 12:59:21,Desktop,West,Email  ,Electronics,0.0,Yes
USR08272,SES08272,Add to Cart,2025-10-07 11:02:47,Tablet,West,Organic,Sports,0.0,Yes
USR02891,SES02891,BROWSE,2025-10-12 03:28:39,Mobile,East,Social Media,Fashion,0.0,Yes
USR04772,SES04772,Browse,2025-10-30 23:40:47,Desktop,North,Email,Home,0.0,Yes
USR06132,SES06132,Browse,2025-10-30 01:38:12,,South,Email,Electronics,0.0,Yes
USR05060,SES05060,Browse,2025-10-17 13:09:34,Mobile,,Organic,Beauty,0.0,Yes
USR08445,SES08445,Purchase,2025-10-03 09:45:49,Desktop,South,Organic  ,Beauty,,No
USR02612,SES02612,Checkout,2025-10-23 16:18:36,Desktop,East,Organic,Electronics,0.0,No
USR08737,SES08737,Add to Cart,2025-10-12 03:30:06,,East,Social Media,Beauty,0.0,Yes
USR05361,SES05361,browse,2025-10-09 00:47:03,Desktop,West,Google Ads,Beauty,0.0,No
USR02657,SES02657,Browse,2025-10-19 15:43:38,Desktop,East,Email,Sports,0.0,Yes
USR08339,SES08339,Purchase,2025-10-12 16:29:41,Mobile,East,Social Media  ,Beauty,1380.99,No
USR01922,SES01922,Add to Cart,2025-10-18 19:02:46,Mobile,East,Organic  ,Electronics,0.0,Yes
USR05240,SES05240,Add to Cart,2025-10-04 23:13:57,Desktop,South,Google Ads,Home,0.0,Yes
USR08675,SES08675,Add to Cart,2025-10-27 10:14:30,Desktop,South,Organic,Home,0.0,Yes
USR03579,SES03579,Add to Cart,2025-10-13 17:41:08,Tablet,West,Google Ads,Sports,0.0,Yes
USR08494,SES08494,Browse,2025-10-06 16:20:27,Mobile,West,Google Ads,Home,,Yes
USR01348,SES01348,BROWSE,2025-10-05 16:59:03,Desktop,West,Email,Sports,0.0,Yes
USR00981,SES00981,Purchase,2025-10-15 19:18:28,Mobile,North,Social Media,Electronics,999999.0,No
USR07427,SES07427,Browse,2025-10-22 15:03:46,Mobile,,Social Media,Beauty,0.0,Yes
USR05132,SES05132,Add to Cart,2025-10-16 00:04:33,Tablet,West,Google Ads  ,Sports,0.0,No
USR06320,SES06320,ADD TO CART,2025-10-02 10:22:44,Desktop,East,Organic,Sports,0.0,Yes
USR09920,SES09920,Browse,2025-10-02 21:06:27,Mobile,West,Email  ,Electronics,0.0,Yes
USR02548,SES02548,Checkout,2025-10-13 15:58:55,,East,Organic,Fashion,0.0,No
USR06035,SES06035,browse,2025-10-26 12:45:15,,West,Email,Home,0.0,Yes
USR08483,SES08483,browse,2025-10-12 14:38:58,Tablet,South,Email,Beauty,0.0,Yes
USR00753,SES00753,Add to Cart,2025-10-25 10:43:38,Mobile,North,Google Ads,Beauty,0.0,Yes
USR06123,SES06123,Add to Cart,10/20/2025,Desktop,South,Organic  ,Sports,0.0,Yes
USR01108,SES01108,Add to Cart,2025-10-25 12:15:15,Mobile,North,Social Media  ,Sports,0.0,Yes
USR07736,SES07736,ADD TO CART,2025-10-22 15:28:22,Desktop,North,Email,Sports,0.0,Yes
USR07750,SES07750,Add to Cart,2025-10-13 09:43:53,Tablet,West,Social Media,Beauty,0.0,Yes
USR02822,SES02822,Checkout,2025-10-14 00:50:43,Tablet,North,Email,Home,,Yes
USR00025,SES00025,add to cart,2025-10-11 21:36:06,Tablet,North,Social Media,Beauty,0.0,Yes
USR03561,SES03561,Browse,2025-10-19 04:05:46,Desktop,North,Social Media,Sports,0.0,Yes
USR09817,SES09817,Add to Cart,2025-10-16 20:30:24,Tablet,South,Social Media,Beauty,0.0,Yes
USR01677,SES01677,browse,2025-10-28 21:06:28,Desktop,South,Social Media,Sports,0.0,Yes
USR07622,SES07622,browse,2025-10-15 01:30:17,Tablet,West,Email,Sports,0.0,Yes
USR08507,SES08507,BROWSE,2025-10-26 23:59:06,Mobile,East,Organic  ,Home,0.0,Yes
USR00436,SES00436,Add to Cart,2025-10-17 13:08:56,Mobile,West,Google Ads  ,Sports,0.0,Yes
USR04983,SES04983,Add to Cart,2025-10-30 17:33:59,,West,Organic,Home,0.0,Yes
USR03868,SES03868,Add to Cart,2025-10-25 04:25:00,Desktop,North,Google Ads,Beauty,0.0,Yes
USR04178,SES04178,ADD TO CART,2025-10-25 05:31:53,Desktop,East,Google Ads,Electronics,0.0,Yes
USR09638,SES09638,BROWSE,2025-10-25 01:19:28,,East,Email,Electronics,0.0,No
USR08577,SES08577,BROWSE,2025-10-07 12:52:56,Mobile,East,Email,Electronics,,Yes
USR06894,SES06894,CHECKOUT,2025-10-14 06:38:36,Tablet,North,Email  ,Home,0.0,Yes
USR01938,SES01938,BROWSE,2025-10-22 07:59:38,Tablet,South,Email,Fashion,0.0,Yes
USR00944,SES00944,Add to Cart,2025-10-06 03:48:37,,South,Email  ,Electronics,0.0,No
USR06521,SES06521,Browse,2025-10-04 23:50:07,Desktop,South,Google Ads  ,Sports,,Yes
USR06741,SES06741,Add to Cart,2025-10-25 11:14:03,Mobile,South,Organic,Sports,0.0,Yes
USR00122,SES00122,browse,10/20/2025,Mobile,North,Email,Fashion,0.0,Yes
USR07809,SES07809,add to cart,2025-10-13 16:20:04,Mobile,North,Google Ads,Home,0.0,Yes
USR07691,SES07691,Add to Cart,10/20/2025,Desktop,South,Social Media  ,Fashion,999999.0,Yes
USR04300,SES04300,Add to Cart,2025-10-10 22:24:18,Tablet,West,Google Ads,Fashion,0.0,Yes
USR09052,SES09052,Browse,2025-10-11 03:26:00,Mobile,North,Google Ads,Electronics,0.0,No
USR08423,SES08423,Browse,2025-10-15 03:34:40,Desktop,North,Social Media,Beauty,0.0,Yes
USR01388,SES01388,add to cart,2025-10-08 18:10:03,Tablet,North,Google Ads,Sports,0.0,No
USR06328,SES06328,ADD TO CART,2025-10-08 08:19:33,Mobile,North,Organic,Sports,,Yes
USR05791,SES05791,BROWSE,2025-10-26 07:27:23,Desktop,,Social Media,Home,0.0,Yes
USR05096,SES05096,Add to Cart,2025-10-30 02:34:52,Desktop,East,Email,Beauty,0.0,Yes
USR07430,SES07430,browse,10/20/2025,Desktop,North,Social Media,Sports,,Yes
USR04124,SES04124,Browse,2025-10-13 04:52:41,Mobile,West,Email,Sports,0.0,Yes
USR05407,SES05407,Browse,2025-10-12 02:53:16,Desktop,West,Email,Sports,0.0,Yes
USR04749,SES04749,Checkout,2025-10-10 10:42:40,Mobile,North,Social Media,Home,0.0,Yes
USR02771,SES02771,Add to Cart,10/20/2025,Mobile,,Organic,Fashion,0.0,Yes
USR03391,SES03391,ADD TO CART,2025-10-23 02:56:50,Mobile,West,Organic,Sports,0.0,Yes
USR06139,SES06139,BROWSE,2025-10-18 19:20:57,Tablet,North,Organic,Electronics,0.0,Yes
USR01025,SES01025,Add to Cart,2025-10-14 16:25:53,Tablet,South,Google Ads,Electronics,0.0,Yes
USR04029,SES04029,BROWSE,2025-10-08 22:39:31,,East,Email,Home,0.0,Yes
USR09583,SES09583,browse,2025-10-11 04:52:01,Mobile,South,Social Media,Electronics,0.0,Yes
USR00277,SES00277,Browse,2025-10-19 00:54:46,Desktop,,Google Ads  ,Beauty,0.0,Yes
USR07912,SES07912,browse,2025-10-02 11:50:05,Desktop,,Google Ads,Beauty,0.0,Yes
USR09884,SES09884,Checkout,2025-10-14 23:37:25,Mobile,West,Social Media,Sports,0.0,No
USR08472,SES08472,Add to Cart,2025-10-06 06:10:35,Mobile,,Organic,Fashion,,Yes
USR04576,SES04576,Add to Cart,2025-10-04 07:19:35,Desktop,East,Organic,Electronics,999999.0,Yes
USR08238,SES08238,Add to Cart,2025-10-04 23:13:34,Desktop,South,Email,Beauty,0.0,Yes
USR07595,SES07595,browse,2025-10-20 21:55:04,Desktop,,Email,Sports,0.0,Yes
USR09217,SES09217,BROWSE,2025-10-15 15:08:23,Mobile,South,Google Ads,Fashion,0.0,Yes
USR04733,SES04733,Add to Cart,2025-10-27 21:13:47,Mobile,West,Organic,Home,0.0,Yes
USR05800,SES05800,Browse,2025-10-23 17:27:14,Mobile,East,Organic,Sports,,Yes
USR06795,SES06795,Browse,2025-10-09 05:05:04,Mobile,East,Social Media,Electronics,0.0,Yes
USR00994,SES00994,Add to Cart,2025-10-19 09:36:45,Desktop,East,Email  ,Sports,0.0,No
USR09688,SES09688,Browse,2025-10-28 07:36:58,Desktop,West,Google Ads,Home,0.0,Yes
USR06143,SES06143,ADD TO CART,2025-10-30 09:42:21,Desktop,West,Email,Beauty,0.0,Yes
USR05215,SES05215,BROWSE,2025-10-29 17:45:31,Tablet,West,Email,Home,0.0,Yes
USR03419,SES03419,Add to Cart,2025-10-08 15:51:18,Mobile,East,Email,Fashion,0.0,Yes
USR03169,SES03169,BROWSE,2025-10-11 12:45:33,Tablet,South,Google Ads,Beauty,0.0,Yes
USR03189,SES03189,Browse,2025-10-15 19:53:18,Desktop,North,Email,Fashion,0.0,Yes
USR05121,SES05121,Add to Cart,2025-10-16 18:32:40,Desktop,East,Social Media  ,Electronics,0.0,Yes
USR05530,SES05530,CHECKOUT,2025-10-02 10:54:50,Mobile,South,Google Ads,Fashion,0.0,No
USR04674,SES04674,Add to Cart,2025-10-17 09:18:36,Mobile,North,Google Ads,Home,0.0,Yes
USR02187,SES02187,Browse,2025-10-16 19:15:48,Mobile,,Email,Electronics,0.0,Yes
USR07653,SES07653,Browse,2025-10-14 23:07:10,Desktop,East,Google Ads,Beauty,,Yes
USR04475,SES04475,Checkout,2025-10-11 11:01:57,Tablet,,Social Media,Sports,0.0,Yes
USR00677,SES00677,Browse,2025-10-10 13:10:52,Tablet,West,Google Ads  ,Electronics,0.0,No
USR08955,SES08955,Browse,2025-10-28 12:50:41,Desktop,South,Google Ads,Home,0.0,No
USR05138,SES05138,ADD TO CART,2025-10-05 09:05:03,Desktop,East,Google Ads,Home,0.0,No
USR08218,SES08218,Add to Cart,10/20/2025,Mobile,North,Email,Sports,0.0,Yes
USR01874,SES01874,Add to Cart,2025-10-09 23:21:26,Mobile,North,Email,Fashion,0.0,Yes
USR00500,SES00500,add to cart,2025-10-08 11:33:01,Desktop,North,Social Media,Sports,,Yes
USR03416,SES03416,Browse,2025-10-08 03:56:42,Mobile,West,Social Media,Electronics,0.0,Yes
USR00500,SES00500,Browse,2025-10-08 11:28:01,Mobile,West,Organic,Sports,0.0,Yes
USR05725,SES05725,Add to Cart,2025-10-11 16:49:04,Mobile,East,Google Ads,Electronics,0.0,Yes
USR03255,SES03255,Browse,2025-10-03 14:16:01,Mobile,East,Email,Fashion,0.0,Yes
USR06908,SES06908,Add to Cart,2025-10-05 16:57:34,Tablet,East,Email,Fashion,,No
USR01597,SES01597,Browse,2025-10-15 22:54:42,Mobile,North,Organic,Beauty,0.0,Yes
USR07297,SES07297,BROWSE,2025-10-20 21:45:38,Desktop,North,Organic,Sports,999999.0,Yes
USR03232,SES03232,Add to Cart,2025-10-03 21:13:54,Mobile,North,Social Media,Beauty,0.0,Yes
USR05885,SES05885,Checkout,2025-10-12 07:45:15,,East,Email,Home,0.0,No
USR08811,SES08811,Add to Cart,2025-10-28 21:29:12,Desktop,East,Email,Home,0.0,No
USR04695,SES04695,Browse,2025-10-03 12:13:41,Desktop,East,Social Media,Electronics,0.0,Yes
USR05768,SES05768,Add to Cart,2025-10-06 04:20:05,,North,Organic,Sports,0.0,Yes
USR08745,SES08745,Browse,2025-10-20 23:04:49,Tablet,West,Google Ads,Electronics,0.0,Yes
USR01350,SES01350,BROWSE,2025-10-30 17:35:34,Mobile,South,Social Media,Fashion,0.0,Yes
USR06762,SES06762,browse,2025-10-16 06:28:16,Desktop,North,Email,Electronics,0.0,Yes
USR06199,SES06199,Browse,2025-10-11 12:18:42,Mobile,West,Social Media,Sports,0.0,Yes
USR02861,SES02861,Add to Cart,2025-10-25 18:33:12,,South,Social Media,Sports,0.0,Yes
USR04758,SES04758,Add to Cart,2025-10-10 23:30:08,Desktop,East,Social Media,Electronics,0.0,Yes
USR06960,SES06960,Add to Cart,2025-10-12 22:34:20,Mobile,West,Organic,Fashion,0.0,Yes
USR09769,SES09769,Browse,2025-10-16 04:13:34,Tablet,West,Social Media,Electronics,0.0,Yes
USR03011,SES03011,Checkout,2025-10-04 01:50:35,Mobile,East,Google Ads,Sports,0.0,Yes
USR08590,SES08590,Add to Cart,2025-10-24 15:43:25,Mobile,East,Email,Home,-99.99,Yes
USR05733,SES05733,purchase,2025-10-05 06:18:12,Mobile,,Email,Fashion,,No
USR05519,SES05519,Browse,2025-10-02 05:45:32,Desktop,South,Social Media,Sports,0.0,Yes
USR09311,SES09311,Checkout,2025-10-13 07:24:43,Tablet,East,Google Ads,Electronics,0.0,Yes
USR09307,SES09307,Purchase,2025-10-10 05:24:30,,East,Email,Fashion,,No
USR01657,SES01657,Add to Cart,2025-10-06 01:30:51,Tablet,North,Social Media,Home,0.0,Yes
USR01164,SES01164,BROWSE,2025-10-20 05:34:23,Mobile,West,Organic,Electronics,0.0,Yes
USR05673,SES05673,ADD TO CART,2025-10-17 15:50:18,,West,Organic,Home,0.0,Yes
USR01171,SES01171,Browse,2025-10-07 09:18:50,Desktop,East,Email,Beauty,0.0,Yes
USR07048,SES07048,Checkout,2025-10-07 22:12:18,Mobile,East,Google Ads,Beauty,0.0,Yes
USR09746,SES09746,PURCHASE,2025-10-25 19:17:03,Desktop,East,Google Ads,Fashion,1779.44,No
USR05344,SES05344,browse,2025-10-28 13:57:10,Desktop,East,Google Ads,Fashion,0.0,Yes
USR03008,SES03008,BROWSE,2025-10-06 03:02:05,Desktop,West,Organic,Fashion,0.0,Yes
USR03827,SES03827,Browse,2025-10-21 10:20:36,Mobile,,Organic,Sports,0.0,Yes
USR02425,SES02425,Checkout,2025-10-12 20:09:58,Mobile,North,Google Ads,Beauty,0.0,Yes
USR05743,SES05743,Browse,2025-10-29 14:49:34,Tablet,West,Google Ads  ,Electronics,,Yes
USR03176,SES03176,Browse,2025-10-04 03:29:37,Tablet,West,Social Media,Sports,0.0,Yes
USR04454,SES04454,Browse,2025-10-14 21:30:11,Desktop,South,Email,Fashion,,Yes
USR05738,SES05738,PURCHASE,2025-10-13 12:16:04,Desktop,North,Organic,Sports,674.51,No
USR02121,SES02121,Browse,2025-10-27 11:06:50,Tablet,,Organic,Beauty,0.0,Yes
USR02482,SES02482,Browse,2025-10-19 12:14:50,Desktop,South,Email,Sports,0.0,Yes
USR02715,SES02715,add to cart,2025-10-16 05:47:55,Mobile,East,Google Ads  ,Electronics,0.0,Yes
USR00156,SES00156,Browse,2025-10-11 10:49:08,Tablet,West,Email,Electronics,0.0,Yes
USR02206,SES02206,Browse,2025-10-30 19:15:18,Desktop,West,Social Media,Sports,0.0,No
USR00247,SES00247,ADD TO CART,2025-10-04 00:55:18,,West,Organic,Fashion,0.0,Yes
USR07093,SES07093,BROWSE,2025-10-16 17:31:34,Tablet,East,Google Ads,Beauty,0.0,Yes
USR02075,SES02075,Add to Cart,2025-10-18 02:57:26,Tablet,West,Organic,Sports,0.0,Yes
USR09751,SES09751,Purchase,2025-10-19 00:13:39,Tablet,North,Email,Electronics,1102.31,No
USR03673,SES03673,add to cart,2025-10-03 16:10:19,Desktop,West,Organic,Sports,,Yes
USR05692,SES05692,Browse,2025-10-21 02:44:16,Mobile,East,Social Media,Electronics,,Yes
USR07143,SES07143,Add to Cart,2025-10-05 10:51:57,Mobile,East,Social Media,Beauty,0.0,Yes
USR09914,SES09914,browse,2025-10-04 16:22:43,,South,Email,Fashion,0.0,Yes
USR00132,SES00132,Browse,2025-10-30 18:25:36,Desktop,North,Google Ads,Beauty,0.0,Yes
USR08272,SES08272,Browse,2025-10-07 10:57:47,Tablet,East,Google Ads,Beauty,0.0,Yes
USR08367,SES08367,Browse,2025-10-17 04:44:30,Tablet,North,Organic,Beauty,0.0,Yes
USR01315,SES01315,BROWSE,2025-10-04 00:40:16,Tablet,,Google Ads,Beauty,0.0,Yes
USR08839,SES08839,Add to Cart,2025-10-27 14:01:09,,West,Email,Beauty,0.0,Yes
USR04141,SES04141,Browse,2025-10-09 21:25:23,Desktop,,Organic,Home,0.0,Yes
USR01113,SES01113,Browse,2025-10-30 01:37:28,Mobile,West,Organic,Fashion,0.0,Yes
USR04035,SES04035,ADD TO CART,10/20/2025,Tablet,North,Google Ads,Sports,0.0,Yes
USR06977,SES06977,Browse,2025-10-11 04:22:10,Mobile,East,Organic,Fashion,0.0,No
USR09161,SES09161,Checkout,2025-10-24 10:16:45,Mobile,North,Social Media,Home,0.0,No
USR06956,SES06956,CHECKOUT,2025-10-28 01:44:40,Tablet,South,Email,Beauty,0.0,Yes
USR06616,SES06616,Add to Cart,2025-10-13 17:15:25,Tablet,West,Social Media,Home,0.0,Yes
USR05225,SES05225,checkout,2025-10-22 07:37:35,Desktop,East,Social Media,Home,,Yes
USR06273,SES06273,Browse,2025-10-11 01:50:02,Desktop,East,Social Media,Home,0.0,No
USR02814,SES02814,BROWSE,2025-10-22 20:38:43,Desktop,South,Email,Fashion,0.0,Yes
USR04257,SES04257,Add to Cart,2025-10-26 06:28:20,Mobile,South,Organic,Sports,,Yes
USR00188,SES00188,add to cart,2025-10-22 00:25:03,Desktop,South,Email,Home,,Yes
USR09372,SES09372,add to cart,2025-10-03 02:55:20,,West,Google Ads,Fashion,0.0,Yes
USR02107,SES02107,checkout,2025-10-18 20:31:02,,West,Google Ads  ,Fashion,0.0,No
USR00619,SES00619,Browse,2025-10-19 10:38:20,Desktop,West,Google Ads,Electronics,0.0,Yes
USR05003,SES05003,Add to Cart,2025-10-27 09:56:10,Mobile,West,Social Media,Fashion,0.0,No
USR07250,SES07250,ADD TO CART,10/20/2025,Tablet,,Email,Fashion,0.0,Yes
USR04290,SES04290,ADD TO CART,2025-10-31 01:39:56,Desktop,South,Organic,Home,,Yes
USR09222,SES09222,Browse,2025-10-07 02:36:42,Tablet,South,Google Ads,Electronics,0.0,Yes
USR01804,SES01804,Add to Cart,2025-10-07 07:57:33,Mobile,South,Email,Beauty,-99.99,Yes
USR01031,SES01031,add to cart,2025-10-15 12:49:50,Tablet,East,Organic,Fashion,0.0,Yes
USR02202,SES02202,Browse,2025-10-09 18:17:43,Tablet,North,Social Media,Fashion,0.0,Yes
USR01109,SES01109,checkout,2025-10-22 21:12:24,Mobile,North,Social Media,Electronics,0.0,No
USR06863,SES06863,Add to Cart,2025-10-18 10:13:54,Desktop,North,Organic,Beauty,,Yes
USR05782,SES05782,Browse,2025-10-23 14:27:18,Mobile,North,Organic,Electronics,0.0,Yes
USR06875,SES06875,Purchase,2025-10-21 17:37:04,Desktop,South,Google Ads,Home,618.97,No
USR03985,SES03985,Add to Cart,2025-10-21 03:59:00,Desktop,South,Organic,Electronics,0.0,Yes
USR07052,SES07052,Add to Cart,2025-10-21 17:28:53,Tablet,West,Social Media,Sports,0.0,Yes
USR04632,SES04632,Browse,2025-10-04 04:11:58,Tablet,East,Google Ads,Electronics,0.0,Yes
USR03691,SES03691,Browse,2025-10-29 01:18:03,Desktop,South,Organic,Electronics,0.0,Yes
USR06359,SES06359,Add to Cart,2025-10-20 07:10:38,Mobile,North,Email,Home,0.0,Yes
USR03555,SES03555,Add to Cart,10/20/2025,Desktop,East,Email,Sports,,Yes
USR07545,SES07545,browse,2025-10-19 12:53:24,Desktop,East,Google Ads,Fashion,0.0,Yes
USR00593,SES00593,browse,10/20/2025,Tablet,South,Organic,Beauty,0.0,Yes
USR03133,SES03133,Checkout,2025-10-02 00:12:04,Mobile,North,Google Ads,Sports,0.0,Yes
USR00323,SES00323,Browse,2025-10-02 05:05:32,Desktop,South,Organic,Home,0.0,Yes
USR00998,SES00998,Browse,2025-10-06 21:55:07,Tablet,West,Organic,Fashion,,Yes
USR08510,SES08510,BROWSE,2025-10-07 21:38:11,Desktop,North,Google Ads,Sports,0.0,Yes
USR00932,SES00932,Browse,10/20/2025,,West,Social Media,Home,0.0,Yes
USR07948,SES07948,add to cart,2025-10-22 16:33:28,Mobile,North,Social Media,Beauty,0.0,No
USR08202,SES08202,Add to Cart,2025-10-08 03:33:44,Desktop,,Social Media,Beauty,0.0,Yes
USR02948,SES02948,Browse,2025-10-27 22:44:17,Tablet,South,Social Media,Electronics,0.0,Yes
USR04737,SES04737,Browse,2025-10-17 15:43:27,Desktop,West,Google Ads,Sports,0.0,No
USR01651,SES01651,Browse,2025-10-24 17:21:03,Mobile,East,Email,Fashion,0.0,Yes
USR04542,SES04542,Purchase,2025-10-09 12:00:40,Desktop,East,Email,Fashion,,No
USR06062,SES06062,Checkout,2025-10-07 03:29:15,Tablet,North,Google Ads,Sports,0.0,Yes
USR01385,SES01385,checkout,2025-10-25 20:27:17,Mobile,North,Google Ads,Home,0.0,Yes
USR04327,SES04327,BROWSE,2025-10-14 21:14:17,Mobile,West,Social Media,Electronics,0.0,Yes
USR07359,SES07359,checkout,2025-10-29 05:16:45,Desktop,West,Email,Beauty,0.0,Yes
USR03233,SES03233,CHECKOUT,2025-10-11 13:59:42,Desktop,East,Organic,Home,0.0,Yes
USR06140,SES06140,Browse,2025-10-04 18:31:35,,North,Social Media,Electronics,0.0,Yes
USR03929,SES03929,Browse,2025-10-23 12:26:22,Desktop,,Organic,Home,0.0,Yes
USR00969,SES00969,Add to Cart,2025-10-07 13:06:00,Desktop,South,Email,Sports,0.0,Yes
USR08079,SES08079,Browse,2025-10-10 22:05:44,Tablet,West,Google Ads,Sports,,No
USR04433,SES04433,Add to Cart,2025-10-23 02:07:14,Desktop,East,Social Media,Electronics,0.0,Yes
USR06555,SES06555,Browse,2025-10-16 18:54:24,Mobile,,Google Ads,Electronics,0.0,Yes
USR05639,SES05639,BROWSE,2025-10-24 15:30:55,Mobile,South,Email,Sports,0.0,Yes
USR08295,SES08295,Browse,10/20/2025,Desktop,West,Google Ads,Fashion,0.0,Yes
USR09922,SES09922,add to cart,2025-10-19 09:58:39,Desktop,South,Organic,Sports,0.0,Yes
USR02184,SES02184,Browse,2025-10-18 23:11:02,Mobile,West,Social Media  ,Sports,0.0,Yes
USR09830,SES09830,Add to Cart,2025-10-08 14:56:35,Tablet,North,Email,Electronics,0.0,Yes
USR09355,SES09355,add to cart,2025-10-03 08:52:40,Mobile,West,Email,Sports,0.0,Yes
USR09280,SES09280,Browse,2025-10-19 09:23:27,Desktop,South,Social Media,Fashion,0.0,Yes
USR07906,SES07906,CHECKOUT,2025-10-10 13:27:25,Tablet,South,Google Ads,Beauty,0.0,Yes
USR04312,SES04312,BROWSE,2025-10-12 12:56:11,Tablet,South,Email  ,Fashion,,Yes
USR07112,SES07112,CHECKOUT,2025-10-15 00:03:18,Mobile,East,Email,Beauty,0.0,No
USR09361,SES09361,Add to Cart,2025-10-08 08:14:35,Mobile,East,Google Ads,Electronics,,Yes
USR05000,SES05000,Add to Cart,2025-10-25 12:57:28,Tablet,,Organic,Fashion,0.0,Yes
USR05375,SES05375,CHECKOUT,2025-10-03 08:02:23,Tablet,West,Social Media,Fashion,0.0,Yes
USR06213,SES06213,BROWSE,2025-10-12 11:19:35,Tablet,South,Organic,Sports,0.0,Yes
USR02638,SES02638,browse,2025-10-25 07:27:32,Desktop,East,Organic,Fashion,0.0,Yes
USR07683,SES07683,Browse,2025-10-26 22:42:58,Mobile,West,Google Ads,Fashion,0.0,Yes
USR03427,SES03427,Browse,2025-10-11 12:22:23,Tablet,West,Google Ads,Home,0.0,Yes
USR01152,SES01152,Add to Cart,2025-10-30 07:06:51,Tablet,North,Email  ,Sports,0.0,Yes
USR02273,SES02273,Checkout,2025-10-05 01:06:01,Tablet,East,Email,Beauty,0.0,No
USR07938,SES07938,Checkout,2025-10-19 12:17:11,Tablet,West,Google Ads,Fashion,0.0,Yes
USR01237,SES01237,Add to Cart,2025-10-25 12:26:36,Tablet,West,Email,Electronics,0.0,Yes
USR03511,SES03511,Browse,2025-10-22 23:23:56,Desktop,,Google Ads  ,Fashion,0.0,Yes
USR05541,SES05541,checkout,2025-10-10 08:21:54,Mobile,North,Social Media,Beauty,0.0,No
USR07657,SES07657,add to cart,2025-10-18 03:45:01,Mobile,East,Email,Beauty,0.0,Yes
USR02679,SES02679,Add to Cart,2025-10-05 16:12:49,,South,Google Ads,Fashion,0.0,Yes
USR09435,SES09435,Browse,2025-10-06 15:51:29,,South,Organic,Electronics,0.0,Yes
USR06804,SES06804,add to cart,2025-10-10 00:06:37,Mobile,South,Email,Home,0.0,Yes
USR02652,SES02652,purchase,2025-10-08 04:42:16,Mobile,,Social Media,Beauty,212.33,No
USR04627,SES04627,Add to Cart,2025-10-23 02:19:32,,South,Email,Home,0.0,Yes
USR05414,SES05414,add to cart,2025-10-04 12:28:14,Mobile,North,Organic,Fashion,0.0,Yes
USR06077,SES06077,CHECKOUT,2025-10-31 15:22:53,Mobile,West,Organic,Home,-99.99,Yes
USR03867,SES03867,add to cart,2025-10-06 04:30:34,Tablet,East,Email,Electronics,0.0,No
USR08882,SES08882,Add to Cart,2025-10-22 07:10:06,Desktop,East,Email,Home,0.0,Yes
USR04721,SES04721,Add to Cart,2025-10-19 10:42:33,Desktop,,Email,Sports,0.0,Yes
USR03670,SES03670,BROWSE,2025-10-21 15:14:42,,South,Organic,Fashion,0.0,Yes
USR07433,SES07433,Browse,2025-10-08 11:10:31,Tablet,South,Google Ads,Electronics,0.0,Yes
USR01072,SES01072,Browse,2025-10-13 08:09:53,Tablet,South,Organic,Fashion,0.0,Yes
USR09529,SES09529,Checkout,2025-10-23 12:15:49,Desktop,West,Email,Home,0.0,No
USR09835,SES09835,Browse,10/20/2025,,North,Organic,Home,0.0,Yes
USR00219,SES00219,Add to Cart,2025-10-25 08:28:04,,East,Social Media,Home,0.0,No
USR08824,SES08824,ADD TO CART,2025-10-28 04:13:49,Mobile,West,Organic,Sports,,Yes
USR02866,SES02866,Browse,2025-10-07 23:41:47,Tablet,South,Email,Beauty,0.0,Yes
USR00294,SES00294,Add to Cart,2025-10-04 04:38:46,Desktop,South,Google Ads,Sports,0.0,No
USR09586,SES09586,Add to Cart,2025-10-28 15:54:34,Mobile,South,Email,Electronics,0.0,Yes
USR00392,SES00392,Browse,2025-10-25 23:37:26,Mobile,North,Organic,Fashion,0.0,Yes
USR00653,SES00653,Add to Cart,2025-10-24 22:35:01,Tablet,North,Organic,Beauty,0.0,Yes
USR00052,SES00052,Browse,2025-10-15 16:03:13,Mobile,East,Social Media,Home,0.0,Yes
USR03201,SES03201,Browse,2025-10-23 06:30:06,Tablet,,Social Media,Beauty,0.0,Yes
USR08422,SES08422,Add to Cart,2025-10-06 00:49:59,Desktop,,Organic,Beauty,0.0,Yes
USR02954,SES02954,Checkout,2025-10-18 03:10:49,Desktop,South,Organic,Home,0.0,Yes
USR02102,SES02102,Add to Cart,2025-10-10 20:53:35,Tablet,West,Email,Electronics,0.0,No
USR08227,SES08227,Add to Cart,2025-10-05 14:39:23,Mobile,South,Google Ads,Sports,0.0,Yes
USR04741,SES04741,BROWSE,2025-10-16 14:53:19,Tablet,West,Google Ads,Home,0.0,Yes
USR03503,SES03503,CHECKOUT,2025-10-23 10:36:14,Desktop,North,Social Media,Beauty,0.0,Yes
USR08129,SES08129,PURCHASE,2025-10-27 23:27:44,Mobile,West,Google Ads,Home,1789.51,No
USR09234,SES09234,CHECKOUT,2025-10-05 22:10:19,,South,Google Ads,Sports,0.0,Yes
USR00489,SES00489,Browse,2025-10-12 06:41:36,Desktop,,Organic  ,Electronics,0.0,Yes
USR09804,SES09804,Checkout,2025-10-15 15:55:22,Mobile,East,Social Media,Beauty,,Yes
USR08574,SES08574,browse,10/20/2025,Tablet,South,Organic,Electronics,0.0,No
USR02027,SES02027,ADD TO CART,2025-10-28 17:26:26,Mobile,,Email,Sports,0.0,Yes
USR05473,SES05473,add to cart,2025-10-18 04:25:34,Tablet,South,Organic,Electronics,0.0,Yes
USR02182,SES02182,Checkout,2025-10-17 15:14:54,Desktop,North,Social Media,Electronics,0.0,No
USR06896,SES06896,Browse,2025-10-03 15:47:26,Desktop,East,Organic,Home,0.0,Yes
USR08812,SES08812,Browse,2025-10-23 01:30:03,Tablet,East,Organic,Home,,Yes
USR01831,SES01831,Add to Cart,2025-10-07 11:04:42,Tablet,East,Google Ads,Electronics,0.0,No
USR00014,SES00014,Purchase,2025-10-30 17:25:50,Tablet,North,Social Media,Home,948.09,No
USR02412,SES02412,Browse,2025-10-14 22:16:45,Mobile,North,Google Ads,Home,0.0,Yes
USR02898,SES02898,Add to Cart,2025-10-26 01:04:04,Tablet,South,Social Media  ,Home,0.0,Yes
USR04989,SES04989,Browse,10/20/2025,Tablet,East,Email,Electronics,0.0,Yes
USR04671,SES04671,BROWSE,2025-10-18 23:44:03,Desktop,West,Email,Fashion,0.0,Yes
USR01733,SES01733,Browse,2025-10-06 17:52:22,,North,Email,Beauty,0.0,Yes
USR01652,SES01652,CHECKOUT,2025-10-30 10:11:12,Tablet,West,Google Ads,Fashion,0.0,Yes
USR06046,SES06046,Browse,2025-10-21 19:27:48,Mobile,South,Google Ads,Home,,Yes
USR04410,SES04410,Browse,2025-10-27 19:43:28,Tablet,North,Social Media,Sports,0.0,Yes
USR03760,SES03760,Add to Cart,2025-10-02 05:43:11,Tablet,North,Email,Beauty,0.0,Yes
USR04278,SES04278,Browse,2025-10-02 19:53:10,Tablet,East,Social Media,Sports,0.0,Yes
USR08117,SES08117,Checkout,2025-10-15 10:01:39,Tablet,West,Social Media,Fashion,0.0,No
USR08822,SES08822,browse,2025-10-24 09:52:27,,North,Social Media,Fashion,0.0,Yes
USR03769,SES03769,BROWSE,2025-10-02 14:26:53,Desktop,West,Organic,Home,0.0,No
USR06084,SES06084,Browse,2025-10-08 05:18:02,Tablet,North,Social Media,Electronics,0.0,Yes
USR01180,SES01180,Add to Cart,2025-10-30 16:44:24,Tablet,,Email,Fashion,0.0,Yes
USR08642,SES08642,Browse,2025-10-30 06:23:49,Mobile,West,Social Media,Electronics,0.0,No
USR08286,SES08286,browse,2025-10-17 21:07:34,Desktop,West,Email,Fashion,0.0,Yes
USR07954,SES07954,ADD TO CART,2025-10-26 07:19:08,Tablet,West,Social Media,Fashion,0.0,Yes
USR02930,SES02930,Browse,2025-10-20 12:29:22,,South,Social Media,Beauty,0.0,Yes
USR07288,SES07288,Add to Cart,2025-10-28 14:43:00,Mobile,West,Google Ads,Fashion,0.0,Yes
USR01235,SES01235,browse,2025-10-03 07:22:23,Mobile,North,Social Media,Fashion,0.0,Yes
USR09967,SES09967,Browse,2025-10-22 03:49:28,Mobile,North,Organic,Fashion,0.0,Yes
USR07621,SES07621,browse,2025-10-02 00:13:26,Mobile,,Google Ads,Electronics,0.0,Yes
USR08373,SES08373,add to cart,2025-10-19 06:11:03,Tablet,North,Social Media,Sports,0.0,Yes
USR08267,SES08267,checkout,2025-10-22 15:15:51,Desktop,North,Email,Home,0.0,No
USR07645,SES07645,ADD TO CART,2025-10-21 03:45:15,Tablet,West,Organic,Electronics,0.0,Yes
USR06768,SES06768,browse,2025-10-29 23:13:38,Desktop,West,Google Ads,Fashion,0.0,Yes
USR06770,SES06770,BROWSE,2025-10-15 23:03:57,Desktop,East,Organic,Electronics,0.0,Yes
USR05535,SES05535,CHECKOUT,2025-10-09 02:32:52,Desktop,North,Google Ads,Beauty,0.0,Yes
USR07475,SES07475,Add to Cart,2025-10-20 02:14:17,Mobile,East,Organic,Fashion,0.0,Yes
USR07602,SES07602,Browse,10/20/2025,,North,Google Ads  ,Home,0.0,No
USR09386,SES09386,Add to Cart,2025-10-29 22:37:50,Desktop,West,Google Ads  ,Home,0.0,No
USR02220,SES02220,Add to Cart,2025-10-15 19:56:44,,West,Organic,Beauty,0.0,Yes
USR01493,SES01493,Add to Cart,2025-10-07 15:36:23,Tablet,North,Email,Electronics,0.0,Yes
USR06272,SES06272,Browse,2025-10-18 06:48:03,Desktop,South,Email,Home,0.0,Yes
USR04112,SES04112,Browse,10/20/2025,,North,Social Media,Home,0.0,No
USR03591,SES03591,Browse,2025-10-21 10:14:41,Mobile,,Google Ads,Beauty,,Yes
USR06537,SES06537,browse,2025-10-07 02:46:30,Tablet,South,Google Ads,Home,0.0,Yes
USR08853,SES08853,checkout,2025-10-30 11:54:49,Desktop,West,Email,Electronics,,Yes
USR04095,SES04095,Add to Cart,2025-10-30 01:49:09,Mobile,,Organic,Home,0.0,Yes
USR08033,SES08033,add to cart,2025-10-07 02:59:47,Tablet,South,Organic,Beauty,0.0,Yes
USR07951,SES07951,Browse,2025-10-09 04:20:08,Desktop,West,Social Media,Electronics,0.0,Yes
USR04622,SES04622,Add to Cart,2025-10-19 08:00:50,Tablet,North,Organic,Beauty,0.0,Yes
USR06161,SES06161,ADD TO CART,2025-10-26 04:26:03,Desktop,South,Email,Fashion,0.0,Yes
USR00796,SES00796,Checkout,10/20/2025,Tablet,South,Google Ads,Beauty,0.0,No
USR03994,SES03994,Purchase,2025-10-27 14:15:25,Desktop,South,Social Media,Sports,1574.07,No
USR01273,SES01273,Add to Cart,2025-10-24 11:31:17,Tablet,East,Email,Fashion,-99.99,Yes
USR08803,SES08803,browse,2025-10-21 17:19:06,Mobile,North,Google Ads,Home,0.0,Yes
USR04536,SES04536,CHECKOUT,10/20/2025,,South,Google Ads,Fashion,,Yes
USR06342,SES06342,Browse,2025-10-06 18:26:15,Desktop,East,Google Ads,Home,0.0,Yes
USR08442,SES08442,Browse,2025-10-12 22:27:56,Mobile,,Social Media,Home,0.0,Yes
USR02776,SES02776,Add to Cart,2025-10-08 21:22:32,Tablet,South,Organic,Electronics,0.0,Yes
USR01157,SES01157,Checkout,2025-10-06 05:37:32,Desktop,West,Social Media,Home,0.0,Yes
USR04360,SES04360,BROWSE,2025-10-15 19:25:43,Mobile,East,Organic,Home,0.0,Yes
USR07234,SES07234,Browse,2025-10-05 23:16:12,Desktop,East,Google Ads  ,Electronics,0.0,Yes
USR07709,SES07709,ADD TO CART,2025-10-10 20:39:08,Tablet,South,Google Ads,Sports,,Yes
USR05643,SES05643,Browse,2025-10-26 04:01:16,Desktop,West,Google Ads,Sports,0.0,Yes
USR07369,SES07369,Browse,2025-10-10 20:54:30,Desktop,North,Email  ,Sports,0.0,Yes
USR05284,SES05284,browse,2025-10-19 10:41:46,Desktop,East,Organic,Fashion,0.0,No
USR02993,SES02993,Checkout,2025-10-18 10:27:56,Mobile,North,Google Ads,Electronics,-99.99,No
USR06743,SES06743,Browse,2025-10-09 04:07:41,Desktop,West,Google Ads,Electronics,0.0,Yes
USR00985,SES00985,Browse,2025-10-25 11:46:24,Desktop,North,Google Ads,Beauty,0.0,Yes
USR03129,SES03129,Add to Cart,2025-10-16 14:46:03,,South,Social Media,Fashion,0.0,Yes
USR07449,SES07449,Add to Cart,2025-10-06 22:36:50,Tablet,East,Email,Fashion,0.0,Yes
USR00457,SES00457,Browse,2025-10-14 05:06:21,Desktop,East,Email,Home,0.0,Yes
USR03126,SES03126,Browse,2025-10-10 11:59:48,Mobile,North,Google Ads,Beauty,0.0,Yes
USR01142,SES01142,Browse,2025-10-19 01:23:25,Mobile,East,Social Media,Electronics,0.0,Yes
USR00780,SES00780,Checkout,2025-10-16 12:45:19,Mobile,East,Organic  ,Fashion,,Yes
USR01454,SES01454,Browse,2025-10-25 16:33:42,Mobile,South,Social Media,Beauty,0.0,Yes
USR01038,SES01038,Add to Cart,2025-10-04 00:58:54,Desktop,South,Social Media,Electronics,0.0,Yes
USR00154,SES00154,Purchase,2025-10-25 10:37:37,,West,Social Media,Electronics,220.72,No
USR00096,SES00096,Browse,2025-10-20 16:29:51,Tablet,South,Organic,Fashion,0.0,Yes
USR01944,SES01944,Browse,2025-10-05 15:14:18,Mobile,East,Social Media,Electronics,0.0,Yes
USR08694,SES08694,Browse,2025-10-28 23:06:56,Desktop,West,Email,Beauty,0.0,Yes
USR07447,SES07447,Browse,2025-10-12 02:11:21,Desktop,East,Social Media,Beauty,0.0,Yes
USR01021,SES01021,Add to Cart,2025-10-20 04:26:16,Mobile,South,Google Ads,Sports,0.0,Yes
USR06187,SES06187,checkout,2025-10-20 14:29:35,,,Social Media,Beauty,0.0,Yes
USR07587,SES07587,Browse,2025-10-14 10:11:47,Tablet,West,Email,Beauty,0.0,Yes
USR05128,SES05128,BROWSE,2025-10-12 20:01:15,,East,Google Ads,Fashion,0.0,Yes
USR07596,SES07596,add to cart,10/20/2025,,South,Email  ,Home,0.0,No
USR01333,SES01333,Purchase,2025-10-31 10:00:57,Desktop,South,Email,Fashion,586.89,No
USR03443,SES03443,BROWSE,2025-10-22 12:16:53,Tablet,West,Google Ads,Fashion,0.0,Yes
USR05860,SES05860,Add to Cart,2025-10-01 23:39:30,Mobile,,Organic,Sports,0.0,No
USR04723,SES04723,ADD TO CART,2025-10-21 14:15:21,Mobile,,Email,Fashion,0.0,Yes
USR07644,SES07644,add to cart,2025-10-27 04:18:29,Desktop,South,Email,Beauty,,Yes
USR06330,SES06330,Add to Cart,2025-10-24 20:07:12,Tablet,,Organic,Sports,0.0,Yes
USR01286,SES01286,add to cart,2025-10-21 08:15:48,Tablet,,Email  ,Sports,0.0,Yes
USR09747,SES09747,Browse,2025-10-01 23:37:45,Mobile,,Organic,Home,0.0,Yes
USR09311,SES09311,BROWSE,2025-10-13 07:17:43,Tablet,East,Google Ads,Fashion,999999.0,Yes
USR06282,SES06282,ADD TO CART,2025-10-03 13:10:40,Tablet,North,Email,Fashion,0.0,Yes
USR09056,SES09056,add to cart,2025-10-22 20:30:39,Tablet,West,Google Ads,Beauty,0.0,Yes
USR02047,SES02047,BROWSE,2025-10-18 16:22:23,Desktop,South,Email,Electronics,0.0,Yes
USR05877,SES05877,Browse,2025-10-13 16:31:04,Desktop,South,Organic,Fashion,0.0,Yes
USR04279,SES04279,Add to Cart,2025-10-06 19:33:33,,South,Social Media,Sports,0.0,Yes
USR02333,SES02333,browse,2025-10-09 08:38:16,Tablet,North,Organic,Sports,0.0,No
USR05632,SES05632,checkout,2025-10-15 18:53:27,Mobile,South,Google Ads,Electronics,0.0,No
USR01001,SES01001,Add to Cart,2025-10-27 15:59:04,Tablet,East,Organic,Sports,0.0,Yes
USR04336,SES04336,Browse,2025-10-26 06:01:22,Tablet,East,Google Ads,Home,0.0,Yes
USR02642,SES02642,Add to Cart,2025-10-17 21:07:31,Mobile,West,Organic,Fashion,0.0,Yes
USR01181,SES01181,Browse,2025-10-16 17:53:23,Tablet,West,Google Ads,Electronics,0.0,Yes
USR03022,SES03022,add to cart,10/20/2025,Tablet,North,Social Media,Beauty,0.0,No
USR06800,SES06800,Add to Cart,2025-10-09 22:22:19,Tablet,South,Email,Beauty,0.0,Yes
USR04915,SES04915,BROWSE,2025-10-14 11:14:18,Tablet,South,Email,Sports,0.0,Yes
USR00689,SES00689,Browse,2025-10-05 15:02:19,Desktop,East,Organic,Electronics,999999.0,Yes
USR02794,SES02794,checkout,2025-10-20 17:51:27,Mobile,South,Email,Beauty,0.0,No
USR06675,SES06675,ADD TO CART,2025-10-02 10:15:50,Tablet,West,Social Media,Sports,,Yes
USR03556,SES03556,Browse,2025-10-08 22:48:18,Desktop,North,Organic,Sports,0.0,Yes
USR05779,SES05779,Add to Cart,2025-10-15 14:32:13,Mobile,East,Social Media,Fashion,0.0,Yes
USR04951,SES04951,add to cart,2025-10-11 19:53:49,,,Social Media,Fashion,0.0,Yes
USR05309,SES05309,add to cart,2025-10-07 04:03:02,Mobile,,Social Media,Home,0.0,Yes
USR02787,SES02787,Browse,2025-10-08 04:27:31,Desktop,West,Social Media,Electronics,0.0,Yes
USR00781,SES00781,Browse,2025-10-07 12:44:31,Desktop,North,Email,Electronics,0.0,Yes
USR08804,SES08804,BROWSE,2025-10-11 16:16:12,Mobile,South,Organic,Home,0.0,Yes
USR02145,SES02145,Checkout,2025-10-02 10:40:21,Tablet,East,Organic,Fashion,0.0,No
USR03675,SES03675,Add to Cart,2025-10-19 21:56:40,Tablet,South,Google Ads  ,Home,0.0,Yes
USR09615,SES09615,BROWSE,2025-10-03 23:50:26,Mobile,West,Email,Electronics,0.0,Yes
USR03927,SES03927,browse,2025-10-26 03:20:21,Tablet,West,Google Ads  ,Beauty,0.0,Yes
USR08392,SES08392,ADD TO CART,2025-10-03 02:15:07,Desktop,East,Google Ads,Electronics,0.0,Yes
USR07872,SES07872,BROWSE,2025-10-01 20:20:10,Tablet,,Email,Fashion,0.0,Yes
USR07592,SES07592,Add to Cart,2025-10-27 17:02:07,Desktop,East,Email,Electronics,0.0,No
USR07898,SES07898,Browse,2025-10-20 23:57:25,Tablet,,Social Media  ,Sports,,Yes
USR06846,SES06846,Add to Cart,2025-10-31 11:19:56,Tablet,North,Social Media,Home,0.0,Yes
USR06268,SES06268,BROWSE,10/20/2025,Desktop,North,Email,Sports,0.0,Yes
USR00796,SES00796,Browse,10/20/2025,Mobile,West,Social Media,Sports,0.0,No
USR04131,SES04131,Checkout,2025-10-17 01:01:05,Mobile,West,Social Media,Sports,0.0,Yes
USR02103,SES02103,Checkout,2025-10-30 17:24:28,Mobile,,Google Ads,Beauty,0.0,Yes
USR02568,SES02568,Add to Cart,2025-10-09 14:23:43,Desktop,East,Organic,Fashion,0.0,Yes
USR00583,SES00583,PURCHASE,2025-10-14 03:26:32,Tablet,,Social Media,Electronics,1980.42,No
USR05717,SES05717,Purchase,10/20/2025,Mobile,North,Google Ads,Sports,372.08,No
USR07571,SES07571,BROWSE,2025-10-16 02:54:05,Tablet,North,Google Ads,Electronics,0.0,Yes
USR08011,SES08011,checkout,2025-10-05 16:33:07,Desktop,North,Google Ads,Electronics,0.0,Yes
USR00383,SES00383,Browse,2025-10-23 05:34:46,Desktop,West,Email,Home,0.0,Yes
USR02619,SES02619,Browse,2025-10-14 04:01:02,Tablet,North,Google Ads,Electronics,0.0,Yes
USR09888,SES09888,BROWSE,2025-10-02 22:29:50,Tablet,East,Email,Fashion,0.0,Yes
USR05496,SES05496,browse,2025-10-16 08:39:10,Tablet,East,Google Ads,Electronics,999999.0,Yes
USR09052,SES09052,purchase,2025-10-11 03:36:00,,South,Google Ads,Home,1361.2,No
USR03667,SES03667,browse,2025-10-18 17:06:45,Mobile,South,Email,Electronics,0.0,Yes
USR09555,SES09555,BROWSE,2025-10-15 06:34:43,Tablet,,Email,Electronics,0.0,No
USR07644,SES07644,browse,2025-10-27 04:15:29,Desktop,South,Organic,Home,0.0,Yes
USR05207,SES05207,Browse,2025-10-15 10:32:59,Mobile,West,Google Ads,Electronics,0.0,Yes
USR06098,SES06098,ADD TO CART,2025-10-04 02:12:32,Tablet,East,Email,Sports,0.0,Yes
USR09947,SES09947,Purchase,2025-10-24 06:04:08,Tablet,West,Social Media  ,Fashion,1746.38,No
USR08120,SES08120,Browse,2025-10-17 08:46:46,Mobile,North,Social Media,Home,0.0,Yes
USR07768,SES07768,Browse,2025-10-13 01:14:49,Desktop,North,Social Media,Fashion,,Yes
USR01524,SES01524,Add to Cart,2025-10-17 04:46:50,Mobile,North,Social Media,Beauty,0.0,Yes
USR09767,SES09767,Browse,2025-10-19 08:43:01,Tablet,South,Email,Beauty,0.0,Yes
USR06532,SES06532,Browse,2025-10-30 11:10:55,Mobile,South,Google Ads,Fashion,0.0,Yes
USR04722,SES04722,Browse,2025-10-26 09:26:35,Mobile,East,Email,Electronics,0.0,Yes
USR04715,SES04715,ADD TO CART,2025-10-20 07:57:10,Mobile,South,Google Ads,Sports,0.0,Yes
USR01267,SES01267,BROWSE,2025-10-07 02:34:37,Desktop,West,Google Ads  ,Fashion,0.0,Yes
USR00565,SES00565,Browse,2025-10-22 20:57:40,Desktop,East,Organic,Home,0.0,No
USR08528,SES08528,Browse,2025-10-05 07:51:57,Mobile,South,Organic,Beauty,0.0,Yes
USR03390,SES03390,add to cart,2025-10-14 15:28:09,Mobile,South,Email,Home,0.0,Yes
USR07413,SES07413,Browse,2025-10-05 16:02:21,Mobile,West,Organic  ,Electronics,0.0,No
USR02767,SES02767,BROWSE,2025-10-11 10:54:08,Mobile,North,Organic,Beauty,0.0,No
USR04029,SES04029,Add to Cart,2025-10-08 22:44:31,Tablet,,Organic,Beauty,0.0,Yes
USR01239,SES01239,Browse,2025-10-16 22:01:51,Mobile,East,Google Ads,Sports,0.0,Yes
USR07983,SES07983,ADD TO CART,2025-10-13 11:22:55,Desktop,West,Organic,Sports,0.0,Yes
USR05578,SES05578,Checkout,2025-10-25 08:42:56,Tablet,South,Social Media,Sports,0.0,Yes
USR05406,SES05406,Add to Cart,2025-10-10 16:04:22,Mobile,East,Google Ads,Home,0.0,No
USR09006,SES09006,Add to Cart,2025-10-25 10:34:23,Desktop,North,Google Ads,Fashion,,Yes
USR02424,SES02424,ADD TO CART,2025-10-06 22:53:21,Tablet,West,Organic,Beauty,0.0,Yes
USR03836,SES03836,Checkout,2025-10-03 09:02:47,Desktop,,Organic,Fashion,0.0,Yes
USR02018,SES02018,ADD TO CART,2025-10-18 22:17:40,Desktop,North,Google Ads,Home,0.0,Yes
USR07939,SES07939,Browse,2025-10-20 21:29:12,Desktop,West,Email,Electronics,0.0,Yes
USR08400,SES08400,Browse,2025-10-28 10:58:23,Mobile,West,Google Ads,Electronics,0.0,Yes
USR04939,SES04939,browse,2025-10-24 12:10:42,Desktop,West,Google Ads,Sports,0.0,Yes
USR05132,SES05132,purchase,2025-10-16 00:12:33,Tablet,West,Email,Home,918.61,No
USR07803,SES07803,Browse,10/20/2025,Mobile,West,Email,Fashion,0.0,Yes
USR04306,SES04306,browse,2025-10-26 12:29:44,Tablet,West,Google Ads,Beauty,,Yes
USR05054,SES05054,Purchase,2025-10-15 01:58:13,Mobile,South,Organic,Fashion,1265.98,No
USR05717,SES05717,CHECKOUT,2025-10-10 17:51:32,Desktop,East,Organic  ,Beauty,0.0,No
USR08298,SES08298,Add to Cart,10/20/2025,Mobile,North,Google Ads,Sports,0.0,Yes
USR05552,SES05552,Checkout,10/20/2025,,South,Email,Electronics,0.0,Yes
USR08680,SES08680,add to cart,2025-10-30 02:15:13,Mobile,East,Email,Sports,0.0,Yes
USR03345,SES03345,Add to Cart,2025-10-18 19:50:53,Tablet,West,Google Ads,Electronics,0.0,Yes
USR08505,SES08505,Browse,2025-10-15 15:15:36,Mobile,,Social Media,Sports,0.0,Yes
USR01947,SES01947,Browse,2025-10-05 00:24:25,Tablet,East,Social Media,Home,0.0,No
USR03778,SES03778,Browse,2025-10-08 12:26:45,Tablet,South,Social Media,Fashion,0.0,Yes
USR07651,SES07651,add to cart,2025-10-21 16:38:54,Tablet,East,Google Ads,Beauty,0.0,Yes
USR02946,SES02946,Add to Cart,2025-10-12 17:28:02,Tablet,West,Organic,Home,0.0,Yes
USR03829,SES03829,Checkout,2025-10-16 20:21:36,Mobile,North,Email  ,Home,999999.0,Yes
USR02116,SES02116,Browse,2025-10-17 05:29:48,Mobile,,Google Ads,Fashion,0.0,Yes
USR03117,SES03117,ADD TO CART,10/20/2025,Desktop,South,Social Media,Home,0.0,Yes
USR09028,SES09028,Add to Cart,2025-10-07 13:43:09,Tablet,East,Google Ads,Sports,0.0,Yes
USR08380,SES08380,Add to Cart,2025-10-03 16:03:37,Tablet,East,Organic,Sports,0.0,Yes
USR03341,SES03341,ADD TO CART,2025-10-08 17:14:08,Tablet,West,Email,Fashion,,Yes
USR09379,SES09379,add to cart,2025-10-30 19:31:56,Desktop,North,Google Ads,Sports,0.0,Yes
USR04705,SES04705,Browse,2025-10-25 10:40:41,Mobile,North,Email,Beauty,,Yes
USR04411,SES04411,Add to Cart,2025-10-22 23:10:09,Mobile,East,Email,Electronics,0.0,Yes
USR05005,SES05005,Add to Cart,2025-10-12 18:08:18,,,Email,Beauty,0.0,Yes
USR06093,SES06093,Checkout,2025-10-14 21:03:43,Desktop,North,Social Media,Sports,0.0,Yes
USR03035,SES03035,Add to Cart,2025-10-29 03:36:19,Desktop,West,Email,Electronics,0.0,Yes
USR00912,SES00912,Browse,2025-10-30 20:54:58,Mobile,East,Social Media,Fashion,0.0,Yes
USR02665,SES02665,Checkout,2025-10-29 02:00:17,Desktop,West,Organic  ,Home,0.0,Yes
USR00257,SES00257,Browse,2025-10-18 09:20:02,Desktop,West,Organic,Electronics,0.0,Yes
USR08203,SES08203,Browse,2025-10-30 01:30:37,,North,Email  ,Home,0.0,Yes
USR03185,SES03185,browse,2025-10-15 05:27:07,Desktop,South,Google Ads  ,Sports,0.0,No
USR07201,SES07201,Checkout,2025-10-03 23:56:20,Mobile,East,Google Ads,Home,0.0,Yes
USR06698,SES06698,Browse,2025-10-05 02:53:51,Mobile,South,Google Ads,Home,999999.0,Yes
USR06693,SES06693,ADD TO CART,2025-10-03 04:21:06,Desktop,North,Social Media  ,Beauty,0.0,Yes
USR00514,SES00514,Browse,2025-10-29 14:20:43,,South,Social Media,Sports,0.0,Yes
USR07639,SES07639,Browse,2025-10-24 17:27:24,Desktop,South,Google Ads  ,Beauty,0.0,Yes
USR04160,SES04160,Add to Cart,10/20/2025,Desktop,South,Organic,Electronics,,Yes
USR02957,SES02957,Add to Cart,2025-10-20 15:25:58,Desktop,South,Email,Sports,0.0,Yes
USR04909,SES04909,BROWSE,2025-10-28 14:50:30,Mobile,South,Email,Home,0.0,Yes
USR02697,SES02697,Browse,2025-10-04 00:29:57,Tablet,East,Organic,Home,0.0,Yes
USR03162,SES03162,Add to Cart,2025-10-07 06:07:20,Mobile,South,Email,Electronics,0.0,Yes
USR08099,SES08099,checkout,2025-10-28 00:04:27,Tablet,West,Organic,Beauty,0.0,Yes
USR02535,SES02535,browse,2025-10-30 05:56:57,Desktop,East,Google Ads,Fashion,0.0,Yes
USR00113,SES00113,Browse,2025-10-30 06:54:52,Desktop,South,Organic,Fashion,0.0,Yes
USR07330,SES07330,BROWSE,2025-10-28 20:12:34,Mobile,West,Google Ads,Electronics,0.0,Yes
USR04545,SES04545,Browse,2025-10-08 21:33:55,Tablet,East,Email,Fashion,0.0,Yes
USR02978,SES02978,add to cart,2025-10-20 04:34:11,Tablet,East,Email  ,Electronics,0.0,Yes
USR01426,SES01426,browse,10/20/2025,Desktop,East,Google Ads,Sports,,No
USR01456,SES01456,browse,2025-10-06 19:49:10,Desktop,West,Google Ads,Electronics,0.0,Yes
USR05661,SES05661,Checkout,2025-10-28 13:21:44,Tablet,West,Email  ,Fashion,0.0,Yes
USR00987,SES00987,Browse,2025-10-08 04:41:39,Mobile,West,Organic,Electronics,0.0,Yes
USR07077,SES07077,checkout,2025-10-11 11:37:37,Tablet,North,Social Media,Fashion,0.0,No
USR00612,SES00612,Add to Cart,2025-10-26 00:49:51,Desktop,West,Google Ads,Fashion,,Yes
USR07820,SES07820,CHECKOUT,2025-10-30 07:06:51,Mobile,East,Google Ads,Home,0.0,No
USR01079,SES01079,ADD TO CART,2025-10-18 20:37:05,Mobile,North,Social Media,Home,0.0,Yes
USR07475,SES07475,Add to Cart,2025-10-20 02:14:17,Mobile,East,Organic,Fashion,0.0,Yes
USR03061,SES03061,BROWSE,2025-10-19 18:59:23,Mobile,North,Social Media,Sports,0.0,Yes
USR06654,SES06654,Browse,2025-10-07 18:57:56,Mobile,South,Google Ads  ,Home,0.0,Yes
USR04084,SES04084,add to cart,2025-10-29 03:30:34,Desktop,South,Email,Fashion,0.0,Yes
USR00497,SES00497,BROWSE,2025-10-13 08:10:41,Desktop,,Google Ads,Fashion,0.0,Yes
USR07489,SES07489,browse,2025-10-15 00:03:08,Desktop,South,Social Media,Home,0.0,Yes
USR06467,SES06467,Checkout,2025-10-09 06:49:17,Mobile,North,Social Media,Home,,Yes
USR01219,SES01219,Browse,2025-10-17 22:01:50,Desktop,South,Organic,Fashion,0.0,Yes
USR01876,SES01876,Browse,2025-10-05 20:03:21,Mobile,West,Email,Electronics,,Yes
USR06651,SES06651,Browse,2025-10-02 20:51:49,Mobile,South,Email,Beauty,0.0,Yes
USR04353,SES04353,Browse,2025-10-10 14:40:09,Mobile,East,Google Ads,Beauty,0.0,No
USR04559,SES04559,Add to Cart,2025-10-14 03:56:56,Tablet,South,Organic  ,Sports,0.0,Yes
USR02481,SES02481,Browse,2025-10-30 02:49:38,Tablet,West,Google Ads,Fashion,0.0,Yes
USR02641,SES02641,Checkout,2025-10-09 14:01:24,Tablet,North,Organic,Beauty,0.0,Yes
USR01269,SES01269,Add to Cart,10/20/2025,Mobile,West,Social Media,Fashion,0.0,Yes
USR03373,SES03373,add to cart,2025-10-12 06:08:17,Mobile,South,Email,Sports,0.0,Yes
USR01271,SES01271,Browse,2025-10-26 18:12:11,Tablet,East,Google Ads  ,Beauty,0.0,Yes
USR09724,SES09724,BROWSE,2025-10-17 15:50:47,Tablet,West,Google Ads,Beauty,0.0,No
USR08886,SES08886,Add to Cart,2025-10-12 14:54:54,Desktop,West,Organic,Beauty,0.0,Yes
USR03546,SES03546,browse,2025-10-28 10:29:10,Tablet,North,Google Ads,Home,0.0,Yes
USR04059,SES04059,Browse,2025-10-09 04:53:07,Mobile,East,Email,Home,0.0,Yes
USR09705,SES09705,Browse,2025-10-21 02:01:53,Desktop,East,Email,Beauty,0.0,Yes
USR07739,SES07739,Add to Cart,2025-10-04 10:12:23,Desktop,,Email,Home,0.0,Yes
USR05326,SES05326,browse,2025-10-18 00:23:12,Desktop,South,Google Ads,Fashion,0.0,No
USR07884,SES07884,browse,2025-10-18 07:37:40,Mobile,North,Organic,Electronics,0.0,Yes
USR03801,SES03801,Add to Cart,2025-10-17 17:10:16,Desktop,South,Email,Sports,0.0,Yes
USR00061,SES00061,Browse,2025-10-02 19:18:58,,,Social Media,Beauty,0.0,Yes
USR07132,SES07132,Browse,2025-10-22 20:58:18,Tablet,South,Google Ads,Beauty,0.0,Yes
USR00430,SES00430,Browse,2025-10-28 23:54:47,Mobile,North,Organic,Fashion,0.0,Yes
USR00142,SES00142,ADD TO CART,2025-10-29 03:02:13,Mobile,North,Organic,Home,0.0,Yes
USR07235,SES07235,BROWSE,2025-10-03 02:31:43,Desktop,North,Organic,Home,0.0,Yes
USR04196,SES04196,CHECKOUT,2025-10-06 08:42:27,Desktop,West,Email  ,Fashion,0.0,Yes
USR05934,SES05934,Browse,2025-10-03 19:09:56,,,Google Ads,Sports,0.0,Yes
USR02988,SES02988,Checkout,10/20/2025,,South,Email,Home,0.0,Yes
USR09634,SES09634,Browse,2025-10-14 15:37:14,Desktop,South,Organic,Electronics,0.0,Yes
USR04266,SES04266,Browse,2025-10-17 23:58:35,Tablet,South,Google Ads,Electronics,0.0,Yes
USR02951,SES02951,add to cart,10/20/2025,Desktop,South,Organic,Fashion,0.0,Yes
USR02822,SES02822,Browse,2025-10-14 00:41:43,Mobile,East,Organic,Electronics,0.0,Yes
USR09936,SES09936,Checkout,2025-10-18 08:39:53,Desktop,West,Google Ads,Beauty,0.0,Yes
USR06097,SES06097,Browse,2025-10-09 19:19:17,Mobile,West,Social Media,Fashion,0.0,No
USR08139,SES08139,Checkout,2025-10-05 04:01:16,Tablet,,Google Ads,Beauty,,No
USR03503,SES03503,ADD TO CART,2025-10-23 10:34:14,Mobile,East,Organic  ,Home,-99.99,Yes
USR01904,SES01904,Checkout,2025-10-11 10:06:37,Desktop,West,Social Media,Sports,,Yes
USR02550,SES02550,ADD TO CART,2025-10-29 13:24:08,,North,Google Ads,Sports,0.0,Yes
USR09005,SES09005,Add to Cart,2025-10-16 07:42:49,Tablet,East,Organic,Fashion,0.0,No
USR03353,SES03353,Add to Cart,2025-10-30 17:56:16,Mobile,South,Organic,Beauty,0.0,Yes
USR01779,SES01779,browse,2025-10-03 09:17:19,,South,Google Ads,Sports,0.0,Yes
USR07248,SES07248,Add to Cart,2025-10-29 06:49:29,Desktop,,Email,Fashion,0.0,Yes
USR02527,SES02527,Browse,2025-10-20 15:04:37,Desktop,South,Organic,Fashion,0.0,Yes
USR08052,SES08052,Add to Cart,2025-10-21 04:10:08,Mobile,East,Email  ,Fashion,0.0,No
USR09154,SES09154,Purchase,2025-10-12 08:38:51,Desktop,South,Email,Electronics,999.21,No
USR03199,SES03199,Checkout,2025-10-08 20:14:18,Tablet,East,Social Media,Sports,0.0,Yes
USR01587,SES01587,Browse,2025-10-01 20:07:04,Desktop,West,Social Media  ,Fashion,0.0,Yes
USR09088,SES09088,BROWSE,2025-10-08 21:13:19,Desktop,South,Social Media,Fashion,0.0,Yes
USR00149,SES00149,Checkout,2025-10-05 14:15:35,Mobile,,Social Media,Home,0.0,Yes
USR09690,SES09690,Checkout,2025-10-22 01:50:11,Tablet,East,Social Media,Fashion,0.0,No
USR02019,SES02019,browse,2025-10-07 11:47:28,Desktop,South,Social Media,Sports,0.0,Yes
USR05367,SES05367,Browse,2025-10-13 00:03:11,,East,Email,Electronics,0.0,Yes
USR01652,SES01652,Checkout,10/20/2025,Tablet,West,Google Ads,Fashion,0.0,Yes
USR03106,SES03106,BROWSE,2025-10-25 04:50:44,Mobile,South,Google Ads,Electronics,,Yes
USR05250,SES05250,Add to Cart,2025-10-19 17:01:44,Desktop,East,Organic,Electronics,0.0,Yes
USR04959,SES04959,add to cart,2025-10-17 18:10:10,Tablet,South,Google Ads,Home,-99.99,No
USR09339,SES09339,Browse,2025-10-04 21:54:22,Tablet,West,Google Ads,Home,0.0,Yes
USR06175,SES06175,Add to Cart,2025-10-19 15:06:50,Desktop,South,Social Media,Electronics,0.0,Yes
USR05279,SES05279,Add to Cart,2025-10-09 10:37:13,Tablet,West,Email,Home,0.0,Yes
USR02376,SES02376,Browse,2025-10-23 22:16:59,,,Google Ads,Fashion,0.0,No
USR08585,SES08585,Checkout,10/20/2025,Mobile,,Organic  ,Electronics,,Yes
USR04232,SES04232,Checkout,2025-10-14 09:51:26,Mobile,South,Email,Sports,0.0,Yes
USR01604,SES01604,Browse,2025-10-19 20:50:01,,South,Social Media,Electronics,,Yes
USR08102,SES08102,Add to Cart,2025-10-15 16:49:50,Desktop,West,Email,Fashion,,Yes
USR05534,SES05534,browse,2025-10-12 15:38:17,Desktop,East,Social Media,Fashion,0.0,Yes
USR05005,SES05005,Checkout,2025-10-12 18:10:18,Tablet,West,Organic,Electronics,0.0,Yes
USR01870,SES01870,Checkout,2025-10-21 21:53:47,Desktop,West,Social Media,Electronics,0.0,Yes
USR06302,SES06302,Add to Cart,2025-10-09 23:35:30,Desktop,South,Email,Sports,0.0,Yes
USR02977,SES02977,browse,2025-10-02 19:23:24,Desktop,West,Social Media,Beauty,0.0,No
USR04799,SES04799,Add to Cart,2025-10-08 12:58:10,,North,Email,Fashion,0.0,Yes
USR02045,SES02045,Browse,2025-10-29 10:34:44,Tablet,East,Organic,Fashion,0.0,Yes
USR00703,SES00703,BROWSE,10/20/2025,Tablet,East,Social Media,Sports,0.0,Yes
USR09392,SES09392,Browse,2025-10-12 11:57:02,Mobile,North,Organic,Beauty,0.0,Yes
USR06477,SES06477,Browse,2025-10-14 13:32:37,Tablet,,Email,Home,0.0,Yes
USR00432,SES00432,Checkout,2025-10-11 23:02:02,Tablet,North,Email,Fashion,0.0,Yes
USR00254,SES00254,Add to Cart,2025-10-04 12:30:26,Mobile,South,Organic,Fashion,0.0,Yes
USR02217,SES02217,Add to Cart,2025-10-31 10:20:37,Mobile,North,Organic,Home,0.0,No
USR05335,SES05335,Add to Cart,2025-10-30 20:54:50,Tablet,East,Email,Beauty,0.0,No
USR07767,SES07767,checkout,2025-10-14 06:13:44,Mobile,South,Organic,Beauty,0.0,No
USR03602,SES03602,Browse,2025-10-12 03:04:32,,West,Organic,Electronics,0.0,Yes
USR05163,SES05163,Purchase,2025-10-22 20:31:52,Mobile,South,Google Ads,Sports,-99.99,No
USR01888,SES01888,Add to Cart,2025-10-08 01:56:19,Tablet,East,Organic,Home,0.0,Yes
USR04357,SES04357,BROWSE,2025-10-29 01:32:26,Tablet,East,Google Ads,Sports,0.0,Yes
USR08936,SES08936,Add to Cart,2025-10-28 19:08:13,Mobile,East,Social Media,Fashion,0.0,Yes
USR02894,SES02894,Purchase,2025-10-05 03:39:23,Mobile,South,Social Media,Fashion,,No
USR04657,SES04657,Add to Cart,2025-10-07 23:17:02,Tablet,West,Organic,Sports,0.0,Yes
USR05539,SES05539,Browse,2025-10-11 23:22:03,Tablet,West,Organic,Fashion,0.0,Yes
USR06227,SES06227,Browse,2025-10-06 17:48:14,Tablet,East,Social Media  ,Fashion,0.0,Yes
USR07923,SES07923,Add to Cart,2025-10-09 22:59:47,Mobile,North,Social Media,Beauty,0.0,Yes
USR03051,SES03051,Add to Cart,2025-10-19 11:35:02,Desktop,West,Organic,Fashion,0.0,Yes
USR00409,SES00409,Add to Cart,2025-10-13 08:33:12,Desktop,West,Email,Sports,,Yes
USR07901,SES07901,ADD TO CART,2025-10-08 02:01:44,Mobile,North,Google Ads,Beauty,0.0,Yes
USR06062,SES06062,ADD TO CART,2025-10-07 03:25:15,Tablet,South,Email,Electronics,0.0,Yes
USR04857,SES04857,browse,2025-10-23 17:44:55,,West,Email,Home,0.0,Yes
USR01069,SES01069,Browse,2025-10-05 20:30:31,Mobile,North,Email,Electronics,,No
USR07955,SES07955,BROWSE,2025-10-27 19:37:29,Tablet,North,Google Ads,Electronics,0.0,Yes
USR08937,SES08937,Browse,2025-10-10 06:43:30,Mobile,East,Organic,Electronics,0.0,Yes
USR05097,SES05097,Add to Cart,2025-10-13 08:03:32,,North,Email,Fashion,0.0,Yes
USR01781,SES01781,Checkout,2025-10-11 08:22:10,Mobile,,Email,Electronics,0.0,Yes
USR09649,SES09649,browse,2025-10-18 13:10:47,Mobile,East,Google Ads,Home,,Yes
USR01537,SES01537,Add to Cart,10/20/2025,Desktop,West,Organic  ,Home,0.0,Yes
USR02883,SES02883,BROWSE,2025-10-06 06:12:53,Tablet,South,Email,Beauty,0.0,Yes
USR03947,SES03947,BROWSE,2025-10-31 05:21:01,Mobile,North,Organic,Home,0.0,Yes
USR05040,SES05040,Add to Cart,2025-10-17 10:38:15,Desktop,South,Email,Beauty,0.0,Yes
USR04107,SES04107,Add to Cart,2025-10-25 02:15:52,Tablet,South,Google Ads,Sports,0.0,Yes
USR06534,SES06534,Browse,2025-10-26 05:30:09,Mobile,South,Social Media,Electronics,0.0,Yes
USR08029,SES08029,browse,2025-10-15 17:37:28,Desktop,North,Social Media,Electronics,0.0,Yes
USR07338,SES07338,Browse,2025-10-30 11:37:10,Mobile,North,Google Ads,Electronics,0.0,Yes
USR05998,SES05998,Browse,2025-10-08 07:37:29,Tablet,West,Email,Sports,0.0,Yes
USR08772,SES08772,Browse,2025-10-09 12:14:48,Desktop,North,Email,Sports,0.0,No
USR05874,SES05874,Add to Cart,2025-10-10 20:44:15,,South,Google Ads,Home,0.0,Yes
USR08597,SES08597,Browse,2025-10-12 02:50:25,Mobile,West,Email,Electronics,0.0,Yes
USR09568,SES09568,Add to Cart,2025-10-29 03:36:44,Mobile,East,Organic,Home,0.0,Yes
USR01360,SES01360,Browse,2025-10-21 13:13:07,Mobile,,Google Ads,Fashion,0.0,Yes
USR04425,SES04425,Browse,10/20/2025,Mobile,West,Email,Beauty,0.0,No
USR00673,SES00673,Checkout,2025-10-27 15:21:46,Mobile,East,Organic,Beauty,0.0,Yes
USR07824,SES07824,Checkout,2025-10-06 00:57:11,Desktop,South,Email,Sports,0.0,No
USR02941,SES02941,Purchase,10/20/2025,Tablet,South,Social Media,Beauty,1510.66,No
USR06125,SES06125,checkout,2025-10-26 01:00:37,Mobile,East,Google Ads,Electronics,0.0,No
USR03588,SES03588,ADD TO CART,2025-10-23 14:59:32,Tablet,West,Social Media,Sports,,Yes
USR06540,SES06540,BROWSE,2025-10-06 21:30:07,Tablet,North,Organic  ,Electronics,0.0,No
USR08021,SES08021,Browse,2025-10-09 01:31:20,,South,Organic,Fashion,0.0,Yes
USR05754,SES05754,Browse,2025-10-18 12:02:02,Desktop,North,Email,Sports,0.0,No
USR02218,SES02218,Add to Cart,2025-10-06 21:29:02,,North,Google Ads,Beauty,0.0,Yes
USR00208,SES00208,Add to Cart,2025-10-19 06:19:53,Tablet,South,Email,Fashion,0.0,Yes
USR03459,SES03459,Browse,2025-10-20 01:19:39,Tablet,South,Email,Home,999999.0,Yes
USR05345,SES05345,Browse,2025-10-11 19:17:49,Mobile,South,Google Ads,Electronics,0.0,Yes
USR05767,SES05767,checkout,2025-10-30 16:23:55,Mobile,North,Organic,Fashion,0.0,Yes
USR08515,SES08515,Browse,10/20/2025,,West,Google Ads,Electronics,0.0,Yes
USR06946,SES06946,Add to Cart,2025-10-03 16:29:19,Tablet,West,Email,Sports,,Yes
USR02762,SES02762,Add to Cart,2025-10-12 05:32:30,Tablet,South,Email,Fashion,0.0,Yes
USR00606,SES00606,Checkout,2025-10-02 02:53:58,Tablet,West,Social Media,Electronics,0.0,Yes
USR02491,SES02491,Checkout,2025-10-28 14:15:41,Mobile,North,Organic,Beauty,0.0,Yes
USR02262,SES02262,ADD TO CART,10/20/2025,,North,Organic,Home,0.0,Yes
USR04625,SES04625,BROWSE,2025-10-20 18:31:08,Tablet,South,Email,Fashion,0.0,Yes
USR07575,SES07575,ADD TO CART,2025-10-11 15:42:21,Desktop,West,Email,Home,0.0,Yes
USR05220,SES05220,Browse,2025-10-05 16:04:53,Desktop,South,Google Ads,Home,0.0,Yes
USR07929,SES07929,Checkout,2025-10-06 10:37:36,Desktop,North,Google Ads,Home,0.0,Yes
USR08402,SES08402,Checkout,2025-10-23 09:29:49,Desktop,North,Google Ads,Sports,0.0,No
USR03496,SES03496,Add to Cart,2025-10-12 03:34:35,Mobile,North,Organic,Electronics,0.0,Yes
USR08459,SES08459,browse,2025-10-03 14:34:12,Tablet,West,Social Media,Sports,0.0,Yes
USR01620,SES01620,browse,2025-10-28 11:57:45,Mobile,South,Social Media,Sports,0.0,Yes
USR04354,SES04354,CHECKOUT,2025-10-19 11:00:37,,South,Email,Fashion,0.0,Yes
USR07971,SES07971,Add to Cart,2025-10-05 04:40:27,Mobile,South,Organic,Sports,0.0,Yes
USR09090,SES09090,Add to Cart,2025-10-29 10:03:18,Mobile,North,Organic,Beauty,0.0,Yes
USR02828,SES02828,Browse,2025-10-18 05:49:46,Tablet,South,Google Ads,Sports,0.0,Yes
USR07013,SES07013,Add to Cart,2025-10-24 01:30:56,Desktop,East,Organic,Beauty,0.0,Yes
USR09566,SES09566,Checkout,2025-10-28 14:33:08,Tablet,North,Social Media,Fashion,,Yes
USR07117,SES07117,BROWSE,2025-10-18 06:30:27,Mobile,North,Organic,Beauty,0.0,Yes
USR08526,SES08526,CHECKOUT,2025-10-15 11:35:32,Mobile,,Email,Fashion,0.0,Yes
USR02380,SES02380,checkout,2025-10-18 20:51:03,Desktop,West,Google Ads  ,Fashion,0.0,Yes
USR07592,SES07592,BROWSE,2025-10-27 16:57:07,Desktop,,Social Media,Fashion,0.0,No
USR01263,SES01263,Add to Cart,2025-10-20 13:39:17,Desktop,North,Social Media,Beauty,0.0,Yes
USR04144,SES04144,Checkout,2025-10-06 19:09:23,Tablet,East,Google Ads,Home,0.0,No
USR00736,SES00736,Add to Cart,2025-10-15 18:03:55,Tablet,North,Organic,Sports,0.0,Yes
USR07437,SES07437,Browse,2025-10-19 20:04:20,Mobile,East,Email,Beauty,0.0,Yes
USR06444,SES06444,Browse,2025-10-26 02:55:07,Desktop,North,Email,Home,0.0,Yes
USR01603,SES01603,Add to Cart,2025-10-23 08:32:25,Desktop,South,Google Ads,Beauty,0.0,Yes
USR08311,SES08311,ADD TO CART,2025-10-20 23:49:46,Tablet,North,Social Media,Fashion,0.0,Yes
USR03504,SES03504,Checkout,10/20/2025,Tablet,North,Email,Sports,0.0,Yes
USR01088,SES01088,Browse,10/20/2025,Desktop,North,Social Media,Electronics,0.0,Yes
USR01747,SES01747,Add to Cart,2025-10-21 17:22:07,Tablet,East,Google Ads,Fashion,0.0,Yes
USR09266,SES09266,checkout,2025-10-05 00:17:37,Desktop,South,Google Ads,Sports,0.0,Yes
USR05575,SES05575,CHECKOUT,2025-10-08 11:10:48,Mobile,South,Email,Electronics,999999.0,Yes
USR01724,SES01724,Checkout,2025-10-11 18:57:37,Mobile,West,Social Media,Home,0.0,Yes
USR03062,SES03062,Browse,2025-10-03 02:33:36,Desktop,North,Email,Electronics,0.0,Yes
USR08873,SES08873,BROWSE,2025-10-13 11:18:33,Mobile,North,Organic,Fashion,-99.99,Yes
USR00267,SES00267,ADD TO CART,2025-10-03 19:57:59,Desktop,North,Email,Sports,0.0,No
USR06911,SES06911,ADD TO CART,2025-10-13 17:24:13,Tablet,South,Organic,Electronics,0.0,Yes
USR05364,SES05364,Add to Cart,2025-10-30 01:59:05,Mobile,West,Email,Electronics,0.0,Yes
USR00297,SES00297,Add to Cart,2025-10-31 17:31:44,Tablet,South,Social Media,Sports,0.0,Yes
USR06156,SES06156,Browse,2025-10-14 18:00:55,,,Organic,Sports,0.0,No
USR07826,SES07826,Browse,10/20/2025,Mobile,North,Google Ads,Fashion,,Yes
USR06210,SES06210,Browse,2025-10-16 02:38:12,Desktop,South,Organic,Electronics,0.0,Yes
USR04497,SES04497,browse,2025-10-25 13:39:33,Desktop,,Google Ads,Electronics,0.0,Yes
USR06138,SES06138,purchase,2025-10-14 08:36:55,Desktop,West,Google Ads,Sports,1246.9,No
USR09277,SES09277,Browse,2025-10-03 10:27:33,Tablet,South,Social Media,Fashion,0.0,No
USR02924,SES02924,ADD TO CART,2025-10-11 09:35:14,Mobile,East,Google Ads,Sports,,Yes
USR02960,SES02960,ADD TO CART,2025-10-06 12:58:07,,East,Email,Sports,0.0,Yes
USR00626,SES00626,Add to Cart,2025-10-01 20:16:57,Desktop,North,Google Ads,Beauty,0.0,Yes
USR04022,SES04022,ADD TO CART,2025-10-30 16:40:43,Tablet,North,Organic,Electronics,0.0,Yes
USR03155,SES03155,Browse,2025-10-03 12:20:27,Desktop,West,Google Ads  ,Sports,,Yes
USR06043,SES06043,Browse,2025-10-02 13:56:15,Desktop,West,Google Ads,Beauty,0.0,Yes
USR08779,SES08779,Browse,2025-10-17 12:46:32,Desktop,East,Organic  ,Home,0.0,Yes
USR01168,SES01168,Checkout,2025-10-14 06:39:31,Tablet,North,Email  ,Home,0.0,Yes
USR09082,SES09082,purchase,2025-10-21 09:32:07,Tablet,West,Email,Sports,1189.86,No
USR00639,SES00639,Checkout,2025-10-11 06:31:13,Tablet,South,Social Media,Sports,0.0,Yes
USR00987,SES00987,Add to Cart,2025-10-08 04:46:39,Tablet,North,Email,Beauty,0.0,Yes
USR06208,SES06208,Checkout,2025-10-18 07:53:08,Desktop,,Email,Home,0.0,Yes
USR00195,SES00195,Browse,2025-10-12 20:00:30,Tablet,South,Social Media,Home,0.0,Yes
USR04286,SES04286,browse,2025-10-02 06:53:53,Mobile,North,Organic,Sports,0.0,Yes
USR04052,SES04052,browse,2025-10-26 07:24:28,Desktop,East,Social Media,Electronics,0.0,Yes
USR06986,SES06986,Add to Cart,2025-10-13 07:56:31,Mobile,South,Social Media,Beauty,0.0,No
USR01170,SES01170,Browse,2025-10-29 17:43:37,Mobile,South,Social Media,Fashion,0.0,Yes
USR05000,SES05000,Browse,2025-10-25 12:55:28,Tablet,East,Organic,Fashion,0.0,Yes
USR09763,SES09763,add to cart,2025-10-30 17:47:23,Tablet,East,Google Ads,Electronics,0.0,Yes
USR09427,SES09427,ADD TO CART,2025-10-20 00:49:09,Mobile,South,Organic,Home,0.0,Yes
USR07572,SES07572,CHECKOUT,2025-10-11 14:15:54,Mobile,West,Social Media,Electronics,0.0,Yes
USR02872,SES02872,Browse,2025-10-23 12:57:23,Mobile,West,Google Ads,Beauty,0.0,Yes
USR08795,SES08795,BROWSE,2025-10-29 04:42:51,Desktop,West,Social Media,Fashion,0.0,Yes
USR05418,SES05418,Browse,2025-10-07 10:38:20,Mobile,North,Google Ads,Fashion,0.0,Yes
USR03828,SES03828,BROWSE,2025-10-06 01:10:15,Tablet,West,Social Media,Beauty,0.0,Yes
USR00107,SES00107,add to cart,2025-10-18 10:16:00,,South,Google Ads,Fashion,0.0,No
USR06873,SES06873,Browse,2025-10-18 22:14:56,,North,Social Media,Fashion,0.0,Yes
USR01160,SES01160,Browse,2025-10-18 02:41:50,Desktop,North,Email,Sports,,Yes
USR05551,SES05551,Checkout,2025-10-26 21:09:48,,West,Google Ads,Sports,0.0,No
USR05064,SES05064,Browse,10/20/2025,Desktop,West,Google Ads,Fashion,0.0,Yes
USR09474,SES09474,BROWSE,2025-10-19 20:47:51,Tablet,West,Social Media,Fashion,0.0,Yes
USR08940,SES08940,Browse,2025-10-25 02:42:28,Mobile,South,Email,Electronics,0.0,Yes
USR05557,SES05557,CHECKOUT,2025-10-08 18:41:24,,West,Email,Electronics,0.0,No
USR01876,SES01876,Add to Cart,2025-10-05 20:08:21,Tablet,,Email,Home,,Yes
USR01049,SES01049,checkout,2025-10-20 17:08:05,Tablet,East,Social Media  ,Fashion,999999.0,Yes
USR01948,SES01948,Add to Cart,2025-10-22 12:08:53,Mobile,West,Organic,Electronics,0.0,Yes
USR01058,SES01058,Checkout,2025-10-25 04:01:03,Mobile,South,Organic,Home,0.0,No
USR04378,SES04378,add to cart,2025-10-25 12:28:49,Desktop,,Organic,Home,0.0,Yes
USR01707,SES01707,Browse,2025-10-20 09:58:03,Desktop,South,Social Media,Electronics,,Yes
USR03071,SES03071,Add to Cart,2025-10-02 06:14:31,Mobile,South,Email,Electronics,0.0,Yes
USR05696,SES05696,Add to Cart,2025-10-02 04:20:22,Mobile,South,Google Ads,Home,0.0,Yes
USR09528,SES09528,Add to Cart,2025-10-18 03:15:20,Desktop,West,Social Media,Fashion,0.0,Yes
USR03714,SES03714,Browse,2025-10-26 03:55:02,Tablet,West,Organic,Beauty,0.0,Yes
USR02102,SES02102,Browse,2025-10-10 20:50:35,Desktop,West,Social Media  ,Beauty,0.0,No
USR06526,SES06526,Add to Cart,2025-10-06 09:24:22,Mobile,South,Google Ads  ,Home,0.0,Yes
USR02524,SES02524,Add to Cart,2025-10-19 15:42:14,Desktop,North,Email,Beauty,0.0,Yes
USR03965,SES03965,CHECKOUT,2025-10-06 00:26:12,Desktop,North,Organic,Sports,0.0,Yes
USR09132,SES09132,Browse,2025-10-31 04:06:28,Desktop,,Google Ads,Home,0.0,Yes
USR09909,SES09909,Add to Cart,2025-10-27 03:42:26,Desktop,South,Google Ads,Electronics,0.0,No
USR07671,SES07671,Browse,2025-10-02 09:01:56,,,Organic,Electronics,0.0,Yes
USR04119,SES04119,BROWSE,2025-10-02 07:52:46,Tablet,East,Organic,Sports,0.0,Yes
USR07050,SES07050,Add to Cart,10/20/2025,Desktop,South,Google Ads,Fashion,0.0,Yes
USR08508,SES08508,Checkout,2025-10-31 13:40:53,Tablet,,Organic,Home,0.0,Yes
USR04197,SES04197,Add to Cart,2025-10-24 18:45:54,Tablet,East,Google Ads,Beauty,0.0,Yes
USR08965,SES08965,Add to Cart,10/20/2025,Tablet,East,Google Ads,Beauty,0.0,Yes
USR02343,SES02343,Browse,2025-10-21 13:34:29,Mobile,North,Email,Beauty,0.0,Yes
USR00942,SES00942,Add to Cart,2025-10-08 16:17:34,Tablet,North,Organic  ,Home,0.0,No
USR07293,SES07293,Add to Cart,2025-10-21 08:06:59,Mobile,East,Google Ads,Sports,0.0,Yes
USR08286,SES08286,add to cart,2025-10-17 21:09:34,Tablet,East,Organic,Electronics,0.0,Yes
USR07797,SES07797,Browse,2025-10-03 18:56:21,Mobile,West,Organic,Fashion,0.0,Yes
USR05715,SES05715,Checkout,2025-10-29 11:51:36,Desktop,East,Social Media,Fashion,,No
USR08173,SES08173,BROWSE,2025-10-29 17:49:06,Mobile,,Organic,Fashion,0.0,Yes
USR07111,SES07111,browse,2025-10-18 18:13:11,Tablet,North,Organic,Beauty,0.0,Yes
USR06177,SES06177,add to cart,2025-10-28 14:54:11,Mobile,South,Social Media,Electronics,0.0,Yes
USR00133,SES00133,CHECKOUT,2025-10-06 13:43:21,Tablet,West,Social Media,Beauty,0.0,Yes
USR07513,SES07513,Browse,2025-10-12 21:15:32,Tablet,West,Email,Beauty,0.0,Yes
USR00783,SES00783,Add to Cart,2025-10-26 05:48:26,Mobile,West,Google Ads,Fashion,0.0,Yes
USR03071,SES03071,BROWSE,2025-10-02 06:12:31,Mobile,West,Google Ads,Fashion,0.0,Yes
USR06719,SES06719,Browse,2025-10-14 11:55:49,Tablet,North,Social Media,Sports,,Yes
USR04867,SES04867,Add to Cart,2025-10-24 14:09:05,,West,Organic,Electronics,0.0,Yes
USR01842,SES01842,Checkout,2025-10-04 10:58:05,Desktop,South,Organic,Home,0.0,No
USR06200,SES06200,ADD TO CART,2025-10-12 18:23:30,Mobile,East,Social Media,Fashion,0.0,No
USR09445,SES09445,Browse,2025-10-15 06:38:45,Mobile,West,Google Ads,Sports,,Yes
USR05306,SES05306,Browse,2025-10-23 09:10:55,Tablet,South,Email,Home,0.0,Yes
USR04093,SES04093,Checkout,2025-10-18 12:41:24,Tablet,North,Email,Electronics,0.0,No
USR01848,SES01848,Add to Cart,2025-10-07 05:52:33,Desktop,North,Google Ads,Fashion,0.0,Yes
USR08464,SES08464,Browse,2025-10-01 21:21:32,Mobile,North,Google Ads,Electronics,0.0,Yes
USR02479,SES02479,BROWSE,2025-10-23 06:56:43,Tablet,West,Google Ads,Electronics,0.0,Yes
USR03298,SES03298,Browse,2025-10-24 12:36:00,Mobile,East,Organic,Electronics,0.0,Yes
USR05249,SES05249,Add to Cart,2025-10-31 10:59:30,Desktop,East,Email,Fashion,,Yes
USR07390,SES07390,checkout,2025-10-08 16:59:18,Desktop,North,Google Ads,Home,,Yes
USR06532,SES06532,Browse,2025-10-30 11:10:55,Mobile,South,Google Ads,Fashion,0.0,Yes
USR03806,SES03806,Browse,2025-10-26 13:35:08,Mobile,East,Email,Beauty,0.0,Yes
USR05914,SES05914,browse,2025-10-24 08:15:36,Desktop,South,Google Ads,Sports,-99.99,No
USR09901,SES09901,Add to Cart,2025-10-06 16:17:19,Desktop,,Organic,Fashion,0.0,Yes
USR08251,SES08251,Add to Cart,2025-10-23 23:13:18,Tablet,West,Organic,Fashion,0.0,Yes
USR05425,SES05425,browse,2025-10-19 19:28:49,Desktop,East,Organic,Electronics,0.0,No
USR09238,SES09238,Browse,2025-10-17 05:08:24,Mobile,East,Social Media  ,Sports,0.0,Yes
USR06998,SES06998,browse,2025-10-27 03:22:15,Tablet,South,Social Media,Electronics,0.0,Yes
USR07732,SES07732,Browse,2025-10-01 21:28:25,Tablet,North,Social Media,Home,0.0,Yes
USR02158,SES02158,Browse,2025-10-11 07:54:28,Tablet,West,Social Media,Sports,0.0,Yes
USR03501,SES03501,Add to Cart,2025-10-19 21:59:19,,West,Email,Home,0.0,Yes
USR05282,SES05282,Browse,2025-10-26 07:57:42,Mobile,South,Organic,Electronics,0.0,Yes
USR05910,SES05910,checkout,2025-10-28 18:07:19,,South,Social Media,Electronics,0.0,Yes
USR06718,SES06718,add to cart,2025-10-21 00:37:55,Mobile,,Organic,Electronics,0.0,Yes
USR04422,SES04422,ADD TO CART,10/20/2025,Mobile,West,Google Ads,Sports,0.0,Yes
USR04151,SES04151,Browse,2025-10-10 21:11:20,,North,Google Ads,Fashion,0.0,Yes
USR02819,SES02819,Browse,2025-10-14 09:55:48,Desktop,West,Email,Beauty,0.0,Yes
USR07803,SES07803,Add to Cart,2025-10-07 18:37:05,Tablet,East,Social Media,Electronics,0.0,Yes
USR02802,SES02802,ADD TO CART,2025-10-19 13:49:20,Tablet,East,Google Ads,Electronics,0.0,Yes
USR06326,SES06326,Checkout,2025-10-19 17:00:14,Desktop,South,Social Media,Electronics,0.0,No
USR01660,SES01660,Browse,2025-10-15 09:17:10,Mobile,North,Organic,Sports,,Yes
USR01780,SES01780,Browse,2025-10-18 00:39:20,Tablet,North,Google Ads,Home,0.0,Yes
USR04840,SES04840,browse,2025-10-17 20:07:33,,South,Social Media,Sports,0.0,Yes
USR05863,SES05863,Add to Cart,2025-10-23 14:46:15,Tablet,West,Email,Home,0.0,Yes
USR05844,SES05844,Add to Cart,2025-10-19 12:37:49,Desktop,North,Google Ads,Sports,0.0,Yes
USR04889,SES04889,add to cart,2025-10-08 10:37:26,Mobile,North,Social Media,Beauty,0.0,Yes
USR04791,SES04791,add to cart,2025-10-05 13:22:49,Tablet,North,Email,Electronics,0.0,No
USR02347,SES02347,BROWSE,2025-10-06 08:26:07,Mobile,East,Email  ,Electronics,0.0,Yes
USR06488,SES06488,browse,2025-10-19 20:54:21,Desktop,North,Google Ads,Beauty,0.0,Yes
USR09801,SES09801,CHECKOUT,2025-10-07 13:10:20,,West,Email,Home,0.0,No
USR02623,SES02623,CHECKOUT,2025-10-25 00:58:05,,East,Email,Fashion,0.0,No
USR02996,SES02996,CHECKOUT,2025-10-21 14:44:08,Mobile,East,Google Ads,Fashion,0.0,Yes
USR04684,SES04684,Add to Cart,2025-10-02 03:30:21,Tablet,North,Organic,Home,0.0,Yes
USR06953,SES06953,Add to Cart,2025-10-11 14:28:44,Desktop,East,Social Media,Beauty,,Yes
USR07180,SES07180,Add to Cart,2025-10-08 07:09:44,Mobile,South,Google Ads,Electronics,,Yes
USR02410,SES02410,Add to Cart,2025-10-21 00:49:51,Tablet,East,Organic,Home,0.0,Yes
USR01717,SES01717,Add to Cart,2025-10-30 22:28:28,Mobile,South,Organic  ,Electronics,0.0,No
USR05962,SES05962,ADD TO CART,2025-10-02 09:18:50,Mobile,West,Email,Home,0.0,Yes
USR09209,SES09209,browse,2025-10-06 22:06:11,Mobile,North,Email,Home,0.0,Yes
USR02589,SES02589,Browse,2025-10-29 11:18:52,Mobile,South,Email,Home,0.0,Yes
USR09882,SES09882,BROWSE,10/20/2025,Tablet,East,Email,Sports,0.0,Yes
USR03638,SES03638,add to cart,2025-10-26 03:48:05,Tablet,East,Social Media,Sports,0.0,Yes
USR09984,SES09984,Browse,2025-10-01 22:56:14,Mobile,South,Email,Sports,0.0,Yes
USR05348,SES05348,Purchase,2025-10-07 20:14:27,Desktop,West,Email,Electronics,1042.2,No
USR07960,SES07960,ADD TO CART,2025-10-27 00:33:50,Tablet,South,Organic,Fashion,0.0,Yes
USR05148,SES05148,browse,2025-10-18 13:36:38,Mobile,West,Social Media,Electronics,0.0,Yes
USR04846,SES04846,Checkout,2025-10-22 02:37:49,Desktop,East,Social Media,Beauty,0.0,Yes
USR07032,SES07032,Add to Cart,10/20/2025,Mobile,East,Email  ,Home,0.0,Yes
USR08755,SES08755,Add to Cart,2025-10-09 09:54:51,Desktop,,Email,Home,0.0,No
USR04242,SES04242,BROWSE,2025-10-28 22:24:04,Desktop,West,Organic,Home,0.0,Yes
USR07525,SES07525,Checkout,2025-10-05 08:48:20,Tablet,East,Email,Electronics,0.0,Yes
USR06952,SES06952,Browse,2025-10-21 20:11:49,Desktop,East,Organic,Home,0.0,Yes
USR03444,SES03444,Add to Cart,2025-10-27 21:34:10,Desktop,East,Organic  ,Sports,0.0,Yes
USR00397,SES00397,Checkout,2025-10-13 06:14:17,Tablet,North,Google Ads,Electronics,0.0,Yes
USR04649,SES04649,Checkout,2025-10-07 18:49:09,,South,Social Media,Sports,0.0,Yes
USR08190,SES08190,Browse,2025-10-11 02:06:18,Tablet,South,Social Media,Sports,0.0,Yes
USR07484,SES07484,Browse,2025-10-04 12:24:16,Desktop,South,Social Media,Fashion,0.0,Yes
USR02459,SES02459,Add to Cart,2025-10-05 08:03:35,Tablet,South,Google Ads  ,Home,0.0,No
USR03037,SES03037,Add to Cart,2025-10-13 04:36:01,Desktop,South,Email,Home,0.0,No
USR07903,SES07903,Add to Cart,2025-10-02 02:03:38,Mobile,West,Email,Home,0.0,Yes
USR08779,SES08779,Add to Cart,2025-10-17 12:51:32,Tablet,North,Email,Sports,0.0,Yes
USR07950,SES07950,Browse,2025-10-28 14:45:06,Desktop,East,Email,Home,0.0,Yes
USR08050,SES08050,Browse,2025-10-30 06:10:16,Tablet,South,Email,Fashion,0.0,Yes
USR04402,SES04402,CHECKOUT,2025-10-13 09:25:44,Desktop,South,Organic,Sports,0.0,No
USR02578,SES02578,PURCHASE,2025-10-18 15:59:49,,,Email,Fashion,1656.99,No
USR01535,SES01535,BROWSE,2025-10-02 12:39:21,Desktop,South,Email,Fashion,,Yes
USR06977,SES06977,Add to Cart,2025-10-11 04:26:10,Desktop,East,Google Ads,Electronics,0.0,No
USR04005,SES04005,Purchase,2025-10-27 11:47:17,Tablet,North,Social Media,Beauty,325.82,No
USR08362,SES08362,Browse,2025-10-17 16:23:37,Tablet,South,Social Media,Electronics,0.0,Yes
USR09005,SES09005,Browse,2025-10-16 07:37:49,Desktop,East,Email,Home,0.0,No
USR07539,SES07539,ADD TO CART,2025-10-21 18:04:52,Mobile,East,Google Ads,Sports,0.0,Yes
USR03032,SES03032,ADD TO CART,2025-10-12 21:43:11,Desktop,West,Email,Beauty,0.0,Yes
USR08938,SES08938,Browse,2025-10-03 07:08:21,Mobile,West,Email  ,Electronics,0.0,Yes
USR08084,SES08084,ADD TO CART,2025-10-16 20:35:20,Mobile,East,Social Media,Beauty,0.0,Yes
USR04098,SES04098,Browse,2025-10-22 22:26:53,Tablet,West,Email,Electronics,0.0,Yes
USR04503,SES04503,browse,2025-10-26 23:15:44,Tablet,,Organic  ,Electronics,0.0,Yes
USR02154,SES02154,add to cart,2025-10-23 19:48:44,Tablet,North,Organic,Home,0.0,Yes
USR01410,SES01410,Add to Cart,2025-10-08 21:52:19,Tablet,South,Email,Fashion,0.0,Yes
USR03494,SES03494,Add to Cart,2025-10-22 03:18:23,Desktop,West,Social Media,Electronics,0.0,Yes
USR00553,SES00553,Browse,2025-10-11 21:43:48,Tablet,North,Social Media,Fashion,0.0,Yes
USR02405,SES02405,BROWSE,2025-10-10 04:28:09,Tablet,South,Organic,Fashion,0.0,Yes
USR09600,SES09600,checkout,2025-10-21 04:51:07,Desktop,South,Social Media,Beauty,0.0,Yes
USR01390,SES01390,Browse,2025-10-14 01:09:27,Tablet,North,Email,Fashion,0.0,No
USR08196,SES08196,Browse,2025-10-03 20:15:00,Tablet,West,Google Ads  ,Electronics,0.0,Yes
USR01095,SES01095,browse,2025-10-20 18:07:34,Desktop,South,Google Ads,Sports,0.0,Yes
USR08466,SES08466,ADD TO CART,2025-10-08 04:39:06,,East,Google Ads,Beauty,0.0,Yes
USR03184,SES03184,Browse,2025-10-08 02:06:45,Tablet,South,Social Media,Electronics,0.0,Yes
USR03895,SES03895,Purchase,2025-10-05 06:31:24,Tablet,North,Social Media,Beauty,1262.31,No
USR09431,SES09431,BROWSE,2025-10-04 11:34:11,Desktop,South,Organic,Home,,Yes
USR05514,SES05514,browse,2025-10-09 15:51:42,Mobile,West,Google Ads,Sports,0.0,Yes
USR08316,SES08316,Checkout,2025-10-14 09:23:46,Mobile,North,Organic,Sports,0.0,Yes
USR05579,SES05579,ADD TO CART,2025-10-15 14:35:20,Mobile,South,Email,Electronics,,Yes
USR06903,SES06903,Browse,2025-10-21 09:28:15,Mobile,South,Email,Electronics,0.0,Yes
USR03941,SES03941,add to cart,2025-10-25 08:36:02,Desktop,South,Google Ads,Fashion,0.0,No
USR01158,SES01158,Add to Cart,2025-10-12 09:38:50,Desktop,West,Social Media,Fashion,0.0,Yes
USR09741,SES09741,Browse,2025-10-06 05:48:44,Mobile,West,Organic,Sports,,Yes
USR01189,SES01189,Add to Cart,2025-10-13 01:52:08,Desktop,North,Email,Sports,0.0,Yes
USR05378,SES05378,Browse,2025-10-19 08:15:22,Mobile,South,Email,Electronics,999999.0,Yes
USR08415,SES08415,Browse,2025-10-06 13:15:41,Tablet,South,Email,Sports,0.0,Yes
USR02710,SES02710,browse,2025-10-22 13:36:09,Tablet,East,Social Media,Electronics,0.0,Yes
USR00077,SES00077,add to cart,2025-10-07 10:56:27,Tablet,East,Email,Electronics,,Yes
USR09409,SES09409,ADD TO CART,2025-10-31 06:04:57,Desktop,,Social Media,Beauty,0.0,Yes
USR02821,SES02821,Browse,2025-10-14 15:50:28,Tablet,North,Email,Electronics,,Yes
USR08082,SES08082,Add to Cart,2025-10-13 19:03:58,,North,Organic,Home,0.0,Yes
USR08546,SES08546,Browse,2025-10-09 15:00:14,Desktop,East,Email,Sports,0.0,Yes
USR06269,SES06269,Checkout,2025-10-13 18:01:01,Mobile,South,Social Media,Home,0.0,No
USR09309,SES09309,Checkout,2025-10-09 13:45:49,Mobile,West,Email,Sports,0.0,Yes
USR04921,SES04921,Browse,2025-10-09 21:14:19,Desktop,,Google Ads,Fashion,0.0,No
USR07832,SES07832,Browse,2025-10-21 05:13:41,,West,Email,Fashion,0.0,Yes
USR00478,SES00478,Add to Cart,2025-10-18 11:33:56,Tablet,East,Organic,Sports,0.0,Yes
USR05454,SES05454,Add to Cart,2025-10-29 12:23:45,Desktop,East,Google Ads,Electronics,0.0,No
USR06032,SES06032,browse,2025-10-27 00:58:10,Desktop,South,Google Ads,Fashion,0.0,Yes
USR06206,SES06206,Browse,2025-10-25 10:51:38,Tablet,East,Email,Beauty,0.0,Yes
USR01567,SES01567,Browse,2025-10-25 03:06:07,Desktop,West,Google Ads,Beauty,0.0,Yes
USR01126,SES01126,Checkout,2025-10-31 00:54:03,Desktop,South,Google Ads,Home,0.0,Yes
USR08482,SES08482,browse,2025-10-21 09:20:20,Tablet,South,Google Ads,Beauty,0.0,Yes
USR07346,SES07346,Add to Cart,2025-10-17 11:49:55,,East,Organic  ,Beauty,0.0,Yes
USR08066,SES08066,Checkout,2025-10-06 01:03:03,Desktop,North,Email,Sports,0.0,Yes
USR04148,SES04148,Add to Cart,2025-10-01 21:24:26,Desktop,South,Email,Beauty,0.0,Yes
USR01343,SES01343,Browse,2025-10-16 05:48:45,Desktop,North,Social Media,Sports,0.0,Yes
USR01447,SES01447,Browse,2025-10-02 15:49:18,Tablet,East,Social Media,Beauty,0.0,Yes
USR01841,SES01841,Browse,2025-10-15 04:24:51,Tablet,,Email,Sports,0.0,Yes
USR05458,SES05458,Add to Cart,2025-10-16 02:19:45,Mobile,West,Google Ads,Fashion,0.0,Yes
USR09694,SES09694,BROWSE,10/20/2025,Tablet,,Organic,Home,0.0,Yes
USR03194,SES03194,Browse,2025-10-20 16:10:10,Mobile,South,Email,Electronics,0.0,Yes
USR05505,SES05505,Browse,2025-10-12 07:18:15,Tablet,,Social Media,Home,0.0,Yes
USR04681,SES04681,CHECKOUT,2025-10-03 11:56:43,Mobile,North,Google Ads,Fashion,0.0,Yes
USR01298,SES01298,Browse,2025-10-14 11:03:53,Mobile,South,Organic,Sports,0.0,Yes
USR06497,SES06497,add to cart,2025-10-10 06:04:30,Tablet,West,Email,Beauty,,No
USR05021,SES05021,BROWSE,2025-10-27 00:59:31,Tablet,East,Google Ads,Beauty,0.0,Yes
USR00532,SES00532,Purchase,2025-10-17 02:26:59,Mobile,South,Email  ,Sports,1202.52,No
USR09679,SES09679,Add to Cart,2025-10-02 00:20:51,Tablet,West,Organic,Fashion,0.0,Yes
USR05839,SES05839,BROWSE,2025-10-26 10:25:22,Tablet,North,Google Ads,Beauty,0.0,Yes
USR00329,SES00329,browse,2025-10-16 20:03:39,Mobile,South,Organic,Sports,0.0,Yes
USR08986,SES08986,BROWSE,10/20/2025,Tablet,West,Email,Home,0.0,Yes
USR05073,SES05073,BROWSE,2025-10-08 12:27:50,Desktop,,Social Media,Electronics,0.0,Yes
USR09332,SES09332,BROWSE,2025-10-28 00:05:34,Mobile,West,Organic,Beauty,0.0,Yes
USR07742,SES07742,BROWSE,2025-10-06 19:44:32,Desktop,West,Google Ads  ,Beauty,0.0,Yes
USR01133,SES01133,Browse,2025-10-16 00:05:48,Desktop,East,Organic,Sports,0.0,Yes
USR00664,SES00664,ADD TO CART,2025-10-24 07:29:05,Tablet,North,Organic,Electronics,0.0,Yes
USR02660,SES02660,Browse,2025-10-08 17:21:50,Mobile,West,Organic,Home,0.0,Yes
USR03060,SES03060,ADD TO CART,2025-10-28 22:53:37,Desktop,North,Google Ads,Beauty,0.0,Yes
USR05528,SES05528,Browse,2025-10-28 00:10:52,Mobile,South,Email,Home,0.0,Yes
USR02148,SES02148,checkout,2025-10-18 19:38:10,Mobile,South,Email,Home,0.0,No
USR01268,SES01268,Checkout,2025-10-25 11:42:48,Desktop,East,Organic  ,Beauty,0.0,No
USR07753,SES07753,Add to Cart,2025-10-08 05:22:18,Mobile,South,Google Ads  ,Sports,0.0,No
USR01325,SES01325,Browse,2025-10-23 04:31:05,,West,Email,Sports,0.0,Yes
USR04721,SES04721,Checkout,2025-10-19 10:47:33,Desktop,South,Email  ,Home,0.0,Yes
USR08830,SES08830,Browse,2025-10-24 15:23:46,Desktop,North,Organic,Electronics,0.0,No
USR01992,SES01992,BROWSE,2025-10-21 15:39:14,Desktop,,Email,Fashion,0.0,Yes
USR01111,SES01111,Browse,2025-10-23 05:27:05,,South,Email,Electronics,0.0,Yes
USR09856,SES09856,browse,2025-10-14 06:17:48,Tablet,,Google Ads,Beauty,0.0,Yes
USR03027,SES03027,Browse,2025-10-25 23:41:56,Mobile,South,Organic  ,Sports,0.0,Yes
USR01514,SES01514,BROWSE,2025-10-06 07:05:36,Mobile,,Organic,Sports,0.0,Yes
USR01210,SES01210,Browse,2025-10-10 16:33:50,Tablet,North,Social Media,Electronics,0.0,Yes
USR04370,SES04370,Browse,2025-10-07 02:31:37,Mobile,,Email,Home,0.0,Yes
USR03109,SES03109,Add to Cart,2025-10-21 09:01:45,Desktop,East,Google Ads,Home,0.0,Yes
USR03683,SES03683,Browse,2025-10-10 20:08:22,Tablet,South,Social Media,Sports,0.0,Yes
USR07795,SES07795,Add to Cart,2025-10-03 19:45:52,Desktop,East,Google Ads,Beauty,0.0,Yes
USR01904,SES01904,BROWSE,2025-10-11 09:59:37,Desktop,East,Social Media,Home,0.0,Yes
USR07195,SES07195,Add to Cart,2025-10-30 16:01:38,Desktop,East,Organic,Home,0.0,Yes
USR07887,SES07887,Checkout,2025-10-13 22:29:52,Desktop,North,Google Ads,Electronics,0.0,Yes
USR04066,SES04066,Browse,2025-10-16 20:45:05,Mobile,,Google Ads,Sports,0.0,No
USR02880,SES02880,Browse,2025-10-24 18:24:46,Tablet,East,Google Ads  ,Electronics,0.0,Yes
USR04415,SES04415,Browse,2025-10-19 16:48:48,,East,Email,Electronics,0.0,Yes
USR09079,SES09079,BROWSE,2025-10-09 20:52:58,Mobile,,Organic,Home,0.0,Yes
USR04178,SES04178,Browse,2025-10-25 05:28:53,Tablet,North,Organic,Electronics,0.0,Yes
USR04582,SES04582,BROWSE,2025-10-05 14:52:41,Tablet,East,Email,Sports,0.0,Yes
USR04943,SES04943,Add to Cart,2025-10-25 19:32:15,Mobile,West,Organic  ,Electronics,0.0,Yes
USR00754,SES00754,Add to Cart,2025-10-14 00:28:26,Tablet,North,Email,Home,0.0,No
USR03634,SES03634,Checkout,2025-10-21 11:38:22,Desktop,North,Social Media,Fashion,0.0,No
USR03036,SES03036,ADD TO CART,2025-10-20 06:32:52,Desktop,West,Organic,Electronics,0.0,Yes
USR00128,SES00128,Checkout,2025-10-25 00:47:41,,West,Email,Home,0.0,No
USR04400,SES04400,Browse,2025-10-28 09:01:13,Mobile,West,Organic,Fashion,0.0,Yes
USR00490,SES00490,Checkout,2025-10-22 08:34:03,,East,Social Media,Fashion,0.0,Yes
USR09913,SES09913,ADD TO CART,2025-10-26 15:04:37,Desktop,East,Organic,Electronics,0.0,Yes
USR07774,SES07774,Browse,2025-10-07 03:52:22,Tablet,East,Social Media,Fashion,0.0,Yes
USR05873,SES05873,BROWSE,2025-10-10 14:39:04,Mobile,,Organic,Electronics,0.0,Yes
USR04663,SES04663,ADD TO CART,2025-10-11 03:48:54,Tablet,South,Email,Sports,0.0,Yes
USR01650,SES01650,Add to Cart,2025-10-04 21:49:00,Desktop,,Organic,Fashion,0.0,Yes
USR04851,SES04851,Add to Cart,2025-10-14 07:07:48,Mobile,West,Organic,Sports,0.0,No
USR02938,SES02938,Add to Cart,2025-10-08 07:12:38,Mobile,North,Organic,Sports,,Yes
USR00600,SES00600,BROWSE,2025-10-15 01:00:17,Tablet,North,Social Media,Electronics,0.0,Yes
USR04895,SES04895,Browse,2025-10-25 01:26:03,,,Email,Home,,Yes
USR00266,SES00266,Browse,2025-10-30 21:39:15,Desktop,North,Organic,Fashion,0.0,Yes
USR08834,SES08834,Checkout,2025-10-09 01:42:43,Tablet,South,Email,Sports,0.0,Yes
USR05249,SES05249,Checkout,2025-10-31 11:04:30,Mobile,South,Social Media,Electronics,0.0,Yes
USR07704,SES07704,checkout,2025-10-17 15:34:41,Desktop,West,Organic,Home,0.0,Yes
USR06270,SES06270,Add to Cart,2025-10-20 18:07:27,Mobile,,Organic,Fashion,0.0,Yes
USR05116,SES05116,BROWSE,10/20/2025,Desktop,East,Email,Sports,0.0,Yes
USR03947,SES03947,checkout,2025-10-31 05:28:01,Desktop,East,Google Ads,Beauty,0.0,Yes
USR01712,SES01712,Purchase,2025-10-07 19:33:58,Mobile,West,Social Media,Electronics,1720.93,No
USR01576,SES01576,Add to Cart,2025-10-13 11:07:53,Mobile,,Email,Home,0.0,Yes
USR06824,SES06824,Add to Cart,2025-10-07 14:51:06,Desktop,South,Google Ads,Sports,999999.0,Yes
USR08239,SES08239,BROWSE,10/20/2025,Mobile,South,Social Media,Fashion,,Yes
USR06566,SES06566,Browse,2025-10-07 15:43:54,Desktop,East,Google Ads,Beauty,0.0,No
USR05100,SES05100,Add to Cart,2025-10-11 12:33:43,Mobile,East,Email,Sports,0.0,Yes
USR09411,SES09411,Add to Cart,2025-10-08 05:01:08,Desktop,West,Email,Beauty,0.0,Yes
USR04166,SES04166,ADD TO CART,2025-10-26 13:58:57,,West,Email,Home,0.0,Yes
USR03380,SES03380,ADD TO CART,2025-10-04 20:09:09,Mobile,South,Email,Home,0.0,Yes
USR02920,SES02920,Add to Cart,2025-10-19 04:32:14,Desktop,East,Email,Electronics,0.0,Yes
USR08441,SES08441,BROWSE,2025-10-30 18:07:44,Tablet,West,Organic,Sports,,Yes
USR01947,SES01947,Add to Cart,2025-10-05 00:26:25,Desktop,East,Email,Home,,No
USR00959,SES00959,Browse,2025-10-29 20:42:47,Desktop,West,Social Media,Fashion,,Yes
USR07083,SES07083,add to cart,2025-10-31 07:45:45,,East,Social Media,Electronics,0.0,Yes
USR05259,SES05259,Checkout,2025-10-28 12:02:45,Tablet,West,Email,Sports,0.0,Yes
USR07503,SES07503,Browse,2025-10-16 20:32:42,Tablet,,Google Ads  ,Electronics,0.0,Yes
USR04100,SES04100,Browse,2025-10-03 13:08:41,Desktop,North,Email,Beauty,0.0,Yes
USR01125,SES01125,Browse,2025-10-27 09:58:29,Tablet,South,Email,Home,0.0,Yes
USR03218,SES03218,Add to Cart,2025-10-06 11:17:06,Tablet,East,Email,Fashion,0.0,Yes
USR08651,SES08651,CHECKOUT,2025-10-27 13:27:23,Desktop,West,Organic,Electronics,0.0,Yes
USR04693,SES04693,browse,2025-10-22 18:27:22,Mobile,South,Organic,Beauty,0.0,Yes
USR07213,SES07213,browse,2025-10-31 13:17:22,Tablet,North,Organic,Fashion,0.0,Yes
USR09986,SES09986,Checkout,2025-10-28 12:10:13,Mobile,,Social Media,Electronics,0.0,Yes
USR04690,SES04690,browse,2025-10-13 21:18:16,Tablet,,Organic,Fashion,0.0,Yes
USR06254,SES06254,CHECKOUT,2025-10-26 23:12:18,Mobile,West,Social Media,Fashion,0.0,Yes
USR01466,SES01466,Add to Cart,10/20/2025,Tablet,East,Social Media,Electronics,0.0,Yes
USR00274,SES00274,Browse,2025-10-12 03:54:32,,North,Social Media,Beauty,0.0,Yes
USR05921,SES05921,CHECKOUT,2025-10-08 17:18:03,Desktop,South,Social Media,Sports,0.0,Yes
USR07423,SES07423,Add to Cart,2025-10-23 11:00:40,Mobile,West,Google Ads,Beauty,0.0,Yes
USR08646,SES08646,Browse,2025-10-07 02:52:09,Tablet,East,Email,Electronics,0.0,Yes
USR07178,SES07178,Add to Cart,2025-10-14 03:24:09,Mobile,East,Social Media,Sports,,Yes
USR03462,SES03462,Add to Cart,2025-10-13 21:17:36,Desktop,North,Social Media,Home,0.0,Yes
USR09177,SES09177,checkout,2025-10-07 07:07:45,Desktop,South,Social Media,Sports,0.0,No
USR04880,SES04880,checkout,2025-10-03 05:24:32,Desktop,South,Organic,Home,0.0,Yes
USR01261,SES01261,Add to Cart,2025-10-23 14:45:24,Desktop,West,Google Ads,Beauty,0.0,Yes
USR05163,SES05163,Add to Cart,2025-10-22 20:24:52,Mobile,West,Email,Fashion,0.0,No
USR05396,SES05396,Add to Cart,2025-10-05 12:32:48,Desktop,West,Organic  ,Beauty,0.0,Yes
USR05532,SES05532,Browse,2025-10-04 17:39:30,Tablet,East,Organic,Home,0.0,Yes
USR02906,SES02906,Browse,2025-10-08 10:29:47,Mobile,North,Email,Electronics,0.0,Yes
USR03892,SES03892,Browse,2025-10-02 00:54:28,Tablet,North,Social Media,Sports,0.0,Yes
USR01564,SES01564,browse,2025-10-27 16:36:02,,East,Email,Fashion,0.0,Yes
USR01270,SES01270,Add to Cart,2025-10-07 17:37:29,Mobile,East,Google Ads,Electronics,0.0,Yes
USR07770,SES07770,Add to Cart,2025-10-10 14:59:58,Desktop,North,Social Media,Sports,0.0,Yes
USR01750,SES01750,Browse,2025-10-05 05:19:23,,North,Organic,Beauty,0.0,Yes
USR05399,SES05399,Checkout,2025-10-24 14:10:50,Desktop,West,Organic,Sports,,Yes
USR02546,SES02546,Browse,2025-10-05 12:34:35,Mobile,,Social Media,Home,0.0,Yes
USR06539,SES06539,Add to Cart,2025-10-04 23:32:06,Desktop,East,Google Ads,Electronics,0.0,Yes
USR01801,SES01801,browse,2025-10-07 19:06:21,Mobile,West,Organic,Beauty,0.0,Yes
USR00199,SES00199,BROWSE,2025-10-06 08:23:38,Tablet,North,Organic,Sports,0.0,Yes
USR06085,SES06085,Browse,2025-10-19 12:46:51,Mobile,West,Google Ads,Electronics,0.0,Yes
USR08300,SES08300,Browse,2025-10-27 02:55:01,Tablet,South,Google Ads,Fashion,0.0,Yes
USR00059,SES00059,Browse,2025-10-17 21:18:06,Mobile,South,Email,Fashion,0.0,Yes
USR09744,SES09744,Purchase,2025-10-11 08:01:22,Tablet,South,Organic,Beauty,525.66,No
USR04656,SES04656,purchase,2025-10-23 20:27:15,Mobile,East,Organic,Electronics,822.81,No
USR01568,SES01568,Browse,2025-10-09 02:23:30,Desktop,East,Email,Sports,0.0,Yes
USR07303,SES07303,Browse,2025-10-07 20:02:59,Desktop,South,Social Media,Electronics,0.0,Yes
USR00725,SES00725,Add to Cart,2025-10-19 16:31:13,Tablet,South,Google Ads,Beauty,0.0,Yes
USR09216,SES09216,Browse,2025-10-29 00:30:38,Desktop,West,Google Ads,Fashion,0.0,Yes
USR02687,SES02687,browse,2025-10-13 06:19:14,Mobile,East,Social Media,Fashion,0.0,No
USR09594,SES09594,browse,2025-10-14 15:02:37,Mobile,East,Email,Fashion,0.0,Yes
USR04813,SES04813,ADD TO CART,2025-10-30 12:25:34,,East,Google Ads,Fashion,0.0,No
USR08611,SES08611,Browse,2025-10-13 04:08:00,Tablet,West,Social Media,Home,0.0,Yes
USR06850,SES06850,Browse,2025-10-11 17:55:34,Desktop,North,Social Media  ,Electronics,0.0,Yes
USR04983,SES04983,Browse,2025-10-30 17:31:59,Desktop,South,Social Media,Fashion,0.0,Yes
USR02310,SES02310,BROWSE,2025-10-20 18:36:00,Tablet,North,Organic,Sports,0.0,No
USR08833,SES08833,add to cart,2025-10-03 21:34:26,Mobile,East,Google Ads,Home,0.0,Yes
USR02436,SES02436,browse,2025-10-18 21:18:30,Tablet,North,Google Ads,Electronics,0.0,Yes
USR03765,SES03765,Add to Cart,2025-10-27 22:20:45,Mobile,West,Google Ads,Fashion,0.0,Yes
USR01716,SES01716,Browse,2025-10-07 22:52:59,Mobile,West,Social Media,Sports,999999.0,Yes
USR01606,SES01606,BROWSE,2025-10-25 23:50:03,Desktop,South,Email  ,Sports,0.0,Yes
USR08943,SES08943,BROWSE,2025-10-05 17:09:44,,West,Organic,Fashion,0.0,Yes
USR07796,SES07796,add to cart,2025-10-19 03:04:03,Mobile,South,Email,Beauty,0.0,No
USR00013,SES00013,Purchase,2025-10-24 09:40:53,Desktop,South,Email,Home,,No
USR08334,SES08334,BROWSE,10/20/2025,Tablet,South,Google Ads,Home,0.0,No
USR06514,SES06514,Add to Cart,2025-10-06 03:44:24,Tablet,East,Google Ads,Electronics,0.0,Yes
USR02853,SES02853,Browse,2025-10-31 02:16:33,,South,Email,Beauty,0.0,Yes
USR04406,SES04406,Add to Cart,2025-10-30 05:25:42,Tablet,West,Organic  ,Fashion,0.0,Yes
USR00768,SES00768,browse,2025-10-28 04:17:02,Desktop,West,Email,Beauty,0.0,Yes
USR02515,SES02515,Browse,2025-10-18 02:55:17,Mobile,,Email,Home,0.0,No
USR03188,SES03188,ADD TO CART,2025-10-19 16:42:36,Mobile,West,Email,Sports,0.0,Yes
USR07814,SES07814,Browse,2025-10-19 01:11:24,Desktop,East,Organic,Beauty,999999.0,Yes
USR07537,SES07537,BROWSE,2025-10-05 10:51:43,Desktop,South,Google Ads,Electronics,0.0,Yes
USR09613,SES09613,Purchase,2025-10-03 22:44:36,Mobile,South,Email,Electronics,1539.18,No
USR09792,SES09792,Browse,2025-10-27 21:33:05,,South,Google Ads,Fashion,0.0,Yes
USR00413,SES00413,Browse,2025-10-18 00:56:26,Tablet,East,Google Ads,Sports,0.0,No
USR08855,SES08855,Checkout,2025-10-18 14:04:04,Tablet,West,Social Media,Beauty,0.0,No
USR07904,SES07904,Browse,2025-10-03 01:47:44,Mobile,East,Email,Electronics,0.0,Yes
USR00923,SES00923,Add to Cart,2025-10-04 19:38:08,,East,Organic,Fashion,0.0,Yes
USR01292,SES01292,Browse,2025-10-12 00:23:53,Tablet,,Google Ads,Sports,0.0,Yes
USR02845,SES02845,add to cart,2025-10-12 19:36:53,Mobile,South,Google Ads  ,Sports,0.0,Yes
USR08054,SES08054,BROWSE,2025-10-27 12:47:02,Desktop,North,Google Ads,Beauty,0.0,Yes
USR04981,SES04981,Browse,2025-10-12 16:02:33,Tablet,East,Social Media  ,Electronics,0.0,Yes
USR07276,SES07276,Browse,2025-10-27 09:03:04,Desktop,West,Email,Electronics,0.0,Yes
USR03885,SES03885,Add to Cart,2025-10-15 04:29:44,Mobile,South,Email,Home,,Yes
USR01150,SES01150,Browse,2025-10-10 18:32:56,Mobile,South,Google Ads,Beauty,0.0,Yes
USR03734,SES03734,Checkout,2025-10-23 03:01:28,,North,Email,Sports,0.0,No
USR08532,SES08532,Add to Cart,2025-10-27 20:16:17,Mobile,West,Google Ads  ,Home,0.0,Yes
USR00303,SES00303,Checkout,2025-10-12 12:59:51,Tablet,West,Organic  ,Beauty,0.0,Yes
USR06230,SES06230,Checkout,2025-10-14 11:35:00,Mobile,East,Organic,Home,0.0,Yes
USR07914,SES07914,Purchase,2025-10-26 21:12:49,Desktop,South,Organic,Fashion,1508.85,No
USR09524,SES09524,checkout,2025-10-24 16:32:27,Mobile,East,Social Media,Sports,0.0,Yes
USR09260,SES09260,Add to Cart,2025-10-13 22:20:43,Desktop,North,Email  ,Sports,0.0,No
USR09988,SES09988,Browse,2025-10-12 15:24:21,Tablet,South,Email,Beauty,0.0,Yes
USR07462,SES07462,Add to Cart,2025-10-25 20:54:48,Desktop,North,Organic,Electronics,0.0,Yes
USR07056,SES07056,Browse,10/20/2025,Tablet,West,Google Ads,Beauty,0.0,Yes
USR09064,SES09064,ADD TO CART,2025-10-31 08:58:10,Tablet,West,Organic,Sports,0.0,Yes
USR09130,SES09130,Checkout,2025-10-25 11:13:26,Desktop,East,Google Ads,Home,,Yes
USR02390,SES02390,Add to Cart,2025-10-16 16:57:54,Desktop,North,Social Media,Home,0.0,Yes
USR04126,SES04126,Browse,2025-10-05 04:38:27,,West,Organic,Sports,0.0,Yes
USR01958,SES01958,Browse,2025-10-14 22:21:06,,West,Email,Electronics,0.0,Yes
USR03107,SES03107,browse,2025-10-05 23:44:10,Mobile,West,Google Ads,Sports,0.0,Yes
USR06421,SES06421,Checkout,10/20/2025,Tablet,North,Social Media,Beauty,0.0,Yes
USR03483,SES03483,Browse,2025-10-08 00:55:08,Desktop,North,Email,Electronics,0.0,Yes
USR08547,SES08547,browse,2025-10-29 03:03:35,,East,Organic,Fashion,,No
USR03551,SES03551,Purchase,2025-10-21 01:47:12,Tablet,,Organic,Fashion,1636.31,No
USR05932,SES05932,Add to Cart,2025-10-20 13:38:33,Tablet,South,Social Media,Beauty,0.0,Yes
USR01574,SES01574,add to cart,2025-10-11 10:21:49,Mobile,South,Google Ads,Beauty,0.0,Yes
USR04663,SES04663,checkout,2025-10-11 03:51:54,Mobile,,Social Media,Fashion,0.0,Yes
USR01118,SES01118,BROWSE,2025-10-13 09:22:19,Mobile,East,Google Ads,Home,0.0,No
USR05114,SES05114,BROWSE,2025-10-08 12:17:05,Tablet,South,Email  ,Electronics,0.0,Yes
USR08113,SES08113,add to cart,2025-10-21 16:36:40,Mobile,West,Organic,Home,0.0,No
USR09427,SES09427,BROWSE,2025-10-20 00:44:09,Desktop,East,Organic,Fashion,,Yes
USR07362,SES07362,Checkout,2025-10-11 19:51:39,Mobile,East,Organic,Home,0.0,Yes
USR03329,SES03329,browse,2025-10-06 16:31:52,,East,Google Ads,Electronics,-99.99,Yes
USR08444,SES08444,browse,2025-10-13 17:46:01,Mobile,,Organic,Home,0.0,No
USR03604,SES03604,Browse,2025-10-31 02:29:58,Tablet,North,Organic,Fashion,0.0,Yes
USR01952,SES01952,Browse,2025-10-27 15:40:53,Tablet,West,Social Media,Home,0.0,No
USR03967,SES03967,Add to Cart,2025-10-14 20:51:57,Tablet,East,Social Media,Electronics,0.0,No
USR02050,SES02050,Purchase,2025-10-29 10:40:28,,North,Organic  ,Electronics,1138.33,No
USR00760,SES00760,CHECKOUT,2025-10-09 18:02:43,Mobile,West,Organic,Sports,0.0,Yes
USR08589,SES08589,checkout,2025-10-16 04:22:27,Mobile,South,Social Media,Sports,0.0,Yes
USR01168,SES01168,Browse,2025-10-14 06:32:31,Desktop,West,Social Media,Beauty,,Yes
USR06755,SES06755,Browse,2025-10-02 15:26:42,Tablet,West,Social Media,Electronics,0.0,Yes
USR03489,SES03489,checkout,2025-10-28 03:50:17,Desktop,West,Google Ads,Sports,0.0,Yes
USR06789,SES06789,Purchase,2025-10-23 03:57:50,Mobile,East,Email,Fashion,1851.63,No
USR00733,SES00733,browse,2025-10-05 17:54:25,Mobile,North,Email,Home,0.0,Yes
USR06400,SES06400,BROWSE,2025-10-10 13:04:17,Tablet,East,Social Media,Sports,,Yes
USR08520,SES08520,checkout,2025-10-20 21:35:39,Tablet,North,Organic,Fashion,0.0,Yes
USR07184,SES07184,add to cart,2025-10-25 02:38:03,Desktop,,Email,Fashion,0.0,Yes
USR09983,SES09983,add to cart,2025-10-02 09:51:26,Tablet,East,Email,Home,,Yes
USR05673,SES05673,Browse,2025-10-17 15:45:18,Mobile,North,Organic,Fashion,0.0,Yes
USR05568,SES05568,Add to Cart,2025-10-30 12:11:41,Mobile,East,Organic,Sports,0.0,Yes
USR02704,SES02704,Browse,2025-10-16 02:42:39,Desktop,West,Google Ads,Electronics,0.0,Yes
USR04711,SES04711,Checkout,2025-10-24 02:06:51,Desktop,,Google Ads,Beauty,0.0,Yes
USR08988,SES08988,BROWSE,2025-10-28 14:17:34,Mobile,East,Google Ads,Home,0.0,Yes
USR05686,SES05686,add to cart,2025-10-23 18:22:02,Mobile,North,Email,Electronics,0.0,Yes
USR08303,SES08303,browse,2025-10-23 18:41:31,Mobile,North,Social Media,Electronics,0.0,Yes
USR05203,SES05203,Add to Cart,2025-10-28 18:53:22,Desktop,North,Google Ads,Sports,0.0,Yes
USR00981,SES00981,BROWSE,2025-10-15 19:07:28,Desktop,South,Email,Fashion,,No
USR01714,SES01714,Checkout,2025-10-18 07:12:24,Tablet,South,Organic  ,Sports,0.0,No
USR00035,SES00035,add to cart,2025-10-24 17:20:11,Desktop,South,Organic,Fashion,0.0,Yes
USR00751,SES00751,add to cart,2025-10-08 01:36:34,Desktop,North,Google Ads  ,Sports,0.0,Yes
USR09084,SES09084,BROWSE,2025-10-25 23:38:57,Desktop,East,Social Media,Sports,0.0,Yes
USR03571,SES03571,ADD TO CART,2025-10-04 12:03:35,Desktop,West,Google Ads  ,Beauty,0.0,Yes
USR02894,SES02894,Add to Cart,2025-10-05 03:33:23,Desktop,South,Email,Fashion,0.0,No
USR05875,SES05875,Checkout,2025-10-17 20:36:50,Mobile,East,Social Media,Fashion,0.0,No
USR08139,SES08139,Add to Cart,2025-10-05 03:57:16,Tablet,,Social Media,Home,0.0,No
USR03440,SES03440,Browse,2025-10-20 15:06:38,Tablet,East,Email,Fashion,0.0,No
USR01409,SES01409,add to cart,2025-10-24 11:56:12,Tablet,North,Social Media  ,Electronics,0.0,Yes
USR04681,SES04681,add to cart,2025-10-03 11:53:43,Mobile,West,Email,Beauty,0.0,Yes
USR05928,SES05928,Browse,2025-10-10 09:34:02,Tablet,South,Email  ,Sports,,Yes
USR00237,SES00237,Purchase,2025-10-24 21:42:55,Desktop,South,Email,Beauty,1696.7,No
USR06025,SES06025,Browse,2025-10-14 14:33:01,Tablet,North,Organic,Sports,0.0,No
USR06561,SES06561,add to cart,2025-10-06 08:14:27,Desktop,North,Email,Home,0.0,Yes
USR02399,SES02399,Add to Cart,2025-10-23 17:11:40,Tablet,East,Organic,Electronics,0.0,No
USR08774,SES08774,add to cart,10/20/2025,Mobile,,Organic,Electronics,0.0,Yes
USR05327,SES05327,Checkout,2025-10-05 19:58:03,Tablet,South,Email,Beauty,0.0,No
USR03163,SES03163,PURCHASE,2025-10-09 09:36:06,Desktop,West,Social Media,Home,1097.33,No
USR03299,SES03299,Browse,2025-10-20 13:11:22,Tablet,South,Email,Home,0.0,Yes
USR03222,SES03222,add to cart,2025-10-12 19:15:38,Desktop,North,Organic  ,Beauty,0.0,Yes
USR02187,SES02187,browse,2025-10-16 19:15:48,Mobile,,Email,Electronics,0.0,Yes
USR06719,SES06719,Browse,2025-10-14 11:55:49,Tablet,North,Social Media,Sports,,Yes
USR09087,SES09087,browse,2025-10-11 16:44:54,Tablet,East,Organic,Sports,0.0,Yes
USR00442,SES00442,Add to Cart,2025-10-21 02:59:08,Mobile,West,Social Media,Home,0.0,Yes
USR06175,SES06175,browse,2025-10-19 15:04:50,Tablet,,Email,Sports,0.0,Yes
USR02974,SES02974,Browse,2025-10-10 19:55:06,Desktop,North,Social Media  ,Electronics,0.0,Yes
USR01143,SES01143,checkout,2025-10-16 10:21:46,Mobile,East,Email,Beauty,0.0,Yes
USR06371,SES06371,browse,2025-10-05 10:35:58,Mobile,North,Organic,Beauty,0.0,Yes
USR00642,SES00642,Browse,2025-10-21 07:14:15,Desktop,West,Google Ads,Electronics,0.0,Yes
USR03204,SES03204,Browse,2025-10-22 09:45:14,Mobile,West,Social Media,Electronics,0.0,Yes
USR03995,SES03995,Browse,2025-10-25 22:07:08,Mobile,East,Google Ads,Home,0.0,Yes
USR05760,SES05760,BROWSE,2025-10-12 11:57:12,Tablet,North,Email,Beauty,0.0,Yes
USR04745,SES04745,Add to Cart,10/20/2025,Tablet,East,Organic,Home,0.0,Yes
USR00762,SES00762,Browse,2025-10-22 06:45:00,,East,Email,Home,0.0,Yes
USR04783,SES04783,Browse,2025-10-23 04:27:53,Desktop,West,Email,Sports,,Yes
USR02014,SES02014,BROWSE,2025-10-09 05:24:48,,East,Social Media  ,Home,0.0,Yes
USR07587,SES07587,ADD TO CART,2025-10-14 10:14:47,Desktop,West,Organic,Beauty,0.0,Yes
USR00215,SES00215,ADD TO CART,2025-10-26 23:23:42,Desktop,,Email,Electronics,0.0,No
USR04142,SES04142,Browse,2025-10-28 20:28:31,Mobile,South,Organic,Sports,0.0,Yes
USR09298,SES09298,ADD TO CART,2025-10-10 19:40:34,,North,Organic,Electronics,0.0,No
USR01249,SES01249,ADD TO CART,2025-10-20 10:52:02,Tablet,East,Google Ads,Beauty,0.0,Yes
USR07009,SES07009,Add to Cart,2025-10-03 00:26:50,Mobile,West,Organic,Beauty,0.0,Yes
USR04733,SES04733,BROWSE,2025-10-27 21:08:47,Desktop,South,Email,Beauty,0.0,Yes
USR03901,SES03901,Browse,10/20/2025,Desktop,West,Organic,Electronics,0.0,Yes
USR03801,SES03801,Add to Cart,10/20/2025,Desktop,South,Email,Sports,0.0,Yes
USR02645,SES02645,Browse,2025-10-17 00:33:55,Mobile,South,Email,Fashion,0.0,No
USR07650,SES07650,checkout,2025-10-27 22:05:55,Desktop,West,Social Media,Sports,0.0,Yes
USR01173,SES01173,ADD TO CART,2025-10-08 22:22:08,Mobile,,Google Ads,Sports,0.0,Yes
USR07849,SES07849,Browse,2025-10-05 21:31:44,Tablet,West,Social Media,Home,0.0,Yes
USR04768,SES04768,Browse,2025-10-19 12:18:48,Mobile,West,Google Ads,Beauty,0.0,Yes
USR00441,SES00441,ADD TO CART,2025-10-17 11:22:42,Tablet,East,Google Ads,Beauty,0.0,Yes
USR04286,SES04286,add to cart,2025-10-02 06:55:53,Tablet,West,Email,Beauty,0.0,Yes
USR04130,SES04130,Browse,2025-10-18 17:59:51,Desktop,South,Organic,Sports,0.0,No
USR07883,SES07883,Add to Cart,2025-10-14 15:03:04,Desktop,North,Organic,Beauty,0.0,Yes
USR04725,SES04725,PURCHASE,2025-10-23 19:02:15,Tablet,West,Google Ads,Electronics,286.61,No
USR01086,SES01086,Checkout,2025-10-17 13:34:19,Mobile,West,Social Media,Fashion,,Yes
USR08260,SES08260,Browse,2025-10-23 00:54:22,Tablet,West,Google Ads,Sports,0.0,Yes
USR08571,SES08571,Add to Cart,2025-10-04 17:14:05,Mobile,South,Social Media,Electronics,0.0,Yes
USR04592,SES04592,Browse,2025-10-05 18:29:19,Desktop,East,Email,Fashion,0.0,Yes
USR03833,SES03833,BROWSE,2025-10-11 23:07:03,Tablet,North,Google Ads  ,Electronics,0.0,Yes
USR08605,SES08605,Browse,2025-10-17 22:35:32,Tablet,North,Email,Electronics,0.0,Yes
USR06242,SES06242,Browse,2025-10-13 20:12:04,Tablet,West,Social Media  ,Home,0.0,Yes
USR02130,SES02130,Browse,2025-10-21 16:37:53,Mobile,East,Organic,Electronics,,Yes
USR05610,SES05610,add to cart,2025-10-05 05:47:59,,North,Social Media,Fashion,0.0,Yes
USR02896,SES02896,Add to Cart,2025-10-13 11:55:48,Mobile,South,Social Media,Sports,0.0,Yes
USR04692,SES04692,Add to Cart,2025-10-11 13:33:25,Tablet,East,Google Ads  ,Beauty,0.0,No
USR05042,SES05042,Browse,2025-10-13 11:57:58,Mobile,South,Email,Electronics,0.0,Yes
USR01630,SES01630,BROWSE,2025-10-16 19:42:21,Tablet,East,Google Ads,Fashion,0.0,Yes
USR03822,SES03822,BROWSE,2025-10-03 18:59:08,,North,Social Media,Sports,0.0,Yes
USR03761,SES03761,add to cart,2025-10-03 07:08:21,Desktop,West,Google Ads,Home,0.0,Yes
USR03377,SES03377,ADD TO CART,2025-10-10 22:49:04,,West,Organic  ,Sports,0.0,No
USR09447,SES09447,Purchase,2025-10-15 13:11:40,Desktop,East,Social Media,Fashion,1953.17,No
USR09046,SES09046,Browse,2025-10-25 16:18:26,Mobile,,Organic,Beauty,0.0,Yes
USR03873,SES03873,browse,2025-10-25 17:46:12,Tablet,North,Email,Electronics,0.0,Yes
USR05847,SES05847,Add to Cart,2025-10-14 21:06:16,Desktop,East,Organic,Home,0.0,Yes
USR03328,SES03328,Add to Cart,2025-10-03 06:06:08,Mobile,East,Organic,Sports,,Yes
USR09919,SES09919,Browse,2025-10-05 06:41:36,Tablet,East,Google Ads,Fashion,0.0,Yes
USR09363,SES09363,Browse,2025-10-17 11:51:15,Desktop,East,Social Media,Sports,,Yes
USR01206,SES01206,Checkout,2025-10-31 04:50:43,Mobile,North,Social Media,Fashion,0.0,Yes
USR07371,SES07371,Browse,2025-10-09 22:54:38,Tablet,North,Email,Fashion,0.0,Yes
USR00832,SES00832,Browse,2025-10-24 22:31:19,Mobile,,Social Media,Electronics,0.0,Yes
USR00712,SES00712,Add to Cart,2025-10-07 09:58:47,Desktop,East,Organic,Sports,0.0,Yes
USR02024,SES02024,Browse,2025-10-18 16:37:39,Desktop,East,Organic,Electronics,0.0,Yes
USR07839,SES07839,Browse,2025-10-12 10:38:18,,South,Email  ,Fashion,0.0,Yes
USR09199,SES09199,add to cart,2025-10-13 08:59:25,Tablet,East,Organic,Beauty,0.0,No
USR09011,SES09011,Add to Cart,2025-10-11 19:03:15,Desktop,South,Organic  ,Home,0.0,Yes
USR04962,SES04962,CHECKOUT,2025-10-27 11:54:07,Tablet,North,Social Media,Beauty,0.0,Yes
USR08928,SES08928,Browse,10/20/2025,Desktop,East,Google Ads,Beauty,0.0,Yes
USR05808,SES05808,add to cart,2025-10-18 14:28:32,Desktop,West,Organic,Sports,0.0,Yes
USR02722,SES02722,Checkout,2025-10-09 14:48:25,Mobile,North,Social Media,Beauty,0.0,Yes
USR04191,SES04191,BROWSE,2025-10-02 05:08:13,Desktop,South,Social Media,Electronics,0.0,Yes
USR09045,SES09045,checkout,2025-10-06 19:42:40,Mobile,East,Email,Home,0.0,Yes
USR01491,SES01491,Browse,2025-10-02 08:55:13,,,Organic,Sports,0.0,Yes
USR01416,SES01416,add to cart,2025-10-13 12:28:07,Mobile,,Organic,Beauty,0.0,Yes
USR06176,SES06176,Browse,2025-10-02 09:56:14,Tablet,East,Email,Beauty,0.0,Yes
USR02785,SES02785,BROWSE,10/20/2025,Mobile,West,Social Media,Beauty,,Yes
USR01372,SES01372,ADD TO CART,2025-10-25 21:30:01,Mobile,West,Email  ,Electronics,0.0,Yes
USR04766,SES04766,add to cart,2025-10-06 03:33:12,Mobile,East,Social Media,Sports,0.0,No
USR03586,SES03586,Add to Cart,2025-10-20 16:37:42,Tablet,North,Email,Fashion,,Yes
USR07208,SES07208,Purchase,2025-10-24 03:59:54,Desktop,East,Social Media,Fashion,477.58,No
USR05902,SES05902,Checkout,2025-10-07 11:31:22,Tablet,South,Organic,Fashion,,Yes
USR02280,SES02280,browse,2025-10-11 01:08:31,Desktop,West,Organic,Sports,0.0,Yes
USR09754,SES09754,Browse,2025-10-18 13:02:29,Mobile,North,Email  ,Home,0.0,Yes
USR09650,SES09650,Add to Cart,2025-10-22 07:39:03,Desktop,East,Google Ads,Sports,0.0,No
USR03283,SES03283,Browse,2025-10-09 19:32:46,Mobile,West,Google Ads  ,Electronics,0.0,Yes
USR01502,SES01502,Add to Cart,10/20/2025,Mobile,West,Email,Sports,0.0,Yes
USR01098,SES01098,Browse,2025-10-25 23:02:10,Mobile,,Email,Electronics,0.0,Yes
USR02738,SES02738,Browse,2025-10-11 14:43:49,Desktop,,Google Ads,Home,0.0,Yes
USR08178,SES08178,Browse,2025-10-26 07:47:14,Desktop,,Email,Beauty,0.0,Yes
USR00373,SES00373,browse,2025-10-03 14:12:19,Desktop,North,Email,Fashion,-99.99,Yes
USR03631,SES03631,ADD TO CART,2025-10-08 11:24:32,,South,Email,Fashion,0.0,Yes
USR06856,SES06856,add to cart,2025-10-24 03:43:26,Tablet,East,Email,Electronics,,Yes
USR05175,SES05175,BROWSE,2025-10-13 09:11:15,Tablet,,Social Media,Fashion,0.0,Yes
USR05440,SES05440,checkout,2025-10-16 10:51:14,Tablet,South,Email,Electronics,,Yes
USR06746,SES06746,Add to Cart,2025-10-21 03:11:23,Mobile,East,Organic,Electronics,0.0,Yes
USR00368,SES00368,ADD TO CART,2025-10-04 05:56:39,Desktop,,Social Media,Beauty,0.0,Yes
USR00361,SES00361,BROWSE,2025-10-16 15:07:53,Desktop,South,Google Ads,Electronics,0.0,Yes
USR06667,SES06667,BROWSE,2025-10-29 15:49:21,Mobile,,Social Media,Beauty,0.0,Yes
USR04830,SES04830,Checkout,2025-10-09 10:59:11,Mobile,North,Email,Electronics,0.0,Yes
USR04896,SES04896,add to cart,2025-10-19 13:30:37,Tablet,East,Organic,Fashion,0.0,Yes
USR04648,SES04648,BROWSE,2025-10-05 03:38:40,,West,Organic,Electronics,-99.99,Yes
USR09164,SES09164,Checkout,2025-10-31 04:36:25,Mobile,South,Social Media,Sports,0.0,Yes
USR05006,SES05006,Browse,2025-10-03 06:11:02,Tablet,North,Google Ads,Sports,0.0,Yes
USR03296,SES03296,Browse,2025-10-22 00:50:15,Desktop,West,Organic,Fashion,0.0,Yes
USR05397,SES05397,ADD TO CART,2025-10-25 11:59:34,Tablet,East,Social Media,Fashion,0.0,Yes
USR02805,SES02805,Purchase,2025-10-21 02:33:02,Desktop,West,Email,Electronics,1702.6,No
USR08208,SES08208,browse,2025-10-05 12:56:44,Tablet,East,Social Media,Beauty,0.0,Yes
USR04064,SES04064,ADD TO CART,2025-10-13 20:41:42,Mobile,North,Social Media,Fashion,0.0,No
USR04675,SES04675,Add to Cart,2025-10-29 03:01:34,Mobile,East,Google Ads,Home,0.0,Yes
USR00021,SES00021,Browse,2025-10-08 22:04:33,Desktop,South,Social Media,Fashion,0.0,Yes
USR05648,SES05648,Checkout,2025-10-17 01:25:28,Tablet,West,Organic,Beauty,0.0,Yes
USR07035,SES07035,Checkout,2025-10-23 10:06:19,Mobile,East,Email,Fashion,0.0,No
USR06785,SES06785,ADD TO CART,2025-10-25 10:15:34,Mobile,North,Social Media,Sports,0.0,Yes
USR01714,SES01714,purchase,2025-10-18 07:16:24,Desktop,West,Social Media,Electronics,1433.87,No
USR02741,SES02741,checkout,2025-10-11 18:18:11,Tablet,North,Google Ads,Fashion,0.0,Yes
USR06096,SES06096,Add to Cart,2025-10-07 14:29:29,Mobile,West,Organic,Sports,0.0,Yes
USR00903,SES00903,Browse,2025-10-06 08:04:12,Mobile,South,Email  ,Sports,0.0,Yes
USR02569,SES02569,CHECKOUT,2025-10-24 05:09:10,Desktop,South,Social Media,Beauty,,Yes
USR05647,SES05647,BROWSE,2025-10-20 09:51:13,Mobile,West,Social Media  ,Fashion,0.0,Yes
USR09456,SES09456,Add to Cart,2025-10-07 11:50:45,Mobile,North,Social Media,Beauty,0.0,Yes
USR07000,SES07000,Checkout,2025-10-10 00:25:15,Desktop,North,Email,Sports,0.0,Yes
USR06883,SES06883,Add to Cart,2025-10-16 04:26:28,Desktop,,Organic,Beauty,0.0,Yes
USR09306,SES09306,Browse,2025-10-23 22:44:59,,North,Organic,Fashion,0.0,Yes
USR04472,SES04472,Checkout,2025-10-05 13:17:12,Mobile,North,Organic,Home,0.0,No
USR09656,SES09656,checkout,2025-10-18 12:29:31,Desktop,West,Organic  ,Sports,0.0,Yes
USR00335,SES00335,checkout,2025-10-14 17:23:56,Desktop,West,Email  ,Sports,0.0,Yes
USR07589,SES07589,add to cart,2025-10-10 14:08:21,Mobile,South,Google Ads,Home,,No
USR09091,SES09091,ADD TO CART,2025-10-13 15:45:14,Desktop,North,Google Ads  ,Electronics,0.0,Yes
USR02227,SES02227,BROWSE,2025-10-15 08:02:09,Mobile,East,Organic,Home,0.0,Yes
USR07705,SES07705,Browse,2025-10-05 04:42:34,,West,Organic,Fashion,0.0,No
USR01063,SES01063,ADD TO CART,2025-10-16 03:54:23,Tablet,West,Google Ads,Fashion,0.0,Yes
USR04324,SES04324,Browse,2025-10-11 00:55:37,Desktop,East,Organic,Beauty,,Yes
USR05373,SES05373,browse,2025-10-09 06:41:13,Mobile,East,Google Ads,Beauty,,Yes
USR06623,SES06623,Checkout,2025-10-06 21:26:03,Mobile,West,Organic,Electronics,0.0,Yes
USR02666,SES02666,Browse,2025-10-21 10:56:23,Desktop,West,Email,Beauty,0.0,No
USR04850,SES04850,Browse,2025-10-07 02:03:14,Tablet,West,Social Media  ,Sports,-99.99,No
USR02012,SES02012,Browse,2025-10-24 10:53:35,,West,Email,Electronics,0.0,Yes
USR03299,SES03299,Add to Cart,2025-10-20 13:14:22,Mobile,West,Google Ads,Home,0.0,Yes
USR07773,SES07773,add to cart,2025-10-26 05:35:11,Desktop,West,Email,Home,0.0,Yes
USR07326,SES07326,Add to Cart,2025-10-15 09:03:37,Mobile,North,Organic  ,Sports,0.0,Yes
USR08067,SES08067,Browse,2025-10-19 01:49:45,Tablet,South,Organic,Sports,0.0,Yes
USR07532,SES07532,add to cart,2025-10-27 05:18:48,Desktop,North,Social Media,Sports,,Yes
USR02579,SES02579,Browse,2025-10-31 07:58:03,Desktop,South,Social Media,Home,0.0,Yes
USR04350,SES04350,Add to Cart,2025-10-18 06:56:03,Mobile,South,Email,Beauty,0.0,Yes
USR01229,SES01229,Browse,2025-10-29 06:50:20,Tablet,East,Google Ads,Electronics,0.0,Yes
USR07370,SES07370,browse,2025-10-24 10:12:00,Tablet,,Organic,Home,0.0,Yes
USR03752,SES03752,Browse,2025-10-04 16:50:15,Mobile,North,Social Media,Fashion,0.0,Yes
USR06439,SES06439,Browse,2025-10-17 07:11:31,Tablet,West,Google Ads,Electronics,0.0,Yes
USR03489,SES03489,Browse,2025-10-28 03:43:17,Mobile,South,Organic,Beauty,0.0,Yes
USR06197,SES06197,Checkout,2025-10-13 14:28:36,Tablet,East,Google Ads,Electronics,0.0,Yes
USR03994,SES03994,BROWSE,2025-10-27 14:03:25,Desktop,East,Organic,Sports,0.0,No
USR03460,SES03460,browse,2025-10-22 13:25:26,Desktop,East,Email,Beauty,0.0,No
USR09746,SES09746,Add to Cart,2025-10-25 19:12:03,Mobile,,Email,Fashion,0.0,No
USR07683,SES07683,add to cart,2025-10-26 22:45:58,Mobile,West,Social Media,Fashion,0.0,Yes
USR01565,SES01565,ADD TO CART,2025-10-13 13:35:15,Mobile,North,Google Ads,Home,0.0,No
USR01408,SES01408,Checkout,2025-10-26 01:02:38,Tablet,West,Organic,Beauty,0.0,Yes
USR03202,SES03202,Browse,2025-10-06 12:08:35,Tablet,North,Email,Home,0.0,Yes
USR07878,SES07878,BROWSE,2025-10-26 01:33:42,Desktop,North,Google Ads,Sports,0.0,Yes
USR01009,SES01009,Browse,2025-10-02 11:06:55,Tablet,,Social Media  ,Sports,0.0,Yes
USR06129,SES06129,Add to Cart,2025-10-29 21:56:10,Desktop,West,Google Ads,Fashion,-99.99,Yes
USR08305,SES08305,BROWSE,2025-10-27 03:47:20,,,Email  ,Home,0.0,Yes
USR06024,SES06024,Browse,2025-10-09 17:55:25,Tablet,South,Email,Home,0.0,Yes
USR01619,SES01619,checkout,2025-10-14 08:13:33,Tablet,West,Organic,Electronics,0.0,Yes
USR06854,SES06854,BROWSE,2025-10-30 15:21:45,Desktop,West,Google Ads,Beauty,,Yes
USR08931,SES08931,Browse,2025-10-05 15:33:45,Desktop,South,Email,Beauty,0.0,Yes
USR03514,SES03514,Checkout,2025-10-05 22:51:38,Desktop,East,Email  ,Fashion,0.0,No
USR03756,SES03756,checkout,10/20/2025,Desktop,South,Google Ads,Fashion,0.0,Yes
USR08268,SES08268,Browse,2025-10-08 04:56:12,Tablet,South,Google Ads,Home,0.0,Yes
USR01871,SES01871,CHECKOUT,2025-10-03 18:40:50,Mobile,North,Google Ads,Fashion,0.0,Yes
USR06756,SES06756,Browse,10/20/2025,Mobile,,Organic,Sports,0.0,No
USR09673,SES09673,checkout,2025-10-23 00:31:52,Desktop,West,Google Ads,Home,0.0,Yes
USR03951,SES03951,Browse,2025-10-21 22:47:29,Desktop,North,Email,Beauty,0.0,Yes
USR04906,SES04906,BROWSE,2025-10-12 21:06:51,Desktop,,Email,Beauty,0.0,Yes
USR06392,SES06392,add to cart,2025-10-31 05:46:27,Tablet,West,Social Media,Electronics,0.0,Yes
USR08823,SES08823,add to cart,2025-10-16 01:45:56,Desktop,North,Organic,Electronics,0.0,No
USR04114,SES04114,Checkout,2025-10-18 02:06:13,Tablet,South,Organic,Electronics,0.0,Yes
USR05700,SES05700,Add to Cart,2025-10-25 21:14:55,Desktop,,Google Ads,Fashion,0.0,Yes
USR05920,SES05920,Add to Cart,2025-10-02 08:30:36,Desktop,,Google Ads,Home,0.0,No
USR02859,SES02859,browse,2025-10-06 18:24:34,Mobile,North,Google Ads,Sports,0.0,No
USR06687,SES06687,Add to Cart,2025-10-02 11:05:53,,East,Social Media,Fashion,0.0,Yes
USR02551,SES02551,BROWSE,2025-10-25 05:53:33,Tablet,West,Organic,Home,,Yes
USR08190,SES08190,Checkout,2025-10-11 02:12:18,Mobile,North,Email,Electronics,0.0,Yes
USR06933,SES06933,Add to Cart,2025-10-25 18:20:06,Mobile,South,Social Media,Fashion,0.0,Yes
USR07600,SES07600,add to cart,2025-10-22 01:27:44,Mobile,West,Social Media,Home,0.0,Yes
USR04800,SES04800,Purchase,2025-10-10 10:09:01,Tablet,West,Organic,Electronics,1592.26,No
USR09831,SES09831,CHECKOUT,2025-10-21 05:23:28,Tablet,West,Organic,Electronics,0.0,Yes
USR02056,SES02056,BROWSE,2025-10-29 23:58:36,,North,Email,Beauty,0.0,Yes
USR09159,SES09159,Add to Cart,2025-10-27 12:06:50,Tablet,West,Email,Electronics,0.0,No
USR05677,SES05677,Browse,10/20/2025,,North,Email,Beauty,0.0,No
USR01768,SES01768,BROWSE,2025-10-28 04:01:13,Desktop,East,Organic,Sports,0.0,Yes
USR08230,SES08230,Add to Cart,2025-10-17 02:19:17,Tablet,West,Email,Electronics,0.0,Yes
USR07353,SES07353,ADD TO CART,2025-10-15 16:39:03,,South,Google Ads,Sports,0.0,Yes
USR01276,SES01276,Browse,2025-10-19 14:25:37,Desktop,East,Email,Fashion,0.0,Yes
USR07943,SES07943,ADD TO CART,2025-10-12 02:25:15,Mobile,West,Google Ads,Fashion,,Yes
USR06656,SES06656,Browse,2025-10-23 03:12:26,Desktop,South,Social Media,Beauty,0.0,Yes
USR04280,SES04280,Add to Cart,2025-10-26 22:08:22,Desktop,West,Google Ads  ,Fashion,,Yes
USR09786,SES09786,Browse,2025-10-11 08:04:37,Mobile,South,Social Media,Sports,0.0,No
USR02766,SES02766,BROWSE,2025-10-23 18:56:25,Tablet,South,Organic,Fashion,0.0,Yes
USR08545,SES08545,browse,2025-10-16 21:55:47,Mobile,North,Social Media,Sports,0.0,Yes
USR07760,SES07760,Purchase,2025-10-12 17:42:12,,West,Social Media,Sports,,No
USR00267,SES00267,Purchase,2025-10-03 20:04:59,Mobile,West,Social Media,Fashion,1181.28,No
USR04387,SES04387,BROWSE,2025-10-25 11:21:45,,East,Google Ads,Electronics,0.0,Yes
USR05485,SES05485,ADD TO CART,2025-10-02 06:34:16,Mobile,North,Social Media,Sports,0.0,Yes
USR03699,SES03699,Browse,2025-10-23 19:10:23,Desktop,North,Social Media,Home,0.0,Yes
USR08585,SES08585,Add to Cart,2025-10-25 11:59:35,,West,Social Media,Beauty,0.0,Yes
USR06506,SES06506,Checkout,2025-10-14 06:09:33,Desktop,East,Social Media,Electronics,,Yes
USR00543,SES00543,Add to Cart,2025-10-17 03:16:15,Mobile,West,Organic,Fashion,0.0,Yes
USR02706,SES02706,Browse,2025-10-03 17:58:17,Mobile,East,Email  ,Fashion,0.0,Yes
USR00612,SES00612,Browse,2025-10-26 00:44:51,Desktop,West,Google Ads,Beauty,0.0,Yes
USR02291,SES02291,Add to Cart,2025-10-02 20:34:36,Desktop,East,Google Ads,Sports,0.0,Yes
USR04611,SES04611,Checkout,2025-10-10 06:12:06,Tablet,South,Organic,Sports,0.0,Yes
USR09777,SES09777,Browse,2025-10-02 23:33:03,,East,Social Media,Fashion,0.0,No
USR09560,SES09560,add to cart,2025-10-22 02:56:22,Mobile,South,Google Ads,Home,0.0,No
USR06707,SES06707,Browse,2025-10-02 07:40:03,Tablet,West,Google Ads,Fashion,0.0,Yes
USR01159,SES01159,Browse,2025-10-29 05:43:55,Desktop,North,Organic,Sports,0.0,Yes
USR08331,SES08331,add to cart,2025-10-05 02:11:09,Mobile,East,Email,Sports,,Yes
USR03368,SES03368,purchase,2025-10-17 15:53:12,Desktop,North,Organic,Beauty,723.9,No
USR06221,SES06221,Browse,2025-10-11 01:30:17,Mobile,West,Email,Home,0.0,Yes
USR00282,SES00282,add to cart,2025-10-07 00:23:40,Mobile,,Google Ads,Sports,,Yes
USR00624,SES00624,browse,2025-10-05 21:00:28,Desktop,West,Google Ads,Electronics,0.0,Yes
USR02515,SES02515,Add to Cart,2025-10-18 02:57:17,Mobile,North,Social Media  ,Sports,0.0,No
USR03361,SES03361,Add to Cart,2025-10-28 14:45:31,,West,Google Ads,Fashion,0.0,Yes
USR08424,SES08424,Add to Cart,2025-10-21 02:26:01,Desktop,West,Social Media,Fashion,0.0,Yes
USR01439,SES01439,Browse,2025-10-05 23:52:15,Desktop,East,Google Ads,Fashion,0.0,Yes
USR01910,SES01910,Browse,2025-10-12 02:36:07,Mobile,North,Google Ads,Sports,0.0,Yes
USR07195,SES07195,Add to Cart,10/20/2025,Desktop,East,Organic,Home,0.0,Yes
USR07412,SES07412,Add to Cart,2025-10-02 00:21:32,Desktop,,Email,Fashion,0.0,No
USR09678,SES09678,Checkout,2025-10-09 03:53:12,Tablet,East,Social Media  ,Sports,0.0,No
USR09031,SES09031,add to cart,2025-10-10 04:39:37,Desktop,East,Social Media,Fashion,0.0,Yes
USR07838,SES07838,Add to Cart,2025-10-24 13:44:52,Desktop,West,Google Ads,Fashion,0.0,Yes
USR04633,SES04633,add to cart,2025-10-29 13:56:09,Tablet,North,Email,Sports,0.0,Yes
USR06015,SES06015,Browse,2025-10-29 21:58:23,Desktop,East,Social Media,Fashion,0.0,Yes
USR08909,SES08909,BROWSE,2025-10-25 00:03:19,,South,Email,Home,0.0,Yes
USR02384,SES02384,ADD TO CART,2025-10-05 06:12:25,Mobile,West,Google Ads,Sports,,No
USR05799,SES05799,Browse,2025-10-10 18:20:53,Tablet,West,Google Ads,Sports,0.0,Yes
USR01548,SES01548,Add to Cart,2025-10-07 00:05:09,Tablet,North,Google Ads,Beauty,0.0,No
USR01250,SES01250,browse,2025-10-07 04:37:08,Mobile,North,Email,Home,0.0,Yes
